codigo,titulo,diretor,pais,ano,duracao,produtora,festivais,premios,data_lancamento,tipo_duracao
148,Amarelo manga,Cl&aacute;udio Assis,Brasil,2003,100,Olhos de Cão Produções Cinematográficas,Não informado,"- Melhor Filme - Fórum do Novo Cinema, concedido pela Federação Internacional dos Cinemas de Arte (CICAE) - 53o Festival de Berlim - Alemanha (2003)- Melhor Filme - 15o Festival de Cinema Latino-Americano de Toulouse - França (2003)- Melhor Filme de Diretor Estreante - Opera Prima - 25o Festival Internacional del Nuevo Cine Latinoamericano - Havana, Cuba (2003)- Melhor Filme e Melhor Ator - 7º Festival de Cinema Luso Brasileiro de Santa Maria da Feira - Portugal (2003)- Melhor Filme, Melhor Filme na escolha da Crítica, Melhor Filme na escolha do Público, Melhor Ator, Melhor Fotografia e Melhor Montagem - 35o Festival de Brasília - Brasil (2002)- Melhor Filme, Melhor Direção, Melhor Roteiro, Melhor Fotografia, Melhor Direção de Arte, Melhor Figurino, Melhor Música, Melhor Ator, Melhor Atriz, Melhor Montagem - 13o CineCeará - Brasil (2003)- Melhor Fotografia - 7o Festival de Cinema Brasileiro de Miami - EUA (2003)- Melhor Diretor e Melhor Montagem - APCA - Associação Paulista de Críticos de Arte - São Paulo, Brasil (2003)- Melhor Filme na escolha do público - Festival SESC dos Melhores Filmes - São Paulo, Brasil (2003)- Melhor Fotografia - Grande Prêmio TAM do Cinema Brasileiro - Rio de Janeiro, Brasil (2004)",2003-08-15,Longa-metragem
149,A canga,Marcus Vilar,Brasil,2000,12,Não informado,Não informado,"-Prêmio Especial do Júri no Festival de Cinema de Santa Maria da Feira, em Portugal, realizado em abril de 2001.-Melhor filme no Cine Ceará, realizado em junho de 2001-Melhor Música, Prêmio Aquisição Canal Brasil e Júri Popular, no Festival de Cinema de Gramado, realizado em agosto de 2001-Prêmio da ABD-SP, Prêmio Menção Honrosa da TV Cultura, e Prêmio do Júri Popular, no Festival Internacional de Curtas-Metragens de São Paulo, realizado em agosto de 2001.-Melhor fotografia, Melhor adaptação Literária e Prêmio Glauber Rocha - Melhor da Jornada, na Jornada de Cinema da Bahia, realizado em setembro de 2001-Prêmio Aquisição do Ministério da Cultura, no Festival de Cinema de Vitória, realizado em outubro de 2001-Prêmio de Melhor Direção, no Festival de Cinema de Cuiabá, realizado em novembro de 2001.-Prêmio de Melhor Direção, no Festival de Cinema de Recife, realizado em abril de 2002.-Prêmio de Melhor filme, no Festival de Cinema de Florianópolis, realizado em maio de 2002.-Prêmio de Melhor filme, no Festival Internacional do Meio Ambiente, realizado em maio de 2002,  na cidade de Goiás Velho, Goiás. -Prêmio de Melhor Direção, no Festival Internacional  de Cinema Brasileiro, em Miami, realizado em maio de 2002.",,Curta-metragem
150,"Batismo de Carmencita, 25 de junho de 1921",Autoria desconhecida,Brasil,1921,2,Não informado,Não informado,Não informado,,Curta-metragem
151,Exemplo regenerador,Jos&eacute; Medina,Brasil,1919,7,Não informado,Não informado,Não informado,,Curta-metragem
152,Brasilianas: Aboio e Cantigas,Humberto Mauro,Brasil,1954,10,Não informado,Não informado,Não informado,,Curta-metragem
153,"Brasilianas: Canções Populares - ""Chuá Chuá..."" e ""Casinha Pequenina""",Humberto Mauro,Brasil,1945,7,Não informado,Não informado,Não informado,,Curta-metragem
154,Alma carioca - Um choro de menino,William C&ocirc;go,Brasil,2002,5,Não informado,Não informado,Não informado,,Curta-metragem
155,"Brasilianas: Canções Populares - ""Azulão"" e ""O Pinhal""",Humberto Mauro,Brasil,1948,8,Não informado,Não informado,Não informado,,Curta-metragem
156,Cafuné,Bruno Vianna,Brasil,2006,71,Não informado,Não informado,Não informado,,Longa-metragem
157,Disfarce explosivo,M&aacute;rio Galindo,Brasil,2000,7,Não informado,Não informado,"-5º Festival de Cinema, Vídeo e Dcine de Curitiba  - Melhor Filme pelo Voto do Júri Popular  -9º Anima Mundi - Rio de Janeiro - 2º Melhor Animação Infantil-9º Anima Mundi - São Paulo - 3º Melhor Animação Infantil-9º Anima Mundi - Rio/São Paulo - Prêmio CTAV Melhor Filme Brasileiro",,Curta-metragem
158,Brasilianas: Cantos de Trabalho - Música Folclórica Brasileira,Humberto Mauro,Brasil,1955,10,Não informado,Não informado,Não informado,,Curta-metragem
159,Mina de fé,Luciana Bezerra,Brasil,2003,15,Não informado,Não informado,Não informado,,Curta-metragem
160,Brasilianas: Engenhos e Usinas - Música Folclórica Brasileira,Humberto Mauro,Brasil,1955,8,Não informado,Não informado,Não informado,,Curta-metragem
161,Bete Balanço,Lael Rodrigues,Brasil,1984,72,Não informado,Não informado,"-Prêmio Air France de Cinema de Melhor atriz para Bloch, Débora, 1984, RJ.",,Longa-metragem
162,Brasilianas: Manhã na Roça - Carro de Bois,Humberto Mauro,Brasil,1956,8,Não informado,Não informado,Não informado,,Curta-metragem
163,Brasilianas: Meus Oito Anos - Canto Escolar,Humberto Mauro,Brasil,1956,11,Não informado,Não informado,Não informado,,Curta-metragem
164,O chamado de Deus,Jos&eacute; Joffily,Brasil,2000,80,Não informado,Não informado,-Prêmio Margarida de Prata - Confederação Nacional dos Bispos do Brasil-Festival de Brasília - Melhor Documentário e Melhor Montagem,,Longa-metragem
165,Estorvo,Ruy Guerra,Brasil,1998,95,Não informado,Não informado,"-Melhor Fotografia, Melhor Trilha Musical e Prêmio RGE de Melhor Fotografia - Festival de Gramado 2000-Melhor Direção - Festival de Huelva 2000-Melhor Direção e Melhor Fotografia - Assoc. de Críticos de Arte de SP 2000",,Longa-metragem
166,Samba Riachão,Jorge Alfredo,Brasil,2001,86,Não informado,Não informado,"Festival de Brasília -Melhor filme (júri oficial), Melhor filme (júri popular), Melhor Montagem e Prêmio CinemarkÉ Tudo Verdade (2002)  - Prêmio Tv Cultura de Documentário",,Longa-metragem
449,Dedicatórias,Eduardo Vaisman,Brasil,1997,15,Não informado,Não informado,Não informado,,Curta-metragem
450,A vingança da bibliotecária,Santiago Dellape,Brasil,2005,5,Lumiô Filmes e Afonso Jr. Produções,Não informado,Não informado,,Curta-metragem
451,O livro,Aleques Eiterer,Brasil,1999,16,Não informado,Não informado,Não informado,,Curta-metragem
167,Acossada,Karen Akerman e Karen Black,Brasil,2005,7,Não informado,Não informado,-Melhor filme no Festival Cineesquemanovo,,Curta-metragem
168,O Catedrático do samba,Alessandro Gamo e Noel Carvalho,Brasil,1999,23,Não informado,Não informado,"-Prêmios de Contribuição Cultural e de Montagem no VI Festival Brasileiro de Cinema Universitário, Rio de Janeiro, 2001.",,Curta-metragem
169,O homem nu,Hugo Carvana,Brasil,1997,75,Não informado,Não informado,Não informado,,Longa-metragem
170,Isabel e o cachorro flautista,Christian Saghaard,Brasil,2004,14,Não informado,Não informado,"-Contemplado pelo Edital Curta Criança 2003, de Realização de Curtas Metragens com Temática Infanto-Juvenil - Promovido pelo MINCe TVE Rede Brasil.",,Curta-metragem
171,Fragmentos da vida,Jos&eacute; Medina,Brasil,1929,30,Não informado,Não informado,Não informado,,Média-metragem
172,Terra estrangeira,Walter Salles,Brasil,1995,100,Não informado,Não informado,"-Grande Prêmio do Público no Paris Internacional Film Forum, 1995 - FR. -Prêmio APCA, 1995, SP, de Melhor filme.-Melhor filme no Festival de Gramado, 23, 1995, RS.-Margarida de Prata, 1996, RJ, da Conferência Nacional dos Bispos do Brasil de Melhor Filme Nacional.-Grande Prêmio do Público e Prêmio Especial do Júri no Festival de Belfort - FR.-Grande Prêmio de Público no Festival de Bérgamo - IT.-Karibu Award no Cinema Novo Festival - BE.-Câmera de Prata no International Film Camara Festival - MK.-Melhor Roteiro no Festival de Providence - US.-Melhor Filme Ibero-Americano no Festival Cinematográfico Internacional do Uruguai - UY.",,Longa-metragem
173,Historietas assombradas (para crianças malcriadas),Victor-Hugo Borges,Brasil,2005,15,Glaz Entretenimento,---,"Finalista do Prix Jeunesse 2006, Munique, Alemanha (categoria Ficção, 7-11 anos). Melhor Animação (Júri Oficial), Vitória Cine Vídeo. Melhor Curta (Júri Popular), Melhor Animação (Júri Oficial) e Prêmio Quanta, Florianópolis Audiovisual Mercosul. Melhor Curta (Júri Oficial e Júri Popular Infantil), Goiânia Mostra Curtas. Prêmio Top Cuiabá (Prêmio do Público), Festival de Cinema e Vídeo de Cuiabá. Prêmio do Público (2º lugar) e Prêmio Aquisição Canal Brasil, Mostra de Cinema de Tiradentes. Melhor Curta e Melhor Animação, Mostra Audiovisual de Cambuquira. Melhor Som, Cine PE – Recife. Prêmio do Público, Prêmio CTAv, Prêmio Porta Curtas Petrobras e Prêmio ABD&C-RJ, Festival do Rio. Melhor Curta (Júri Popular), CineEsquemaNovo – Porto Alegre. Menção Honrosa (crítica), Curta Cinema – Rio de Janeiro. Prêmio do Público e Prêmio TV Cultura, Festival Internacional de Curtas Metragens de São Paulo. Seleção Oficial, Festival de Drama (Grécia). Seleção Oficial, Festival de Seul (Coréia do Sul). Seleção Oficial, Animadrid (Espanha). Melhor Animação, Cineport – Lagos (Portugal). Prêmio Fiesp – Melhor Curta Metragem do Cinema Paulista 2005. Melhor Animação Infantil, Granimado.",,Curta-metragem
174,Tudo é Brasil,Rog&eacute;rio Sganzerla,Brasil,1997,82,Não informado,Não informado,"-Festival de Brasilia 1998 - Melhor Montagem, Premio da Crítica e Pesquisa Histórica-Associação Paulista de Críticos de Arte (APCA) 1998 - Premio de Melhor Montagem",,Longa-metragem
175,O nordestino e o toque de sua lamparina,&Iacute;talo Maia,Brasil,1998,8,Não informado,Não informado,PRÊMIO ESPECIAL DO JÚRI3º FESTIVAL DE CINEMA NACIONAL DO RECIFE12 a 21/março/99  Recife/PePRÊMIO REVELAÇÃO5º VITÓRIA CINE VÍDEO16 a 21/novembro/98 - Vitória-EsMENÇÃO HONROSA26º FESTIVAL DE GRAMADO - CINEMA LATINO E BRASILEIRO8 a 16/agosto/98 - Gramado-RSMELHOR FILME DE ANIMAÇÃOVIII CINE CEARÁ - FESTIVAL NACIONAL DE CINEMA E VÍDEO29/maio a 4/junho/98 - Fortaleza-Ce,,Curta-metragem
176,Mitos do mondo: como surgiu a noite?,Andr&eacute;s Lieban,Brasil,2005,6,2D Lab/ Laboratorio de Desenhos,Não informado,"2005 - Anima Mundi - 3º Colocado, Animação Infantil, Juri Popular2005 - Chicago International Children’s Film Festival - 1º Colocado, Produção de Animação para TV, Juri Adulto",,Curta-metragem
177,Linguagem de Orson Welles,Rog&eacute;rio Sganzerla,Brasil,1991,15,Não informado,Não informado,Não informado,,Curta-metragem
178,O tamanho que não cai bem,Tadao Miaqui,Brasil,2001,9,Não informado,Não informado,-Prêmio Especial do Júri - 29º Festival de Gramado-Melhor Curta-Metragem Gaúcho - 29º Festival de Gramado-Prêmio de Melhor Animação - 5º Vide-Vídeo do Rio de Janeiro-Menção honrosa - 34º Festival de Cinema de Brasília-Prêmio Mejor Película Hecha por Niños y Jovenes - VI Festival de Cine Infantil de Ciudad de Guayana - Venezuela-Menção Honrosa - IV Mostra Taguatinga de Curta-Metragem,,Curta-metragem
179,Caçadores de Saci,Sofia Federico,Brasil,2005,13,Não informado,Não informado,Não informado,,Curta-metragem
445,Geraldo Filme,Carlos Cortez,Brasil,1998,52,Não informado,Não informado,Não informado,,Média-metragem
180,Maré capoeira,Paola Leblanc,Brasil,2005,15,Franco Produções,Não informado,Barrilete de Oro -  Mejor Documental - Festival Internacional de Cine para Niños - Buenos Aires 2006Prêmio do Jury Infantil - Hamburgo 2006Prêmio do Jury Infantil - Oberhausen 2006Prêmio Curta Criança - Minc/ TVE 2005,,Curta-metragem
181,Dona Cristina perdeu a memória,Ana Luiza Azevedo,Brasil,2002,13,Casa de Cinema de Porto Alegre,Não informado,"-8º Prêmio Iecine (Governo do Estado/ RS), 2000 - Apoio à Produção-30º Festival de Gramado, 2002 - Melhor Direção de Curta e Melhor Direção de Arte de Curta-13º Festival Internacional de Curtas de São Paulo, 2002 -  Destaque do Jurí Popular (entre 10 filmes mais votados) e Prêmio Aquisição Canal Brasil-35º Festival do Cinema Brasileiro de Brasília, 2002 - Melhor Curta (Prêmio da Crítica) e Prêmio ANDI Cinema pela Infância-3º Fluxus, Festival Internacional de Cinema na Internet, 2002 - Melhor E-cinema (ficção, experimental, vídeo-arte)-3º Prêmio APTC, 2002 - Melhor Filme, Melhor Direção e Melhor Roteiro-7º Cine PE - Festival do Audiovisual - Recife, 2003 - Melhor Filme e Melhor Direção, Prêmio ABD-12º Divercine - Festival Internacional de Cine para Ninõs, Montevideo, Uruguay, 2003 - Melhor Curta de ficção, Prêmio OCIC-2º Festival de Cinema e Vídeo de Campo Grande - Melhor curta-metragem (prêmio do juri popular)",,Curta-metragem
182,Rossi atualidades Nº126,Jos&eacute; Medina,Brasil,1926,4,Não informado,Não informado,Não informado,,Curta-metragem
183,Paisagem de meninos,Fernando Severo,Brasil,2003,25,Não informado,Não informado,"Festival de Cinema de Gramado (2003) :- Melhor Média-metragem- Melhor Roteiro- Melhor Ator         -    Prêmio Especial do Júri (Direção de Arte)Festival de Cinema, Vídeo e Dcine de Curitiba (2005) :       -  Melhor Filme do Festival dos Festivais.",,Curta-metragem
184,O prisioneiro da grade de ferro (Auto-retratos),Paulo Sacramento,Brasil,2004,123, Olhos de Cão Produções Cinematográficas,8º Festival Internacional de Documentários -É Tudo Verdade31º Festival de Cinema de Gramado60a. Mostra Internacionale d’Arte Cinematografica di Venezia (Itália)27º Festival des Films du Monde de Montreal (Canadá)Festival de Biarritz (França)Festival do RioFestival International de Documentários de Amsterdam (Holanda)Festival Internazionale Filmmaker - Milão (Itália)Forum Doc BHFestival Internacional del Nuevo Cine Latinoamericano - Havana (Cuba)Festival Internacional de Programmes Audiovisuels - FIPA (França)7a. Mostra de Cinema de Tiradentes 27th Goteborg Film Festival (Suécia)Human Rihts Watch (Suíça)Tessaloniki Documentary Festival (Grécia)Muestra de Cine Mexicano e Iberoamericano en Guadalajara (México)Rencontres Cinémas d'Amérique Latine deToulouse (França)The Amnesty Internacional Film Festival in Amsterdam(Holanda)International Film Festival of UruguayBuenos Aires Festival Internacional de Cine Independente (BACIFI) (Argentina)7º Festival de Málaga (Espanha) Enc Del Outro Cine Quito (Equador) 6º Festival de Cinéma Brésilien de Paris (França)Tribeca Film Festival (EUA)Festival de Cinema Brasileiro de MiamiPremiere Brasil – NY (EUA)Mostra de Cinema Brasileiro na América Latina (Cidade do México - México)8º Los Angeles Latino Internacional  Film Festival (LA) 4º Festival de Cinema Brasileiro em IsraelMostra de Cinema Brasileiro na América Latina (Lima – Perú)8º Encuentro Latinoamericano de Cine de Lima (Perú)Mostra de Cinema Brasileiro na América Latina (Buenos Aires - Argentina)Festival Internacional de HelsinkiReel Afirm. Festival (Washington) (EUA)Festival de Haifa / Israel20th Warsaw International Film Festival (Inglaterra)18TH Leeds International Film Festival (Inglaterra)Puerto Vallarta Film Festival of the Americas – (Mexico) 20º Festival Internacional de Cinema de Santa Bárbara (EUA)Festival Internacional de Cine Contemporâneo (México)1a. Mostra Cine Brasil ( Bogotá - Colômbia)Festivalíssimo (Montreal - Canadá)6º Festival Internacional de Lãs Palmas Gran Canarias (Espanha)Mostra Cinemateca Centro Galego de Arte da Imagem (Espanha)Festival Internacional de Cine Documental (Quito - Equador)New Brasil / The UK Brasilian Film Festival (Inglaterra)Ano do Brasil na França,"- Melhor Filme - Golden Owl Awards - Feature Film Competition  - 18º Leeds International Film Festival - Leeds, REINO UNIDO (2004)- Melhor Documentário - Diretor Estreante - 8º Los Angeles Latino International Film Festival - EUA (2004)- Melhor Diretor Estreante de Documentário - Tribeca Film Festival - New York, EUA (2004)- Melhor Documentário - 7º Festival de Málaga - Espanha (2004)- Menção Especial - Future Film Festival / Digital Awards - 60a. Mostra Internacionale d´Arte Cinematografica di Venezia ¬ Itália (2003)- Melhor Documentário - Prêmio da Crítica - 31º Festival de Cinema de Gramado - RS, Brasil (2003)- Medalha de Prata - Filmmaker Doc Festival - Itália (2003)- Melhor Filme Internacional, Melhor Filme Brasileiro, Prêmio ABD e Prêmio Ministério da Cultura - É Tudo Verdade - 8º Festival Internacional de Documentários - SP/RJ, Brasil (2003)- Prêmio Especial do Júri - Festival do Rio - RJ, Brasil (2003)- Melhor Diretor Estreante - APCA - Associação Paulista de Críticos de Arte, São Paulo (Brasil, 2004)",2004-04-16,Longa-metragem
443,Jorjão,Paulo Tiefenthaler,Brasil,2005,18,PAULO TIEFENTHALER,Não informado,Não informado,2005-01-11,Curta-metragem
185,Á João Guimarães Rosa,Marcelo G. Tassara,Brasil,1968,9,Não informado,Não informado,"-Melhor Filme de Curta-Metragem do V Festival de Brasília do Cinema Brasileiro - Brasília, DF - 1968-Melhor Filme de Curta-Metragem do Festival de Cinema de Carlos - São Carlos, SP - 1969-Melhor Filme de Curta-Metragem do I Festival de Cinema do Norte - Manaus, AM - 1969",,Curta-metragem
186,Abry,Joel Pizzini e Paloma Rocha,Brasil,2003,30,Não informado,Não informado,"Prêmio Tatu de Ouro - XXX Jornada da BahiaMelhor Vídeo no X Vitória Cine VídeoPrêmio de melhor curta no Festival É tudo Verdade, 2004Prêmio Margarida de Prata (CNBB) - Melhor filme documentário.",,Média-metragem
187,Alma corsária,Carlos Reichenbach,Brasil,1993,111,Dezenove Som e Imagem Produções,Não informado,"-Premio Del Trentennale para Melhor Filme na Mostra Internazionale del Nuovo Cinema, 30.. -Melhor Filme, Melhor Diretor, Melhor Montagem e Melhor Roteiro no Festival de Brasília, 26, 1993, Brasília - DF.",,Longa-metragem
188,Amar,Carlos Greg&oacute;rio,Brasil,1997,23,Não informado,Não informado,"-Melhor Roteiro no Festival de Gramado-Melhor Direção no RioCine Festival-Melhor Filme no Festival de Vitória-Melhor Direção, Roteiro e Júri Popular no Festival de Recife-Prêmio da Crítica no Festival de Curitiba-Melhor Roteiro no Festival de São Luiz-Melhor Direção no Festival de Cuibá.",,Curta-metragem
189,Cavalinho Azul,Eduardo Escorel,Brasil,1984,84,Não informado,Não informado,Não informado,,Longa-metragem
190,Portinholas,150 alunos da rede municipal de ensino de fundamental de Vit&oacute;ria - ES ,Brasil,2003,7,Não informado,Não informado,-IV Festival Brasileiro Estudantil de Animação - Animarte (RJ) - 2005 - 3º Lugar Júri Profissional/ Ensino Médio/Fundamental -26º Festival de Havana (Cuba) - 2004 - Menção Honrosa-Cine-Pe - Festival do Audiovisual (PE) - 2004 - Melhor Trilha Sonora Original e Prêmio Especial do Júri/Animação-FAM - 8º Florianópolis Audiovisual Mercosul (SC) - 2004 - Melhor Trilha Sonora Original e Melhor Animação em Curta-Metragem de 35mm-27º Festival Guarnicê (MA) - 2004 - Menção Honrosa,,Curta-metragem
191,Cidade oculta,Chico Botelho,Brasil,1986,75,Não informado,Não informado,"-Prêmio Sol de Ouro II Cine Rio Festival, 1986, RJ-Melhor Filme, Diretor, Ator Coadjuvante (Cláudio Mamberti) -Trilha Sonora, Música Origina, Melhor Fotografia, 1986.",,Longa-metragem
192,A hora da estrela,Suzana Amaral,Brasil,1985,96,Não informado,Não informado,INTERNACIONAIS:FESTIVAL INTERNACIONAL DE BERLIN - 1986Melhor Atriz : Marcélia CartaxoMenção Especial OCICMenção Especial Confederação Internacional CineclubesFESTIVAL INTERNACIONAL CRETEIL - 1986Melhor Direção : Suzana AmaralFESTIVAL DE HAVANA - 1986Melhor FilmeACADEMIA DE CINEMA ARTES E CIÊNCIAS DE HOLLYWOOD - 1986Indicado pelo Brasil para Competição de Melhor Filme EstrangeiroFESTIVAL DE CINEMA DOS PAISES DE LINGUA PORTUGUESA AVEIROS - 1988Melhor FilmeNACIONAIS:FESTIVAL DE BRASILIA - 1985Melhor FilmeMelhor Direção : Suzana AmaralMelhor Roteiro : Suzana Amaral/ Alfredo OrozMelhor Atriz : Marcélia CartaxoMelhor Ator : José DumontMelhor Montagem : Idê LacretaMelhor Cenografia : Clóvis BuenoMelhor Fotografia : Edgar MouraMelhor Trilha Sonora : Marcus ViniciusPrêmio da CríticaPrêmio do Júri PopularPrêmio OCICGOVERNADOR DO ESTADO DE SÃO PAULO - 1988Melhor Atriz : Marcélia CartaxoMelhor Direção : Suzana AmaralMelhor Montagem : Idê LacretaFESTIVAL DOS FESTIVAIS DE CINEMA BRASILEIRO DE NATAL - 1992Melhor Filme - Júri Popular,,Longa-metragem
452,O livro de Walachai,Rejane Zilles,Brasil,2007,15,Não informado,Não informado,Não informado,,Curta-metragem
193,Meteorango Kid - Heroi intergalático,Andr&eacute; Luiz Oliveira,Brasil,1969,80,Não informado,Não informado,-Melhor Filme - Segundo o Júri Popular - Margarida de Prata - OCIC - Ofício Católico - Internacional de Cinema (CNBB) - Festival de Pésaro Ítália.,,Longa-metragem
194,Onde andará Petrúcio Felker,Allan Sieber,Brasil,2001,11,Não informado,Não informado,"-8º Vitória Cine Vídeo - Melhor Animação e Prêmio Aquisição do Minc-5ª Mostra de Cinema de Tiradentes - Melhor Curta-Metragem-6º Festival de Cinema do Recife - Melhor Montagem em Animação e Melhor Curta, concedido pela ABD-PE-6º Festival de Cinema de Curitiba - Melhor Animação-10º Animamundi - 2º Melhor Filme Brasileiro-1º Funny Comedy Film Fest - Torta na Cara de Bronze Categoría Animação-1ª Mostra de Cinema de Ribeirão Preto - Melhor Curta Júri Popular",,Curta-metragem
195,O2 Conjunto Residencial,Adams Carvalho,Brasil,2005,5,Não informado,Não informado,-Melhor Curta de Animação - Curta Cinema - Festival Internacional de Curtas do Rio de Janeiro. 2005-Prêmio de Contribuição Artística no 10º Festival Brasileiro de Cinema Universitário da UFF-RJ 2005-Prêmio de Melhor Vídeo no XII Festival Internacional do Minuto Vivo  2005-Menção Honrosa no 14º Projeto Visualidade Nascente - USP 2005-Menção Honrosa no 15º Festival Internacional de Arte Eletrônica Videobrasil 2005-Menção Honrosa no 2º Curta Vídeo Votorantim  2005-Menção Honrosa no X Festival Nacional de Vídeo  Imagem em 5 Minutos - Bahia - 2005-Melhor Experimentação em Animação no Cineesquemanovo - Porto Alegre -  2006-Melhor Animação no 1º Arraial Cine Fest - Arrail D'Ajuda -  BA - 2006.,,Curta-metragem
196,Engolervilha,Mar&atilde;o,Brasil,2003,8,Não informado,Não informado,-11º Festival Internacional de Animação ANIMA MUNDI RJ / SP: Melhor Filme Brasileiro -10º Festival de Cinema de Vitória: Melhor Filme de Animação-Curta-SE em Sergipe: Melhor Filme de Animação-27º Festival Guarnicê de Cinema do Maranhão: Melhor Filme de Animação.,,Curta-metragem
448,Clandestina felicidade,Beto Normal e Marcelo Gomes,Brasil,1998,15,Não informado,Não informado,Não informado,,Curta-metragem
197,Desirella,Carlos Eduardo Nogueira,Brasil,2004,11,Não informado,Não informado,"-Prêmio de Produção da Quinta Seleção de Projetos em Mídias Digitais da Petrobrás-Prêmio de Melhor Vídeo Escolhido pelo Público e Prêmio Especial do Júri - XI Festival de Cuiabá, 2004-Prêmio de Melhor Animação e Prêmio de Melhor Trilha Sonora - I Festival de Belém do Cinema Brasileiro-Prêmio de Melhor Animação - XXVII Festival Guarnicê do Cinema Brasileiro-Prêmio de Melhor Trlha Sonora em Vídeo, Melhor Direção em Vídeo, Melhor Vídeo, Melhor Animação (35mm e vídeo) e Prêmio de Melhor Curta-Metragem da Crítica (35mm e vídeo) - XIV Cine Ceará-Prêmio de Melhor Animação, Melhor Roteiro e Melhor Vídeo - Festival de Vídeo de Santa Maria-Prêmio de Melhor Ficção e Melhor Vídeo - XII Festival de Vídeo de Gramado-Prêmio de Melhor Animação - XXXI Jornada Internacional de Cinema da Bahia-Prêmio Especial do Júri - II Festival Latinoamericano de Vídeo de Buenos Aires-Prêmio de Melhor Direção de Arte - 11º Vitórina Cine Vídeo-Prêmio de Melhor Animação - Hors Concours  do Festival de Vídeo de São Carlos-Prêmio de Melhor Animação - Festival Curta Cinema 2004-Prêmio Porta-Curtas - Festival Curta Cinema 2004-Melhor Animação em Vídeo - 5º Curta-SE",,Curta-metragem
198,Deu no jornal,Yanko del Pino,Brasil,2005,3,Não informado,Não informado,"-Festival Internacional de Curtas-Metragens de São Paulo 2005: Os 10 Mais, Escolha do Público no Festival e Prêmio Porta Curtas na Internet-Goiânia Mostra Curtas 2005: Troféu Iucuman Menção Honrosa-12º Vitória Cine Vídeo: Melhor Filme Animação-X Festival Nacional Imagem em 5 Minutos 2005 - Salvador Bahia: Prêmio Roberto Pires-Zemos 98 Octava Edición - Servilha - Espanha: DVD 9 Melhores-10º CINE PE: Prêmio Melhor Curta Metragem,  Prêmio Link Digital, Prêmio Quanta, Prêmio Lobocine, Prêmio Canal Brasil, Prêmio Kodak,  Prêmio CTAV-13º Festival de Cinema e Vídeo de Cuiabá: Prêmio Melhor Curta-Metragem-16º CINE CEARÁ - Festival Ibero-Americano de Cinema e Vídeo: Prêmio Melhor Roteiro.",,Curta-metragem
199,Pax,Paulo Munhoz,Brasil,2005,14,Não informado,Não informado,"-Prêmio Estímulo de Roteiro - 7º Festival de Cinema, Vídeo e Dcine de Curitiba 2003-Melhor Animação - 9º Festival de Cinema, Vídeo e Dcine de Curitiba 2005-Melhor Filme Paranaense de 2005 - Prêmio AVEC Ass. Vídeo e Cinema Paraná -Voto de Louvor da Câmara Municipal de Curitiba - 2005-Melhor Roteiro - 10º FAM - Florianópolis Audiovisual Mercosul 2006-Melhor Animação Brasileira - Rio de Janeiro - 14º. AnimaMundi - Festival Internacional de Animação do Brasil 2006-Melhor Animação Brasileira - São Paulo - 14º. AnimaMundi - Festival Internacional de Animação do Brasil 2006-Melhor filme - 3ª Mostra Pará Cine",,Curta-metragem
200,Os fiéis,Danilo Solferini,Brasil,2003,16,Ludodilm e FAAP - Fundação Armando Álvares Penteado,Não informado,-Prêmio Expressão Cultural - Festival Brasileiro de Cinema Universitário-Prêmio ABD- RJ - Festival Brasileiro de Cinema Universitário-Prêmio Melhor Direção - Festival Primeiro Plano-Prêmio Melhor Filme - Festival Cineamazônia.,,Curta-metragem
201,Comprometendo a atuação,Bruno Bini,Brasil,2006,17,J.P. Traven e Sinais Comunicação,Não informado,Não informado,,Curta-metragem
202,Perigo negro,Rog&eacute;rio Sganzerla,Brasil,1992,28,Tupan Realizações de Filmes e Vídeos Ltda.; Projeto Centenário Oswald de Andrade Cinema - Secretaria de Estado da Cultura de São Paulo,Não informado,Não informado,,Curta-metragem
203,Do dia em que Macunaíma e Gilberto Freyre visitaram...,S&eacute;rgio Zeigler e Vitor Angelo,Brasil,1998,20,Produtora Audiovisual QuarK,Não informado,Não informado,,Curta-metragem
204,Operação Morengueira,Chico Serra,Brasil,2005,16,"Cineclube Pela Madrugada, Cisco Kid Filmes e Wset Filmes",Não informado,Não informado,,Curta-metragem
446,Nelson Sargento,Estev&atilde;o Ciavatta,Brasil,1997,22,Não informado,Não informado,Não informado,,Curta-metragem
205,Com que roupa?,Ricardo van Steen,Brasil,1996,18,"Zohar, Movi&Art , Academia de Filmes e  RBS Vídeo SP",Não informado,-Melhor Fotografia - Festival de Gramado 1996,,Curta-metragem
206,O lençol branco,Juliana Rojas e Marco Dutra,Brasil,2004,17,Não informado,Não informado,Menção honrosa - Projeto Nacente da Universidade de São Paulo; Menção Honrosa pelo Júri da ABD&C e Destaque em Expressão Poética pelo júri oficial do Festival Brasileiro de Cinema Universitário; Menção Honrosa - 1º Panorama latino-Americano de Cinema Universitário; Melhor Direção - Primeiro Plano - Festival de Cinema de Juiz de Fora.,,Curta-metragem
207,Produto descartável,Flavia Rea e Rafael Primot,Brasil,2003,16,Encapotado Filmes ,Não informado,"31º Festival de Gramado/2003 - Prêmio Kikito de melhor atriz para Barbara Paz; 14º Festival Internacional de Curtas-Metragens de São Paulo/2003 - Prêmio ""Curtas Espaço Unibanco de Cinema"" e ""Um dos 10 filmes favoritos do público""; Festival de Vitória/2003 - Melhor filme prêmio votação popular online.",,Curta-metragem
208,Veludo & cacos-de-vidro,Marco Martins,Brasil,2004,17,Unisul ,Não informado,Prêmio Quanta - Melhor Vídeo no FAM - Florianópolis Audiovisual Mercosul 2004-Contribuição Técnica e Estética no Festival Brasileiro de Cinema Universitário 2004-Melhor Vídeo pelo Júri Popular no Festival Brasileiro de Cinema Universitário 2004- Melhor Figurino no Festival do Filme Fashion 2004.,,Curta-metragem
209,Um sol alaranjado,Eduardo Valente,Brasil,2001,18,Não informado,Não informado,"Brasil: Melhor Filme, Diretor e Roteiro no 6º Festival de Recife, Melhor Filme, Diretor e Atriz no XII Cine Ceará, Melhor Diretor e Melhor Atriz no 30º Festival de Gramado, Melhor Diretor no 34º Festival de Brasília, Melhor Filme 16mm do CURTA-SE (Festival de Aracaju) e Melhor Filme pelo Júri Popular no 1º Paracine e no 7º Festival Brasileiro de Cinema Universitário.Exterior: Primeiro Prêmio na Cinefondation, em Cannes. Melhor Ficção no Festival de Pysek (República Tcheca) e Menção Especial no 5 Festival de Escuelas de Cine (Buenos Aires).",,Curta-metragem
210,Rua da Escadinha 162,M&aacute;rcio C&acirc;mara,Brasil,2002,18,Euphemia Produções,Não informado,Não informado,,Curta-metragem
211,Seu Minervino e a viola caipira,Pedro Dacosta Lyra,Brasil,2005,15,Não informado,Não informado,Menção Honrosa ABDeC - RJ / 10ª Mostra Internacional do Filme Etnográfico,,Curta-metragem
212,Viva volta,Heloisa Passos,Brasil,2005,15,Maquina Filmes,Não informado,"""Melhor documentário no 12º Festival de Cine e Vídeo de Vitória, Melhor documentário no 6º Festival Luso Brasileiro de Sergipe,Melhor som, Melhor montagem e Melhor direção no16&#730; CineCeará,Prêmio aquisição Canal Brasil e Petrobras Porta Curtas no 17º Festival Internacional de curtas metragens de São Paulo.""",,Curta-metragem
213,Pânico em SP,Cl&aacute;udio Morelli,Brasil,1982,10,Não informado,Não informado,Não informado,,Curta-metragem
214,Memória de Deus e do Diabo em Monte Santo e Cocorobó,Agnaldo Siri Azevedo,Brasil,1984,11,Não informado,Não informado,Premio Melhor Filme de Ficção no !X Festival de Cinema da Bahia,,Curta-metragem
215,De Glauber para Jirges,Andr&eacute; Ristum,Brasil,2005,18,Não informado,Não informado,"Hors Concours, Biennale Venezia 2005; Melhor Montagem e Prêmio Especial por pesquisa e resgate Histórico Cinematográfico, Festival de Brasília; Menção Honrosa, 1º Festival Internacional de documentários - É tudo Verdade; Meçhor Montagem, Florianópolis Audiovisual Mercosul.",,Curta-metragem
444,Batuque na cozinha,Anna Azevedo,Brasil,2004,19,Não informado,Não informado,Não informado,,Curta-metragem
216,A voz do morto,S&eacute;rgio Zeigler e Vitor Angelo,Brasil,1993,13,Não informado,Não informado,"17º Guarnicê de Cine-Video do MARANHÃO, onde recebeu o prêmio de MELHOR TRILHA SONORA ADAPTADA;",,Curta-metragem
217,A degola fatal,Cl&oacute;vis Molinari Junior e Ricardo Favilla,Brasil,2004,13,Não informado,Não informado,Premiado na 3ª seleção de Curtas da Petrobrás 2003,,Curta-metragem
218,Chapeleiros,Adrian Cooper,Brasil,1983,24,Não informado,Não informado,"-Melhor Direção, Melhor Fotografia, Melhor Montagem, Melhor Trilha Sonora do 16ª Festival de Cinema - Brasilia-1983.                                                                                                                                    -Melhor Fotografia, Melhor Montagem do 12ª Festival de Cinema de Gramado - 1983-Menção Especial para a Obra do Diretor na 12ª Jornada de Curta-Metragem - Bahia.-Prêmio Especial do Júri Popular - Festival Internacional de Cinema de Nyon - Switzerland -1984.",,Curta-metragem
219,O chapéu do meu avô,Julia Zakia,Brasil,2004,28, Gato do Parque,Não informado,"-6th International Student Film Festival- Belgrado- Sérvia e Montenegro-Prêmio Especial da Cinemateca Yoguslava, pelo Estímulo da Linguagem e Alma do Trabalho.-Prêmio de Expressão Poética- Festival Brasileiro de Cinema Universitário- 2005",,Curta-metragem
220,Sonhozzz,Paulo F. Camacho,Brasil,2005,11,Não informado,Não informado,Não informado,,Curta-metragem
221,Alma nua,Helv&eacute;cio Marins J&uacute;nior,Brasil,2003,6,Não informado,Não informado,Não informado,,Curta-metragem
222,Man.Road.River,Marcellvs L.,Brasil,2004,10,Não informado,Não informado,"2006 - Melhor Vídeo, Videoex 2006, Zeughaus 3, Zürich, Suiça2006 - Melhor Filme, Cine Esquema Novo, Usina do Gasômetro, Porto Alegre, Brasil2006 - Melhor Plano ou Cena, Cine Esquema Novo, Usina do Gasômetro, Porto Alegre, Brasil2006 - Melhor Curta Metragem, 8º Festival do Cinema Brasileiro de Paris, Cine Arlequin, Paris, França2006 - Menção Honrosa, 12th Media City, Annual International Festival of Experimental Film & Video Art, Ontario, Canada2005 - Prêmio Principal, 51st International Short Film Festival Oberhausen, Oberhausen, Germany2005 - Melhor Filme Experimental, Tehran 10th International & 22nd National Short Film Festival 2005, Tehran, Iran2005 - Prêmio Especial do Júri, Videolisboa #5, 5º Festival Internacional de Vídeo, Lisboa, Portugal2005 - Melhor Vídeo Experimental, 32ª Jornada Internacional de Cinema da Bahia, Bahia, Brasil2005 - Prêmio de Ousadia e Risco do Festival do Livre Olhar (FLO), Santander Cultural, Porto Alegre, Brasil2005 - Prêmio de Autor (Marcellvs L.) do Festival do Livre Olhar (FLO), Santander Cultural, Porto Alegre, Brasil2004 - Melhor Filme Experimental, Festival Internacional de Curtas do Rio de Janeiro - Curta Cinema 2004, Cine Odeon BR e Centro Cultural Banco do Brasil, Rio de Janeiro, Brasil.",,Curta-metragem
223,Dá-dos,Pedro Palhares Fernandes,Brasil,2003,12,Não informado,Não informado,Não informado,,Curta-metragem
224,O princípio feminino do sol,N&uacute;cleo Patr&iacute;cia B&aacute;rbara,Brasil,2003,6,Não informado,Não informado,-Menção Honrosa no Festival Brasileiro de Festival Universitário 2003,,Curta-metragem
225,Banco de sangue,Luiz Montes,Brasil,1998,4,Não informado,Não informado,Não informado,,Curta-metragem
1001,O príncipe,Ugo giorgetti,Brasil,2002,101,SP FILMES DE SÃO PAULO ,Não informado,Não informado,,Longa-metragem
227,Para sempre assim,Jo&atilde;o Carlos Lemos e R&oacute;ger Carlomagno,Brasil,2001,7,Não informado,Não informado,-Prêmio Estímulo ao Curta-Metragem do Estado de Minas Gerais-Critic´s Choice no 13 th London American Film Festival (Inglaterra)-Votado Entre os Preferidos do Público na 25º Mostra Internacional de Cinema de São Paulo.,,Curta-metragem
228,Arpoador,Fernanda Ramos,Brasil,2005,4,Não informado,Não informado,Não informado,,Curta-metragem
229,Jugular,Fernanda Ramos,Brasil,1997,5,Não informado,Não informado,-Festival de Brasileiro de Cinema Universitário - Prêmio contribuição à Linguagem cinematografica e Juri Popular-Mostra Curta Cinemateca - 98 - Prêmio Aquisição Canal Brasil,,Curta-metragem
230,Juvenília,Paulo Sacramento,Brasil,1994,7,Olhos de Cão Produções Cinematográficas,Não informado,-Grande Prêmio de Melhor Filme - XVIII Rencontres Internationales Henri Langlois (França)-Melhor Curta Metragem - VIII Riminicinema Mostra Internazionale (Itália)-Medalha de Prata - X Internationales Kurtzfilmfestival Goldene Camera (Alemanha).,,Curta-metragem
231,Imensidade,Amilcar Monteiro Claro,Brasil,2003,15,Não informado,Não informado,"realizado com o Prêmio SAV-Minc para roteiros de curta metragem, recebeu os troféus Melhor roteiro no Festival de Cuiabá; melhor direção e Troféu Samburá para melhor filme no Cine-CE; melhor atriz para Débora Duboc nos festivais de Belo Horizonte (MG) e Vitória (ES).",,Curta-metragem
232,Biografia do tempo,Joana Oliveira e Marcos Pimentel,Brasil,2004,8,Não informado,Não informado,"-Menção Honrosa - Categoria Direção no 4º RECINE - Festival de Cinema de Arquivo - RJ, 2005",,Curta-metragem
233,A moça que dançou depois de morta,&Iacute;talo Cajueiro,Brasil,2003,11,Não informado,Não informado,"-Melhor Roteiro na Categoria Animação - Cine PE - Festival de Recife, PE - 2004-Melhor Trilha Sonora - I Festival de Cinema de Belém, PA - 2004-Melhor Filme - Prêmio UNESCO - 27º Festival Guarnicê de Cinema, MA - 2004-Melhor Trilha Sonora - Mostra ABCV - Associação Brasiliense de Cinema e Vídeo - 2004-Menção Honrosa do Júri, e Prêmio de Aquisição Canal Brasil - 32º Festival de Cinema de Gramado, RS - 2004-Melhor  Curta-Metragem de Animação - Academia Brasileira de Cinema - Grande Prêmio TAM de Cinema - 2004-Prêmio Glauber Rocha de Melhor Filme do Festival, Melhor Filme de Animação, e Melhor Música - XXXI Jornada Internacional de Cinema da Bahia-Melhor Filme - Júri Oficial - 4ª Goiânia Mostra Curta- 2004-Melhor Trilha Sonora - Júri Oficial - 11ª Vitória Cine e Vídeo - 2004-Melhor Animação - Festival Amazonas Filme - Curta Brasil 2004-Melhor Filme 35mm Júri Popular, Melhor Animação 35mm Júri Oficial, e Melhor Filme 35mm com Temática Nordestina - Prêmio Banco do Nordeste - Curta SE - 5 Festival luso-brasileiro de curta-metragens de Sergipe-2005-Melhor Animação - Festival CineGate`s - Brasília 2006",,Curta-metragem
234,Meu nome é Paulo LeminsKi,Cezar Migliorin,Brasil,2004,5,Não informado,Não informado,"-Menção Especial do Júri - Festival a Imagem em 5 Minutos - Salvador, BA-Melhor Filme Experimental - Black&White Audiovisual Festival 2005 - Porto - Portugal -Honorable Mention - Menção Honrosa - 17th Onion City Experimental Film and Video Festival - Chicago/USA-Melhor Vídeo, Melhor Direção na Categoria Vídeo e Melhor Curta Metragem - Cine Ceará - Fortaleza - CE-Best -No-Budget- Film - CinemaTexas 10 - Austin/USA-Melhor Filme (video e 16mm) - Festival Luso-Brasileiro de Santa Maria da Feira - Portugal",,Curta-metragem
235,Transubstancial,Torquato Joel,Brasil,2003,17,Não informado,Não informado,"-Melhor Curta da Crítica (Festival de Brasília)-Melhor Curta, Direção, Prêmio BNB, Melhor Fotografia nos festivais Cine PE e Festival de Belém (PA)",,Curta-metragem
236,Françoise,Rafael Conde,Brasil,2001,22,Filmegraph,"O filme teve sua estréia na mostra competitiva do 29o. Festival de Gramado, 2001, sendo também selecionado para exibição no 12o. Festival Internacional de Curtas de São Paulo, 2001; na I Mostra Curta Goiânia, 2001; no III Festival do Rio BR, 2001; na Mostra Panorama Latino-americano do Festival de Havana / Cuba, 2001; no XXXIV Festival de Brasília, 2001; na XI Mostra Curta Cinema, 2001; na II Mostra Curta Minas, 2001; na V Mostra de Tiradentes, 2002; no Festival de Rotterdam / Holanda, 2002; no Festival Internacional de Curtas de Belo Horizonte, 2002; no 6o Florianópolis Audiovisual Mercosul, 2002; no Festival de Huesca / Espanha, 2002; no Festival de Biarritz / França, 2002; na Mostra Bonequinho Viu do Festival do Rio BR, 2002; no I Panorama Internacional Coisa de Cinema, 2002; no Festival de Vitória, 2002;  no Cinealternative Paris / França, 2002; no VI Festival de Cinema Luso-brasileiro de Santa Maria da Feira / Portugal, 2002; no II Panorama Internacional Coisa de Cinema, 2003; no 15o Festival de Cinema Latino-americano de Toulouse / França, 2003; no 6o Festival Internacional de Curtas-Metragens de Belo Horizonte, 2003; no Festival Primeiro Plano, 2003 e no Cine Santander Cultural, 2003, entre outros","-Melhor Diretor, no IV Florianópolis Audiovisual Mercosul  - 2002-Melhor Atriz (Débora Falabela) e Melhor Ator (Fernando Ernesto), no 34º Festival de Brasília - 2001-Prêmio Especial Associação Brasileira de Documentaristas RJ - Melhor Atriz (Débora Falabella), no III Festival Internacional do Rio 2001-Menção Honrosa da Associação Brasileira de Documentarístas - SP, no 12º Festival Internacional de Curtas de São Paulo - 2001-Prêmio Espaço Unibanco, Prêmio Canal Brasil, ""Os Dez Melhores"" - Escolha do Público, no 12º. Festival Internacional de Curtas de São Paulo - 2001-Melhor Atriz (Débora Falabella), no 29º Festival de Gramado - 2001-Roteiro Vencendor do I Prêmio Estímulo ao Curta-Metragem Associação Curta Minas - 2000",,Curta-metragem
237,Tropel,Eduardo Nunes,Brasil,2000,17,"República Pureza Filmes, TV Zero e 3 Tabela Filmes ",Não informado,Concurso de Roteiros do Ministério da CulturaPrêmio para a realização do filmeFestival Luso Brasileiro de Santa Maria da Feira (PORTUGAL)Estréia em abril de 2000 - Prêmio da CríticaFestival Internacional de Curtas de São Paulo (SÃO PAULO - SP)agosto de 2000 - menção honrosa da ABD SPFestival do Rio 2000 (RIO DE JANEIRO - RJ)novembro de 2000 - Prêmio da ABDeC RJ33º Festival de Brasília (BRASÍLIA - DF)novembro de 2000 - Prêmio de melhor ator (Duda Mamberti)5º Festival de Cinema de Curitiba (CURITIBA - PR)maio de 2001 - prêmio de melhor diretor - melhor ator - melhor fotografia e melhor edição de som,,Curta-metragem
238,Behemoth,Carlos G. Gananian,Brasil,2002,6,Não informado,Não informado,"-Menção Honrosa do júri da ABD&C - Associação Brasileira de Documentaristas e Curta-Metragistas do Rio de Janeiro no 8º Festival Brasileiro de Cinema Universitário, ""pela excelência na execução e pela renovação do gênero de terror no cinema brasileiro""-Menção Honrosa do júri Dark Side no Foco Terror da 14ª Mostra Internacional de Curtas SP, ""pela excelente qualidade e por apontar o talento de um realizador tanto promissor, quanto pertubador""",,Curta-metragem
239,Nocturnu,Dennison Ramalho,Brasil,1998,11,Pagan Filmas e Drops Filmes e Vídeo,Não informado,Não informado,,Curta-metragem
240,Demônios,Christian Saghaard,Brasil,2004,24,Não informado,"-Mostra Terror - Mostra de Cinema de Tiradentes, MG - 2004-Mostra Curta Cinema - Festival Internacional de Curtas Metragens do Rio de Janeiro - 2003 - RJ-Mostra Curta Goiânia 2003 - GO-Mostra do Filme Livre - RJ",-Melhor Filme Hardcore e Melhor Som - Festival Zoom Cine Esquema Novo - Porto Alegre-Menção Honrosa - Festival Internacional de Curtas Metragens de SãoPaulo 2003,,Curta-metragem
241,Candeias: da Boca pra fora,Celso Gon&ccedil;alves,Brasil,2002,17,Não informado,"35a. Festival de Brasília do Cinema Brasileiro (2002);27a. Mostra Internacional de Cinema de São Paulo (2003);VIII É Tudo Verdade - Festival Internacional de Documentários – São Paulo-SP (2003);FESTIVAL DO RIO 2003 - Première Brasil Retratos, - Rio de Janeiro (2003);14° Festival Inernacional de Curtas Metragens de São Paulo (2003);XIII Cine Ceará – Fortaleza-CE (2003);VIII Festival Brasileiro de Cinema Universitário;IV ARARIBÓIA CINE, Niterói – RJ (2005);Mostra do Filme Livre 2004, Rio de Janeiro (2004);16ª Mostra do Audiovisual Paulista (2003);26° Festival Guarnicê de Cinema – São Luís-MA (2003);3° CURTA-SE - Festival Luso- Brasileiro de Curtas-Metragens – Aracaju-SE (2003);7° FAM – Florianópolis Audiovisual do Mercosul, Florianópolis-SC (2003);1° ZoomCineEsquemaNovo – PortoAlegre-RS (2003);Festival Tela em Transe 2003 – São Paulo-SP (2003).",35° Festival de Brasília do Cinema Brasileiro:Melhor Documentário - Prêmio Aruanda; Melhor Pesquisa Cinematográfica;Menção Especial do Júri.VIII Festival Brasileiro de Cinema Universitário:Menção Honrosa do Júri.,2002-07-22,Curta-metragem
242,Boca aberta,Rubens Xavier,Brasil,1984,20,Gira Filmes e Beca Filmes,Não informado,-Melhor Fotografia Festival de Brasília de 1985-Melhor Roteiro Festivalde Gramado 1985.,,Curta-metragem
243,O Galante Rei da Boca,Alessandro Gamo e Lu&iacute;s Rocha Melo,Brasil,2003,50,"CPC UMES, Inventarte Produções Artísticas e Maloca Filmes",Não informado,"-Prêmio de Melhor Documentário Brasileiro pela ABD-SP - Associação Brasileira de Documentáristas - no IX Festival Internacional de Documentários É Tudo Verdade - SP, RJ, DF - 2004-Prêmio de Melhor Pesquisa no RECINE - Festival Internacional de Cinema de Arquivo 2004-Segundo Lugar no Juri Popular e Menção Honrosa no  Festival Latino Americano de Cinema e Vídeo - CINESUL 2004",,Média-metragem
244,Disparos,Tarc&iacute;sio Lara Puiati,Brasil,2000,5,Não informado,Não informado,Não informado,,Curta-metragem
245,A última fábrica,Felipe Nepomuceno,Brasil,2005,8,Raça Filmes,Não informado,"Menção Honrosa, 20º Mostra de Vídeo de Santo André, 2006. Melhor Fotografia/Vídeo, FAM 2006 - 10º Florianópolis Audiovisual Mercosul, 2006.",,Curta-metragem
246,Velinhas,Gustavo Spolidoro,Brasil,1998,11,Gus Gus Cinema,Não informado,"7 prêmios, incluindo Melhor Filme e Direção no 31º Festival de Brasília, Melhor Direção no 26º Festival de Gramado",,Curta-metragem
247,Outros,Gustavo Spolidoro,Brasil,2000,14,Gus Gus Cinema,Não informado,Melhor Filme Brasileiro de 2000 - 2º Grande Prêmio Cinema Brasil/MINC (fev/2001); Melhor Filme - 8º Mix Brasil - Festival da Diversidade Sexual (nov/2000); Melhor Filme - Prêmio da crítica - 28º Festival de Gramado (ago/2000); Melhor filme - Prêmio da OCIC - 3º Festiv; al Internacional de Direitos Humanos de Buenos Aires/AR (dez/2000); Melhor Filme - PrÊmio da ABD/RJ ( Associação Brasileira de Documentaristas e Curta-metra-gistas/RJ - Festival do Rio-BR (nov/2000); Melhor Diretor - 28º Festival de Gramado; Melhor Fotografia - 33º Festival de Vrasília (nov/ 2000); Prêmio do Público - 11º Festival Internacional de Curtas de SP (para os 10 melhores curtas); Prêmio Especial - Júri Gaúcho - 28º Festival de Gramado; Menção Honrosa - III Mostra Brasil Plural - Munique/AL (out/2000); Menção Hontosa - IL Giorni del Condor - Festival de Direitos Humanos - Pessaro/IT (mai/2001); Menção Honrosa - 29º Festival de Cine de Huesca/ES (jun/2001); Prêmio Aquisição Canal Brasil - 11º Festival Internacional de Curtas de SP; Prêmio Aquisição Espaço Unibanco - 11º Festival Internacional de Curtas de SP.,,Curta-metragem
248,Amores,Domingos Oliveira,Brasil,1998,95,Não informado,Não informado,"-Prêmios de júri, critica e popular do 26º Festival de Gramado.",,Longa-metragem
249,Baile perfumado,L&iacute;rio Ferreira e Paulo Caldas,Brasil,1998,93,Não informado,Não informado,Não informado,,Longa-metragem
250,"Bebel, garota propaganda",Maurice Capovilla,Brasil,1967,103,Não informado,Não informado,Não informado,,Longa-metragem
453,Dona Carmela,Iziane Filgueiras Mascarenhas,Brasil,2004,13,Não informado,Não informado,Não informado,,Curta-metragem
251,O canto do mar,Alberto Cavalcanti,Brasil,1953,124,Não informado,Não informado,"-Primeiro Prêmio no Festival de Karlovy-Vary, 8, 1955 - CH.. -Prêmio Associação Brasileira de Cronistas Cinematográficos,1953, RJ, de Melhor Filme.. -Prêmio Governador do Estado,1953, SP, de Melhor Produtor para Alberto Cavalcanti; de Melhor Montagem para José Canizares; de Melhor Música para  Guerra Peixe.",,Longa-metragem
252,Superoutro,Edgar Navarro,Brasil,1989,48,Lumbra Cinematográfica,Não informado,Não informado,,Média-metragem
253,Por trás do pano,Luiz Villa&ccedil;a,Brasil,1999,90,Não informado,Não informado,Não informado,,Longa-metragem
254,O sanduíche,Jorge Furtado,Brasil,2000,13,Não informado,Não informado,"-33º Festival de Brasília, 2000 - Melhor Filme-5º Festival de Cinema Luso-Brasileiro, Santa Maria da Feira (Portugal), 2001- Melhor Filme (Juri-Oficial), Melhor Filme (Federação de Cineclubes-3º Festival Internacional de Curtas de Belo Horizonte, 2001- Prêmio da Crítica (Melhor Filme da Mostra Internacional)-29º Festival Iberoamericano de Huesca (Espanha) 2001- Melhor Roteiro (Prêmio Sociedad General de Autores y Editores)-11º Cine Ceará, Fortaleza, 2001- Melhor Roteiro, Prêmio Samburá de Melhor Filme-29º Festival de Gramado 2001 - Prêmio Especial do Júri de Curtas Gaúchos-2º Festival Latino-Americano de Campo Grande (MS), 2001- Melhor Curta de Ficção, Melhor Roteiro, Melhor Direção, Melhor Ator (Felippe Mônnaco)-12º Festival Internacional de Curtas, São Paulo, 2001- Destaque do Júri Popular, Prêmio Espaço Unibanco-6º Brazilian Film Festival, Miami, 2002 - Melhor Filme (Júri Popular), Melhor Fotografia, Melhor Ator (Felippe Monnaco), Melhor Atriz (Janína Kremer Motta)-5º Prêmio Kodak, 2003 - Bloco dos 5 Melhores Filmes Exibidos Durante o Ano no Programa ""The Short List"", Rede PBS, EUA.",,Curta-metragem
255,A linguagem do teatro,Jo&atilde;o Betencourt,Brasil,1966,18,Não informado,Não informado,Não informado,,Curta-metragem
256,Teatro brasileiro: Novas tendências,Olney S&atilde;o Paulo,Brasil,1975,11,Não informado,Não informado,Não informado,,Curta-metragem
447,O homem-livro,Anna Azevedo,Brasil,2006,14,Não informado,Não informado,Não informado,,Curta-metragem
257,Teatro brasileiro: Origem e mudança,Olney S&atilde;o Paulo,Brasil,1964,12,Não informado,Não informado,Não informado,,Curta-metragem
258,A face e a máscara,Vicente Marques,Brasil,1974,15,Curso Prático de Cinema FEFIEG / Embrafilme,Não informado,Não informado,,Curta-metragem
259,Teatro Municipal,Ruy Santos,Brasil,1974,10,Não informado,Não informado,Não informado,,Curta-metragem
260,Izune,Frederico Cardoso,Brasil,2004,10,Boteco Cinematográfico e Fora do Eixo Filmes,Não informado,Não informado,,Curta-metragem
261,Polêmica,Andr&eacute; Luiz Sampaio,Brasil,1999,21,Não informado,Não informado,Não informado,,Curta-metragem
262,Velha história,Claudia Jouvin,Brasil,2004,6,"Vaca Louca Produções, Batoque Filmes e Univesidade Estácio de Sá",Não informado,Melhor fotografia em filme estudantil na ABC 2004Segundo lugar no júri popular do Anima Mundi 2003- RJSegundo lugar no júri popular do Anima Mundi 2003- SPTerceiro lugar no júri profissional do Anima Mundi 2003Melhor animação no festival Primeiro Plano 2003  Juiz de ForaMelhor animação no festival Amazonas filmes 2003- AmazonasMenção especial no festival internacional de curtas de Belo Horizonte 2004Prêmio de Juri popular no festival de curtas de São Paulo 2004Prêmio de aquisição do site Porta curtas da Petrobrás no festival de curtas de São Paulo 2004Indicado para o Grande prêmio Tam do cinema brasileiro na categoria curta de animação.,,Curta-metragem
263,O mundo é uma cabeça,Bidu Queiroz e Cl&aacute;udio Barros,Brasil,2004,17,"Truques Cinematográficos, Neander Filmes e Beluga Produções",Não informado,"Melhor Documentário pelo Júri Popular e Prêmio Aquisição do Canal Brasil no Cine PE, 2005, PE.",,Curta-metragem
264,Dramática,Ava Gait&aacute;n Rocha,Brasil,2005,20,Não informado,Não informado,Não informado,,Curta-metragem
265,Vinil verde,Kleber Mendon&ccedil;a Filho,Brasil,2004,13,Não informado,Não informado,Não informado,,Curta-metragem
266,Gaivotas,Cristian Borges,Brasil,1997,10,Universidade Federal Fluminense,7a MOSTRA CURTA CINEMA (Rio)IMPAKT FESTIVAL (Holanda)3o FESTIVAL BRASILEIRO DE CINEMA UNIVERSITÁRIO (Rio)14o FESTIVAL INTERNACIONAL DE CURTAS METRAGENS DE HAMBURGO (Alemanha)9o FESTIVAL INTERNACIONAL DE CURTAS METRAGENS DE SÃO PAULO20o FESTIVAL DE CINEMA LATINO-AMERICANO (Cuba),Não informado,1997-11-13,Curta-metragem
267,Aqueles dias,Gustavo Nasr,Brasil,2004,10,Não informado,Não informado,Não informado,,Curta-metragem
268,Wragda,Frederico Cardoso,Brasil,2004,11,Não informado,Não informado,Não informado,,Curta-metragem
269,A menina do algodão,Daniel Bandeira e Kleber Mendon&ccedil;a Filho,Brasil,2002,6,CinemaScópio e Símio Filme,Não informado,Não informado,,Curta-metragem
270,Soberano,Ana Paula Orlandi e Kiko Mollica,Brasil,2005,15,"Km 70 - Cultura, Arte e Comunicação",- 9o Festival do Filme Documentário e Etnográfico de Belo Horizonte - Forumdoc.bh;- 19a Mostra do Audiovisual Paulista;- 15o Festival Internacional de Curtas do Rio de Janeiro – Curta Cinema 2005;- 9a Mostra de Cinema de Tiradentes;- 10º FAM – Florianópolis Audiovisual Mercosul;- 4º Curta Santos;- 3º Curta Vídeo Votorantim.,Filme eleito um dos dez favoritos do público e vencedor do prêmio Curta Espaço Unibanco de Cinema no 16o Festival Internacional de Curtas-Metragens de SP. ,2005-08-31,Curta-metragem
271,Ocaso,Camilo Cavalcante,Brasil,1997,5,Imagem Bruta Cinema e Vídeo Produção,Não informado,Prêmio Destaque da Realidade Brasileira - II Festival de Cinema Universitário,,Curta-metragem
272,Os dois velhinhos,Camilo Cavalcante,Brasil,1996,5,Não informado,Não informado,Melhor Direção - Festival Nacional A Imagem em 5 Minutos,,Curta-metragem
273,A história da eternidade,Camilo Cavalcante,Brasil,2003,10,Não informado,Não informado,Melhor Direção no 36o. Festival de Cinema de Brasília Melhor Direção de Arte - CINE PEMelhor Fotografia e Melhor Curta (Júri Popular)- Festival de Cinema de CuiabáMelhor Direção - Festival de Cinema de BelémPrêmio Banco do Nordeste de Cinema e Prêmio Aquisição do Canal Brasil - Cine CearáPrêmio da Crítica - Mostra Internacional de Curtas de Belo HorizontePrêmio da Crítica - Festival de Cinema de Vitória  Melhor Ficção - Grande Prêmio TAM do Cinema Brasileiro.,,Curta-metragem
274,O homem da mata,Antonio Luiz Carrilho,Brasil,2004,18,Não informado,Não informado,"-Melhor Filme; Melhor Ator e Melhor Montagem em 16mm no Festival de Brasília, 37, 2004, Brasília - DF.. -Prêmio Especial do Júri no Curta Cinema, 2004, RJ.. -Prêmio Expressão Cultural no Festival Brasileiro do Cinema Universitário, 10, 2005, RJ.",,Curta-metragem
275,Anahy de las missiones,S&eacute;rgio Silva,Brasil,1997,110,Não informado,Não informado,"1º Prêmio Resgate do Cinema Brasileiro MinC, 1994.Melhor Filme, Roteiro, Atriz, Ator, Atriz Coadjuvante e Direção de Arte pelo júri oficial, Melhor Filme pelo júri popular, Melhor Filme prêmio Unesco, Melhor Atriz pela crítica, no XXX Festival do Cinema Brasileiro de Brasília/BR/97;Melhor Roteiro e Atriz, no II Festival de Cinema do Recife/BR/98; Melhor Fotografia, no II Brazilian Film Festival of Miami/USA/98; Melhor Atriz, no Festival de Triste de cinema latino/ ITÁLIA/98;Melhor Maquiagem em Cinema no IV Prêmio Avon;Melhor Atriz Coadjuvante pela Associação dos Críticos de São Paulo, 1998.",,Longa-metragem
276,O cineasta da selva,Aur&eacute;lio Michiles,Brasil,1997,87,Não informado,Não informado,Prêmio HBO de Cinema 1997 Prêmio especial UNESCO 1997 Prêmio de Melhor Filme de Diretor Estreante no Festival de Brasilia 97 Prêmio Marco Antônio Guimarães no Festival de Brasilia 97 Prêmios de Revelação Direção e Roteiro e Melhor Montagem no Festival de Cinema de Natal - 1998.,,Longa-metragem
277,Bang bang,Andrea Tonacci,Brasil,1970,85,Não informado,Não informado,Não informado,,Longa-metragem
278,Bla Bla Bla...,Andrea Tonacci,Brasil,1968,26,Não informado,Não informado,-Prêmio Oficial do Júri: Melhor filme de Curta Metragem - Brasília-Prêmio Oficial do Júri: Melhor Ator ? Paulo Gracindo ? B.Horizonte,,Curta-metragem
279,Sangue e suor: A saga de Manaus,Luiz de Miranda Corr&ecirc;a,Brasil,1977,20,Não informado,Não informado,Não informado,,Curta-metragem
280,Cronicamente inviável,Sergio Bianchi,Brasil,2000,102,Não informado,Não informado,"- Classificado como um dos 10 melhores filmes brasileiros da década pela Folha de São Paulo - Caderno especial - 1999.- Prêmio ""Ambiente è Qualitá di Vita"" - 53o Festival Internacional de Cinema de Locarno - Suiça - 2000.- 1o Prêmio e Prêmio OCIC (Organisation Catholique Internationale du Cinéma) no III Festival Internacional de Cine y Video Sobre Desarrollo Humano, Buenos Aires, Argentina - 2000.- 1o Prêmio da Crítica (em conjunto com ""La Cienaga"" de Lucrecia Martell) e 1o Prêmio do Público (em conjunto com ""Coronación"" de Silvio Caiozzi) - 19o Festival Internacional de Cinema do Uruguay - 2001- Melhor Filme do Ano 2000 - Prêmio da APCA - Associação Paulista de Críticos de Arte.- Vencedor do 3o Prêmio HBO do Cinema Brasileiro - 2000.- Melhor Filme - Júri Popular - 5o Festival de Cinema de Maria da Feira Portugal - 2001.- Melhor Filme e Melhor Direção - Júri Popular - Festival Sesc ""Melhores Filmes de 2000"" - São Paulo - 2001.",,Longa-metragem
281,Divina previdência,Sergio Bianchi,Brasil,1983,9,Não informado,Não informado,- Melhor Direção - 12o. Festival do Cinema Brasileiro de Gramado - 1984- Menção Especial pela montagem: 13a. Jornada Brasileira de Curta Metragem ? Bahia - 1984.,,Curta-metragem
282,Deus e o Diabo na Terra do Sol,Glauber Rocha,Brasil,1964,110,Não informado,Não informado,"Prêmio da Crítica Mexicana (Festival Internacional de Acapulco, México, 1964), Grande Prêmio (Festival de Cinema Livre, Itália, 1964), Náiade de Ouro (Festival Internacional de Porreta Terme, Itália, 1964), Troféu Saci (Melhor Ator Coadjuvante: Maurício do Valle, 1965), Grande Prêmio Latino-Americano (Festival Internacional de Mar del Plata, Argentina, 1966).",,Longa-metragem
283,Durval Discos,Anna Muylaert,Brasil,2002,96,Dezenove Som e Imagens e África Filmes,Não informado,"Vencedor no Festival de Gramado 2002, ganhador de sete Kikitos",,Longa-metragem
284,A origem dos bebês segundo Kiki Cavalcanti,Anna Muylaert,Brasil,1996,17,Não informado,Não informado,"Melhor filme, festival do CésarMelhor filme, festival do RioMelhor direção, jornada de cinema da Bahia",,Curta-metragem
285,O homem que virou suco,Jo&atilde;o Batista de Andrade,Brasil,1979,97,Não informado,Não informado,"Medalha de Ouro (Melhor Filme) no Festival Internacional de Moscou (1981); Prêmio Mérito Humanitário da Juventude Soviética de Moscou (1981); Prêmio Especial da Crítica no Festival de Memórias Operárias de Névers, França (1983); Melhor ator no Festival de Brasília para José Dumont (1980) Melhor roteiro, ator principal e ator coadjuvante no IX Festival de Cinema Brasileiro de Gramado (1981); Melhor Ator Festival de Huelva (1983), Prêmio Air France de Cinema (1980); Prêmio Qualidade Brasil Concine (1983); Prêmio São Saruê, concedido pela Federação dos Cineclubes do Rio de Janeiro (1983).",,Longa-metragem
286,A saga da Asa Branca,Lula Gonzaga,Brasil,1979,7,Não informado,Não informado,Não informado,,Curta-metragem
287,Houve uma vez dois verões,Jorge Furtado,Brasil,2002,75,Não informado,Não informado,"12° Cine Ceará, Fortaleza, 2002: Melhor Filme (Prêmio da Crítica), Melhor Direção, Melhor Roteiro e Melhor Montagem. 5º Festival do Cinema Brasileiro de Paris (França), 2003: Melhor Filme (Júri Oficial). 4° Grande Prêmio Cinema Brasil, 2003: Melhor Roteiro Original. 2° Down Under International Film Festival, Darwin (Australia), 2004: Melhor Roteiro.",,Longa-metragem
290,O diário aberto de R.,Caetano Gotardo,Brasil,2005,14,Não informado,Não informado,Prêmio do Workshop de roteiros da 13a. Mostra Curta Cinema - Festival Internacional de Curtas-Metragens do Rio de Janeiro (2003),,Curta-metragem
291,Macunaíma,Joaquim Pedro de Andrade,Brasil,1969,105,Não informado,Não informado,"IV Festival de Brasília - Melhor Ator (Grande Otelo), Melhor Ator Coadjuvante (Jardel Filho). Melhor Argumento (Joaquim Pedro de Andrade), Melhor Roteiro (Joaquim Pedro de Andrade), Melhor Diálogo (Joaquim Pedro de Andrade), Melhor Cenografia (Anísio Medeiros), Melhor Figurino (Anísio Medeiros), Brasil, 1969I Festival de Manaus - Melhor Filme, Melhor Ator (Paulo José), Melhor Fotografia (Guido Consulich), Brasil, 1969Instituto Nacional de Cinema - INC - Prêmio Coruja de Ouro - Melhor Ator (Grande Otelo), Melhor Cenografia (Anísio Medeiros), Brasil, 1969Museu da Imagem e do Som - MIS - Golfinho de Ouro (Joaquim Pedro de Andrade), Brasil, 1969Prêmio Air France - Melhor Filme, Melhor Diretor (Joaquim Pedro de Andrade), Melhor Ator (Grande Otelo), Brasil, 1969Festival de Mar Del Plata - Prêmio Grande Condor de Ouro, Argentina, 1970Festival do Cinema Novo de Nova Iorque - Prêmio Aquarius - Melhor Roteiro, Estados Unidos, 1972",,Longa-metragem
292,A marvada carne,Andr&eacute; Klotzel,Brasil,1985,77,Tatu Filmes,Não informado,"-FESTIVAL DE GRAMADO 1985: Melhor Filme/ Juri Oficial e Popular Melhor Atriz, Roteiro, Direção, Fotografia, Montagem, Cenografia, Música.PREMIO DA CRITICA: Menção de coadjuvantes para Dionísio AzevedoPREMIO KODAC DE FOTOGRAFIA (Prêmio Edgar Brasil)PREMIO VASP (Diretor e Atriz)",,Longa-metragem
293,Almoço executivo,Jorge Esp&iacute;rito-Santo e Marina Person,Brasil,1996,14,Não informado,Não informado,"Festival de Gramado - Kikito de Melhor Direção - 1996Rio Cine Festival - Sol de Prata de Melhor Direção - 1996Festival do Guarnicê, Maranhão - Menção Honrosa - 1997",,Curta-metragem
294,A negação do Brasil,Joel Zito Ara&uacute;jo,Brasil,2000,91,Não informado,Não informado,"Roteiro premiado pelo Concurso Nacional de Projetos de Documentários do Ministério da Cultura - 1999. Prêmios de Melhor Documentário, Melhor Pesquisa e Premio Quanta da Competição Brasileira do É TUDO VERDADE - 6º Festival Internacional de Documentários - 2001. SP-RJ; Troféu especial ""Gilberto Freire de Cinema"" e Troféu de ""Melhor Roteiro de Documentário"" do 5º Festival de Cinema do Recife - 2001.",,Longa-metragem
295,Carolina,Jeferson De,Brasil,2003,15,Trama,Não informado,Não informado,,Curta-metragem
296,Porto das caixas,Paulo C&eacute;sar Saraceni,Brasil,1962,80,Não informado,Não informado,Não informado,,Longa-metragem
297,Arraial do Cabo,Mario Carneiro e Paulo C&eacute;sar Saraceni,Brasil,1959,17,Não informado,Não informado,"Prêmio Miqueldi de bronze no Festival de Bilbao, 1960 - ES.. Festival del Popolo, Florença - IT.. Festival de Santha Margueritha - IT. Prêmio Giuventu Catolica di Roma - IT.. Festival de Bergamo - IT. Festival del Campeone - IT. Prêmio Henri Langlois da Cinemateca Francesa - FR.. Prêmio da Crítica no Festival da Bahia, BA.. Prêmio Lulu de Barros do Governo da Guanabara, RJ.",,Curta-metragem
298,São Paulo Sociedade Anônima,Luiz S&eacute;rgio Person,Brasil,1965,107,Não informado,Não informado,"Prêmio de Público no Festival Internacional do Cinema Novo, 1965, Pesaro - ITALIAPrêmio Cabeza de Palenque no VIII Festival Internacional do Filme, 1965, Acapulco - MEXICOPrêmio Governador de Estado 1965 - melhor filme / melhor diretor - São Paulo- SPPrêmios SACI - melhor filme / melhor diretor/ melhor montagem - 1965",,Longa-metragem
299,Sargento Getúlio,Hermano Penna,Brasil,1983,85,Não informado,Não informado,11º Festival  de  Cinema de  Gramado- 1983Melhor FilmeMelhor  AtorMelhor  Ator  coadjuvanteMelhor  SomMelhor  Filme - Prêmio  da  CríticaMelhor  Filme -  Prêmio  da  Imprensa36º Festival  de  LocarnoMelhor  Direção 5 º  Festival  de  Havana (Cuba)Prêmio  Especial do  Júri Melhor  Ator5º Festival  dos  Três  Continentes (França)  Prêmio de Clubes UNESCOPrêmio  Governador  do Estado  de São PauloMelhor  Filme  do  Ano  de 1983 Associação Paulista de Críticos de Arte-APCA-1983Melhor Filme do AnoMelhor Diretor  Melhor Ator,,Longa-metragem
300,Novembrada,Eduardo Paredes,Brasil,1998,20,Não informado,Não informado,Não informado,,Curta-metragem
301,Tudo Bem,Arnaldo Jabor,Brasil,1978,110,Não informado,Não informado,"Melhor Filme e Melhor Ator Coadjuvante para Pereio, Paulo Cesar no Festival de Brasília, 11, 1978, Brasília - DF.. Prêmios Moliére de Cinema, 1978, de Melhor Filme; de Melhor Direção e de Melhor Atriz para Montenegro, Fernanda.. Melhor Atriz para Montenegro, Fernanda no Festival de Taormina - IT.",,Longa-metragem
302,Aruanda,Linduarte Noronha,Brasil,1960,22,Não informado,Não informado,Não informado,,Curta-metragem
303,A velha a fiar,Humberto Mauro,Brasil,1964,6,Não informado,Não informado,Não informado,,Curta-metragem
305,"Ô xente, pois não",Joaquim Assis,Brasil,1973,22,Não informado,Não informado,1º Prêmio no Festival Nacional de Curta Metragem patrocinado pelo Jornal do Brasil,,Curta-metragem
306,"Brasília, contradições de uma cidade nova",Joaquim Pedro de Andrade,Brasil,1967,23,Não informado,Não informado,Não informado,,Curta-metragem
307,Ilha das flores,Jorge Furtado,Brasil,1989,12,Não informado,Não informado,"17º Festival do Cinema Brasileiro, Gramado, 1989: Melhor filme de curta metragem (júri oficial, júri popular e prêmio da crítica), Melhor roteiro, Melhor montagem e mais 4 prêmios regionais (Melhor Filme, Melhor Direção, Melhor Roteiro e Melhor Montagem). 40º International Filmfestival, Berlim, Alemanha, 1990: Urso de Prata para curta metragem. Prêmio Air France, Rio de Janeiro, 1990: Melhor curta metragem brasileiro. Prêmio Margarida de Prata (CNBB), Brasília, 1990: Melhor curta-metragem. 3º Festival Internacional do Curta-metragem, Clermont-Ferrand, França, 1991: Prêmio Especial do Júri, Melhor Filme (Júri Popular). American Film and Video Festival, New York, 1991: Blue Ribbon Award. 7º No-budget Kurzfilmfestival, Hamburgo, Alemanha, 1991: Melhor Filme. Festival International du Film de Region, Saint Paul, França, 1993: Melhor Filme. Exibido na mostra ""Os 10 Melhores curtas brasileiros da década de 80"", no Cineclube Estação Botafogo, Rio de Janeiro, 1990.",,Curta-metragem
308,O oitavo selo,Tom&aacute;s Creus,Brasil,1999,15,Não informado,Não informado,"27o. Festival de Gramado/1999: - Melhor Roteiro - Prêmio do Júri PopularFestival do Rio /1999: - Melhor Ator (Tiago Real) - Prêmio do Público  Festival de Brasília (Brasil, 1999)5o. Vitória Cine Vídeo/1999: - Prêmio do PúblicoMostra Internacional de Curtas de São Paulo (Brasil, 1999)3o. Festival de Santa Maria da Feira/1999 (Portugal): - Prêmio do Público3a. Mostra de Cinema de Tiradentes/2000: - Prêmio do Público4o. Festival de Cinema e Vídeo de Curitiba/2000 - Melhor Roteiro - Melhor Filme Grande Prêmio do Cinema Brasileiro (Brasil, 2000)- Selecionado entre os cinco finalistas",,Curta-metragem
309,Açaí com jabá,Alan Rodrigues e Marcos Daibese Wal&eacute;rio Duarte,Brasil,2000,13,Não informado,Não informado,"Prêmio de Melhor Direção em Goiânia, Melhor Ator no Festival Guarnicê, Melhor Curta Metragem Paraense na Mostra de Curtas do Banco da Amazônia",,Curta-metragem
310,Dov`e Meneghetti,Beto Brant,Brasil,1989,12,Não informado,Não informado,Melhor Diretor no Festival do Rio BR 1989Melhor Filme - Crítica no Festival do Rio BR 1989Melhor Filme - Júri Popular no Festival do Rio BR 1989Melhor Fotografia no Festival do Rio BR 1989Melhor Trilha Sonora no Festival do Rio BR 1989Melhor Filme no Festival de Curitiba 1990Melhor Ator no Festival de Gramado 1989,,Curta-metragem
311,P R Kadeia,Eduardo Caron,Brasil,1992,15,Não informado,Não informado,"XX Festival Gramado 1992:Melhor Filme da Crítica, Melhor Filme do Jury, Melhor Diretor, Melhor Montagem, Melhor Som37ºSan Francisco Intsernational Film Festival:Golden Gate Awards Cerificate of Merit",,Curta-metragem
312,No princípio era o verbo,Virg&iacute;nia Jorge,Brasil,2006,18,Não informado,Não informado,- XII Vitória Cinevídeo:Prêmio de Júri Popular- Exibido no Guarnicê- 8º Festival Internacional de Curtas-metragem de BHMelhor Curta-metragem em 35mm segundo a críticaMelhores Atores Brasileiros para Darcy do Espírito Santo e Fábio Matos- 34º Festival de Cinema de GramadoPrêmio Especial do JúriMelhor RoteiroPrêmio Aquisição Canal Brasil- 17º Festival Internacional de Curtas Metragens de São PauloPrêmio Espaço Unibanco de Cinema-Exibido no Festival de Cinema de Goiânia-Exibido no Festival Audiovisual de Varginha- Vencedor do 1º AXN Film Festival- Exibido no Curta Cinema 2006-Festival de Atibaia Internacional do AudiovisualPrêmio de Melhor Ator para Augusto Madeira- Curta SE 7Melhor curta em 35mmMelhor filme segundo o Júri Popular- 11º Festival Brasileiro de Cinema de MiamiMelhor Direção de curta-metragemMelhor Filme de curta-metragem,,Curta-metragem
314,BMW vermelho,Reinaldo Pinheiro e Edu Ramos,Brasil,2001,22,Não informado,Não informado,Não informado,,Curta-metragem
315,Labirinto,Margarita Hern&aacute;ndez e Tibico Brasil,Brasil,2002,19,Não informado,Não informado,Melhor Documentário Festival Guarnicê (2002),,Curta-metragem
316,Reminiscência,Eduardo Nunes,Brasil,2001,12,Não informado,Não informado,Prêmio de Desenvolvimento de Roteiro (Riofilme);Melhor Fotografia (Festival de Vitória);Melhor Curta Metragem e Melhor Som (Festival Internacional de Curtas de Belo Horizonte);Melhor Direção (Festival de Cinema de Curitiba);,,Curta-metragem
317,Patuá,Snir Wein,Brasil,2002,14,27 Filmes,Não informado,Melhor Filme - Festival Primeiro Plano 2003Melhor Fotografia - Cine Esquema Novo 2003,,Curta-metragem
318,O resto é silêncio,Paulo Halm,Brasil,2003,23,Não informado,Não informado,"Melhor ator, premio da critica, prêmio aquisição canal Brasil e Melhor filme no Cine-PEMelhor ator e prêmio Especial do Júri no Guarnicê de cinema e vídeoMelhor ator e melhor roteiro em GramadoMelhor ator, melhor filme de ficção e Premio OCIC na Jornada de Cinema da BahiaMelhor filme de ficção no Alucine - Festival de cinema de TorontoMelhor ator e melhor filme do júri popular - Vitória cine festivalMelhor filme do júri popular - Festival de Santa Maria da Feira",,Curta-metragem
319,Príncipe do fogo,Silvio Da-Rin,Brasil,1984,11,Lumiar Produções Audiovisuais (Diálogo Comunicação Ltda.),"Nyon (Suíça), Gramado, Rio-Cine e Jornada da Bahia",Prêmio de Melhor Montagem no Festival de Gramado e Melhor Fotografia no Rio-Cine Festival.,1984-06-26,Curta-metragem
321,Criaturas que nasciam em segredo,Chico Teixeira,Brasil,1995,21,Não informado,Não informado,".Medalha de ouro, Melhor Filme de Curta Metragem, Prêmio Íbero Americano no  Festival de Cinema de Huesca(junho 1996) (Espanha).Prêmio Mensão Honrosa de Melhor Documentário no 40 Festival Chileno Internacional Del Cortometraje (Outubro 1996) (Espanha).Segundo Melhor Documentário pelo Juri Popular, no 4o Festival Internacional de Curtas Metragens de Vila do Conde (Julho 1996) (Portugal)  .Prêmio Melhor Filme e Direção 23 Festival de Gramado (Agosto 1995) (Brasil).Prêmio Melhor Direção,Música e Montagem , 28 Festival de Brasilia(Novembro 1995) (Brasil).Prêmio Especial do Juri, 120 Rio Cine Festival ,(Julho 1996 ) (Brasil).Prêmio Melhor Filme de Curta Metragem de 1995 pela APCA (Associação Paulista de Críticos de Arte) (Abril 1996) (Brasil).Prêmio Diretor Revelação e Música ,3 Mostra Nacional de Cinema de Cuiabá(Outubro 1995) (Brasil).Prêmio Kodak Melhor Curta Metragem no 3 Festival Nacional de Cinema de Cuiabá(Outubro 1995) (Brasil).Prêmio Melhor Filme Documentário no XXIII Jornada Internacional de Cinema da Bahia (Setembro 1996) (Brasil).Prêmio Melhor Direção e Roteiro, VI Cine Ceará (Jun 1996) (Brasil).Prêmio Melhor Trilha Sonora e Melhor Filme pelo Juri Popular,XIX Guarnicê de Cine-Vídeo do Maranhão (Junho 1996) (Brasil).Prêmio Troféu Jangada de Melhor Filme no XIX Guarnicê de Cine-Vídeo do Maranhão (Junho 1996) (Brasil)",,Curta-metragem
322,O homem do morcego,Ruy Solberg,Brasil,1980,17,Não informado,Não informado,Não informado,,Curta-metragem
323,"Simião Martiniano, o camelô do cinema",Clara Ang&eacute;lica e Hilton Lacerda,Brasil,1998,14,Não informado,Não informado,Não informado,,Curta-metragem
324,Roberto,Amilcar Monteiro Claro,Brasil,1994,17,Não informado,Não informado,Não informado,,Curta-metragem
325,Cine Holiúdy - O astista contra o caba do mal,Halder Gomes,Brasil,2004,15,Não informado,Não informado,"Melhor Filme Festival de Campo Grande 2005, Melhor Filme Mostra do Filme Livre do Rio 2005, Melhor Filme Amazonas Film Festival 2005, Melhor Filme Cine Curupira 2006, Melhor Filme Festival de Curtas de Natal 2005, Melhor Filme  Fest Cine Teresina 2006, Melhor Filme e Melhor Direção de Arte Festival Mercosul 2005, Melhor Filme Mostra Brasil Plural 2005, Melhor Roteiro Festival de Curitiba 2005, Melhor Roteiro Festival Latino Americano de Curtas de Canoa 2005, Melhor Ator, Música e Direção de Arte Festival de Maringá 2005, Menção Honrosa Festival Int. do Rio 2004, Menção Honrosa Fest. de Curtas de Goiânia.",,Curta-metragem
326,Como se morre no cinema,Luelane Loiola Corr&ecirc;a,Brasil,2000,20,Não informado,Não informado,"Sol de Oro (Melhor Curta, LA CITA, Festival de Biarritz);Grande Prêmio do Cinema Brasileiro (Melhor Curta Documentário - Academia Brasileira de Cinema);Melhor Montagem, Melhor Filme, Prêmio do Júri Popular, Prêmio da Crítica (30º Festival de Gramado);Melhor Documentário, Melhor Direção, Prêmio de Aquisição Canal Brasil (6º Festival de Cinema do Recife);Melhor Montagem (Zoom CineEsquemaNovo-Festival de Cinema de Porto Alegre);Melhor Documentário (9º Vitória Cine Vídeo);Prêmio Espaço Unibanco de Cinema (13º Festival Internacional de Curtas-Metragens de São Paulo).",,Curta-metragem
327,O trabalho dos homens,Fernando Bonassi,Brasil,1998,10,AF Cinema e Video Ltda. / Cessionaria: Politheama e Filmes Ltda.,·Festival de Gramado 1998.Rio Cine 1998·Cine Ceará 1998,"Festival de Gramado 1998, Melhor Filme, Melhor Roteiro Prêmio Canal Brasil..Rio Cine 1998, Melhor Roteiro.·Cine Ceará 1998, Melhor Roteiro.",,Curta-metragem
328,Rota de colisão,Roberval Duarte,Brasil,1999,12,3 Tabela Filmes,Não informado,"-Prêmio Revelação / Troféu TV Cultura: X Festival Internacional de Curtas Metragens de São Paulo-Prêmio de Melhor Fotografia para Curta-Metragem 35mm / Prêmio ANDI - Cinema pela Infância: Festival de Brasília do Cinema Brasileiro 1999-Melhor Direção - Competição de Curtas Metragens: II Buenos Aires Festival Internacional de Cine Independiente-Prêmio Revelação / Prêmio Cineclubes: IV Festival de Cinema Luso-Brasileiro - Santa Maria da Feira-Prêmio Danzante de Oro - Melhor Filme - Certamen Iberoamericano: Festival de Cine de Huesca, Espanha 2000-Melhor Montagem e  Melhor Desenho Sonoro: X Cine Ceará-Prêmio Canal +: Festival de Biarritz 2000-Prêmio Melhor Curta Metragem de Ficção: Festival Internacional de Cine de Valdivia 2000",,Curta-metragem
329,Balaio,Luiz Montes,Brasil,2004,10,Não informado,Não informado,Melhor Curta 9o Festival de CuritibaPrêmio Canal Brasil 33o Festival de Gramado,,Curta-metragem
330,O cão sedento,Bruno de Sales,Brasil,2005,10,Não informado,Não informado,- Melhor trilha sonora para curta-metragem no 12º Vitória Cine Vídeo [dezembro 2005]- Melhor Direção em 16mm no 38º Festival de Brasília do Cinema Brasileiro e prêmio incentivo do - Ministério da Cultura para melhor direção [novembro 2005]- 2º lugar geral no Festival de cinema CURTA NATAL MADA [maio 2005]- Melhor Direção e montagem para curta-metragem 16mm no CINE PE 2005 ? Festival do Audiovisual [abril 2005],,Curta-metragem
331,Bala perdida,Victor Lopes,Brasil,2004,14,Não informado,Não informado,"Favoritos do Público - Festival Internacional de Campo Grande, Brasil, 2005Melhor Curta-Metragem - Cine PE- Festival de Recife, Brasil, 2004Melhor Curta-Metragem de ficção - Cine PE - Festival do Audiovisual de Recife, Brasil, 2004Melhor Direção - Cine PE - Festival do Audiovisual/Fest. de Recife, Brasil, 2004Melhor Som Cine PE - Festival do Audiovisual/Fest. de Recife, Brasil, 2004Melhor Filme - Athens Internacional Film Festival - Ohio - EUA, 2004Melhor Filme - Festival de Ribeirão Preto, Brasil, 2004Melhor roteiro - Festival de Ribeirão Preto, 2004, Brasil, 2004Melhor Som - Festival de Ribeirão Preto, Brasil, 2004Melhor Montagem - Festival de Ribeirão Preto, Brasil, 2004Favoritos do Público - Festival Guarnicê, Brasil, 2004Melhor Filme - Festival Guarnicê, Brasil, 2004Melhor Montagem - Festival Guarnicê, Brasil, 2004Melhor Roteiro - 6° Festival Internacional de Curtas Belo Horizonte, Brasil, 2004Melhor Filme Narrativo - Academia de Cinema, Brasil, 2004Certificado de Mérito - Chicago International Film Festival, EUA, 2004Favoritos do Público - Festival Internacional de Curtas Metragens de São Paulo, Brasil, 2003Melhor Curta-Metragem Júri Oficial - Festival do Rio, Brasil, 2003",,Curta-metragem
332,Baseado em fatos reais,Bruno Bini,Brasil,2001,17,Não informado,Não informado,Melhor Filme - Festival de Cinema e Vídeo de Cuiabá 2001- Melhor Ator - Cassiano Carneiro - Mostra Curta Cinema 2001 - Melhor Trilha Sonora Original - Guarnicê 2002,,Curta-metragem
335,Amor & cia.,Helv&eacute;cio Ratton,Brasil,1998,100,Não informado,Não informado,Não informado,,Longa-metragem
336,Assim era a Atlantida,Carlos Manga,Brasil,1974,105,Não informado,Não informado,Não informado,,Longa-metragem
337,O Profeta das Cores,Leopoldo Nunes,Brasil,1995,28,Não informado,Não informado,Não informado,,Curta-metragem
338,Bicho de sete cabeças,La&iacute;s Bodanzky,Brasil,2000,88,Não informado,Não informado,Não informado,,Longa-metragem
334,Rua do Amendoim,Jo&atilde;o Vargas Penna,Brasil,1998,11,Não informado,Não informado,Não informado,,Curta-metragem
333,Aleluia Gretchen,Sylvio Back,Brasil,1976,118,Não informado,"Seleção oficial dos festivais de Brasília e Gramado/1976, Berlim e Mannheim (Alemanha)/1977e Chicago (EUA)/1977","""Melhor diretor"": Sylvio Back (""Air France"")""Melhor diretor"": Sylvio Back (""Golfinho de Ouro"")""Melhor argumento"": Sylvio Back (""Governador de São Paulo"")""Melhor roteiro"": Sylvio Back, Manoel Carlos Karam, Oscar Milton Volpini(Associação Paulista dos Críticos de Arte - APCA)""Melhor atriz"": Miriam Pires (""Air France"")""Melhor atriz"": Miriam Pires (""Coruja de Ouro"")""Melhor ator"": Sérgio Hingst (APCA)""Melhor fotografia"": José Medeiros (“Coruja de Ouro”)Melhor fotografia: José Medeiros (Festival de Gramado)""Melhor fotografia"": José Medeiros (""Governador de São Paulo"")""Melhor figurino"": Luis Afonso Burigo (“Coruja de Ouro”)""Melhor cenografia"": Ronaldo Leão Rego/ Marcos Carrilho (APCA)""Melhor cenografia"": Ronaldo Leão Rego/  Marcos Carrilho  (""Governador de São Paulo"")""Melhor ator coadjuvante"": José Maria Santos (Festival de Gramado)Prêmio Qualidade da Embrafilme",,Longa-metragem
339,Brasa adormecida,Djalma Limongi Batista,Brasil,1986,105,Não informado,Não informado,Não informado,,Longa-metragem
340,O crime da imagem,L&iacute;rio Ferreira,Brasil,1992,13,Não informado,Não informado,Não informado,,Curta-metragem
341,"Cinema, aspirinas e urubus",Marcelo Gomes,Brasil,2005,99,Não informado,Não informado,Não informado,,Longa-metragem
342,Conterrâneos velhos de guerra,Vladimir Carvalho,Brasil,1990,168,Não informado,Não informado,Não informado,,Longa-metragem
343,A musa do cangaço,Jos&eacute; Umberto,Brasil,1982,15,Não informado,Não informado,Não informado,,Curta-metragem
344,Corisco & Dadá,Rosemberg Cariry,Brasil,1996,96,Não informado,Não informado,Não informado,,Longa-metragem
345,Delmiro Gouveia: o homem e a terra,Ruy Santos,Brasil,1971,9,Não informado,Não informado,Não informado,,Curta-metragem
346,Coronel Delmiro Gouveia,Geraldo Sarno,Brasil,1978,90,Não informado,Não informado,Não informado,,Longa-metragem
347,Cego Oliveira no sertão do seu olhar,Lucila Meirelles,Brasil,1998,17,Lucila Carvalho Junqueira Meirelles - EPP ,Não informado,Não informado,,Curta-metragem
348,Janela da alma,Jo&atilde;o Jardim e Walter Carvalho,Brasil,2001,73,TAMBELLINI FILMES E PRODUÇÕES AUDIOVISUAIS LTDA  / Co-produção: DUETO FILMES. EM ASSOCIAÇÃO COM ESTÚDIOS MEGA E TIBET FILME,Não informado,Não informado,,Longa-metragem
349,Sinistro,Ren&eacute; Sampaio,Brasil,2001,19,Não informado,Não informado,Não informado,,Curta-metragem
350,Os matadores,Beto Brant,Brasil,1997,90,Não informado,Não informado,Não informado,,Longa-metragem
351,Padre Cícero,Geraldo Sarno,Brasil,1972,10,Não informado,Não informado,Não informado,,Curta-metragem
352,Milagre em Juazeiro,Wolney Oliveira,Brasil,1999,83,Não informado,Não informado,Não informado,,Longa-metragem
353,O prisioneiro,Eric Laurence,Brasil,2001,17,Não informado,Não informado,Não informado,,Curta-metragem
354,Quase dois irmãos,L&uacute;cia Murat,Brasil,2004,102,Taiga Filmes e Vídeo,Toronto Film Festival - 2004Montreal Film festival - 2004Festival do Rio - 2004Mostra de São Paulo - 2004Festival de Biarritz - 2004Festival do Rio 2004Amazonas film festival 2004Festival de Havana 2004Festival de Marseille 2005Festival Mar Del Plata 2005Festival Brasileiro de Paris 2005Festival de Belém 2005Brasilian Miami film festival 2005Festival de Huelva 2005Festival de Havana - 2004Festival de Palm Springs - 2005Festival de Créteil - 2005San Francisco International Film Festival - 2005Seattle International Film Festival - 2005Festival de Lima – 2005Festival de Valdivia- 2005Festival de Quito – 2005London Film Festival – 2005Helsink Film Festival – 2005Meinheim Film Festival -2005Haifa Film FestivalMelbourne film Festival,"Festival do Rio 2004Melhor Diretor – Lúcia MuratMelhor Ator – Flávio BauraquiFipresci Award (Federação Internacional de Críticos) – Best Latin American FilmAmazonas film festival 2004Melhor FilmeFestival de Havana 2004Melhor EdiçãoMelhor Trilha SonoraFestival de Marseille 2005Melhor filme do públicoPrêmio especial do JúriFestival Mar Del Plata 2005Melhor filme do juri popularMelhor filme ibero-americano do juriFestival Brasileiro de Paris 2005Melhor filme do Público Festival de Belém 2005Melhor roteiro – Lucia Murat e Paulo LinsMelhor ator coadjuvante – Babu SantanaMelhor atriz coadjuvante – Maria FlorBrasilian Miami film festival 2005Melhor som – Naná VasconcelosFestival de Huelva 2005Prêmio Radio de EspañaPrêmios Especial do JuradosAssociação Paulista dos críticos de Arte 2005Melhor roteiro – Lucia Murat e Paulo LinsAssociação dos Correspondentes Estrangeiros 2005Indicado para melhor filme, melhor diretor, melhor roteiro e melhor ator ",,Longa-metragem
355,A pedra da riqueza,Vladimir Carvalho,Brasil,1976,16,Não informado,Não informado,Não informado,,Curta-metragem
356,Uma questão de terra,Manfredo Caldas,Brasil,1988,80,Não informado,Não informado,Não informado,,Longa-metragem
357,O último raio de sol,Bruno Torres,Brasil,2004,22,Não informado,Não informado,Não informado,,Curta-metragem
358,O rap do Pequeno Príncipe contra as almas sebosas,Marcelo Luna e Paulo Caldas,Brasil,2000,75,Raccord Produções Artísticas e Cinematográficas Ltd,Não informado,Não informado,,Longa-metragem
359,A lasanha assassina,Ale McHaddo,Brasil,2002,8,44 TOONS,Não informado,Não informado,,Curta-metragem
360,Os Xeretas,Michael Ruman,Brasil,2001,90,Não informado,Não informado,Não informado,,Longa-metragem
361,Inventário da rapina,Aloysio Raulino,Brasil,1986,27,Não informado,Não informado,Não informado,,Curta-metragem
362,Recife/Sevilha - João Cabral de Melo Neto,Bebeto Abrantes,Brasil,2003,52,Não informado,Não informado,Não informado,,Média-metragem
363,Informística,C&eacute;sar Coelho,Brasil,1986,7,Não informado,Não informado,Não informado,,Curta-metragem
364,Instinto animal,L&eacute;a Zagury,Brasil,1986,6,Não informado,Não informado,Não informado,,Curta-metragem
365,Quando os morcegos se calam,F&aacute;bio Lignini,Brasil,1986,6,Não informado,Não informado,Não informado,,Curta-metragem
366,O músico e o cavalo,Telmo Carvalho,Brasil,1986,5,Não informado,Não informado,Não informado,,Curta-metragem
367,Em nome da lei,Rodrigo Guimar&atilde;es,Brasil,1986,4,Não informado,Não informado,Não informado,,Curta-metragem
368,Noturno,A&iacute;da Queiroz,Brasil,1986,5,Não informado,Não informado,Não informado,,Curta-metragem
369,Viagem de ônibus,Daniel Schorr,Brasil,1986,6,Não informado,Não informado,Não informado,,Curta-metragem
370,Evoluz,Jos&eacute; Rodrigues Neto,Brasil,1986,5,Não informado,Não informado,Não informado,,Curta-metragem
371,Presepe,Patr&iacute;cia Alves Dias,Brasil,1986,6,Não informado,Não informado,Não informado,,Curta-metragem
372,Tem boi no trilho,Marcos Magalh&atilde;es,Brasil,1986,6,Animando Produções Artísticas,Não informado,Não informado,,Curta-metragem
373,O maior espetáculo da terra,Marco Pimentel,Brasil,2005,15,Não informado,Não informado,Não informado,,Curta-metragem
374,A lente e a janela,Marcius Barbieri,Brasil,2005,12,Não informado,Não informado,Não informado,,Curta-metragem
375,Passadouro,Torquato Joel,Brasil,1999,6,Não informado,Não informado,Não informado,,Curta-metragem
376,Recife de dentro pra fora,K&aacute;tia Mesel,Brasil,1997,15,Não informado,Não informado,Não informado,,Curta-metragem
377,Geraldo Voador,Bruno Vianna,Brasil,1994,10,Não informado,Não informado,Não informado,,Curta-metragem
378,Trampolim,Fiapo Barth,Brasil,1998,12,Não informado,Não informado,Não informado,,Curta-metragem
379,Wholes,A.S. Cec&iacute;lio Neto,Brasil,1991,10,Não informado,Não informado,Não informado,,Curta-metragem
380,Hermeto campeão,Thomaz Farkas,Brasil,1981,35,Não informado,Não informado,Não informado,,Média-metragem
381,"Tom Zé, ou quem irá colocar uma dinamite na cabeça do século?",Carla Gallo,Brasil,2000,48,Não informado,Não informado,Não informado,,Média-metragem
382,Lua oriental,Jos&eacute; Roberto Aguilar,Brasil,1978,6,Não informado,Não informado,Não informado,,Curta-metragem
383,Heróis da decadênsia,Tadeu Jungle,Brasil,1987,35,TVDO,"Videobrasil 1987, Festival de Havana 1987.",Vencedor do Videobrasil 1987,1987-05-10,Média-metragem
384,"O beijoqueiro, retrato de um serial kisser",Carlos Nader,Brasil,1992,29,Não informado,Não informado,Não informado,,Curta-metragem
385,Videocabines são caixas pretas,Sandra Kogut,Brasil,1990,10,Não informado,Não informado,Não informado,,Curta-metragem
386,Ali é um lugar que eu não conheço,Lucas Bambozzi,Brasil,1997,6,Não informado,Não informado,Não informado,,Curta-metragem
387,Com o oceano inteiro para nadar,Karen Harley,Brasil,1997,20,Não informado,Não informado,Não informado,,Curta-metragem
388,Clarita,Thereza Jessouroun,Brasil,2007,14,Não informado,Não informado,Não informado,,Curta-metragem
389,33,Kiko Goifman,Brasil,2003,75,PaleoTV,Não informado,Não informado,,Longa-metragem
390,Um dia na rampa,Luiz Paulino dos Santos,Brasil,1957,9,Não informado,Não informado,Não informado,,Curta-metragem
391,Bahia de Todos os Santos,Trigueirinho Neto,Brasil,1960,98,Não informado,Não informado,Não informado,,Longa-metragem
392,Edifício Master,Eduardo Coutinho,Brasil,2002,110,Não informado,Não informado,Não informado,,Longa-metragem
393,Jango,Silvio Tendler,Brasil,1984,117,Não informado,Não informado,Não informado,,Longa-metragem
394,A lira do delírio,Walter Lima J&uacute;nior,Brasil,1978,105,Não informado,Não informado,Não informado,,Longa-metragem
395,Madame Satã,Karim Ainouz,Brasil,2002,105,VIDEOFILMES PRODUÇÕES ARTÍSTICAS LTDA,Não informado,Não informado,,Longa-metragem
396,Mazel Tov,Fl&aacute;via Seligman e Jaime Lerner,Brasil,1990,14,Não informado,Não informado,Não informado,,Curta-metragem
397,Netto perde sua alma,Beto Sousa e Tabajara Ruas,Brasil,2001,102,Não informado,Não informado,Não informado,,Longa-metragem
398,O homem e o limite,Ruy Santos,Brasil,1975,30,Não informado,Não informado,Não informado,,Média-metragem
399,Onde a terra acaba,S&eacute;rgio Machado,Brasil,2001,75,Não informado,Não informado,Não informado,,Longa-metragem
400,Lá e cá,Sandra Kogut,Brasil,1993,28,Não informado,Não informado,Não informado,,Curta-metragem
401,Um passaporte húngaro,Sandra Kogut,Brasil,2002,71,Zeugma Films - FR; República Pureza Filmes - BR; Arte France; Hunnia Film Studio; Cobra Filmes; RTBF; CIVC Pierre Schaeffer,Não informado,Não informado,,Longa-metragem
402,Satori uso,Rodrigo Grota,Brasil,2007,17,Não informado,Não informado,Não informado,,Curta-metragem
403,O poeta de sete faces,Paulo Thiago,Brasil,2001,94,Não informado,Não informado,Não informado,,Longa-metragem
404,O universo de Mojica Marins,Ivan Cardoso,Brasil,1978,26,Não informado,Não informado,Não informado,,Curta-metragem
405,As sete vampiras,Ivan Cardoso,Brasil,1986,86,Não informado,Não informado,Não informado,,Longa-metragem
406,"Amazonas, Amazonas",Glauber Rocha,Brasil,1966,15,Não informado,Não informado,Não informado,,Curta-metragem
407,Terceiro milênio,Jorge Bodanzky,Brasil,1981,90,Stopfilm/ZDF,Não informado,Não informado,,Longa-metragem
408,O velho - a história de Luís Carlos Prestes,Toni Venturi,Brasil,1997,105,Não informado,Não informado,Não informado,,Longa-metragem
409,Sushiman,Pedro Iu&aacute;,Brasil,2003,20,Não informado,Não informado,Não informado,,Curta-metragem
410,Essa animação não tem nome,Gustavo Russo e Thomas Larson,Brasil,2002,3,Usinanimada,Não informado,Não informado,,Curta-metragem
411,Santa de casa,Allan Sieber,Brasil,2006,18,Não informado,Não informado,Não informado,,Curta-metragem
413,Quando Jorge foi à guerra,Tadao Miaqui,Brasil,2004,8,Não informado,Não informado,Não informado,,Curta-metragem
414,Os três porquinhos,Cl&aacute;udio Roberto,Brasil,2006,4,Não informado,Não informado,Não informado,,Curta-metragem
415,Cidade fantasma,Lisandro Santos,Brasil,1999,7,Não informado,Não informado,Não informado,,Curta-metragem
416,Biribinha Atômica,"Ricardo Piologo, Rodrigo Piologo e Rog&eacute;rio Vilela",Brasil,2006,3,Mundo Canibal,Anim!Arte 2007Mostra Paralela de Animações e VídeosDIA - Dia Internacional da Animação 2007Associação Brasileira de Cinema de AnimaçãoII Mostra Curta Audiovisual Campinas 2006,A Biribinha Atômica levou o prêmio de Melhor Filme da Mostra Nacional do 2º Granimado - o Festival Brasileiro de Animaçã,2006-05-02,Curta-metragem
417,Hotel do coração partido,Raoni Assis,Brasil,2006,4,Não informado,Não informado,Não informado,,Curta-metragem
418,A traça Teca,Diego Doimo,Brasil,2002,8,Não informado,Não informado,Não informado,,Curta-metragem
419,Tem um dragão no meu baú,Rosaria,Brasil,2005,2,Não informado,Não informado,Não informado,,Curta-metragem
420,Albertinho,N&uacute;cleo Animazul,Brasil,2006,12,Não informado,Não informado,Não informado,,Curta-metragem
421,Para chegar até a lua,Jos&eacute; Guilhermo Hiertz,Brasil,2005,10,Não informado,Não informado,Não informado,,Curta-metragem
422,Mitos do mondo: Por que o canguru salta em duas patas?,Andr&eacute;s Lieban,Brasil,2004,11,2Dlab/Laboratório de Desenhos,10/2004 – Chicago Children’s Film Festival - USA03/2005 - New York International Children's Film Festival - USA07/2005 – Anima Mundi – Brasil ,Não informado,,Curta-metragem
423,Caquinhas,Cesar Cabral,Brasil,2005,5,Não informado,Não informado,Não informado,,Curta-metragem
424,"Cuidando, dá linha",Wilson Lazaretti,Brasil,1997,7,Não informado,Não informado,Não informado,,Curta-metragem
425,Minhocas,Paolo Conti,Brasil,2005,15,Animaking Produções,17º Festival Internacional de Curtas de São Paulo,VI Festival Luso Brasileiro de Curtas-metragens de Sergipe – CURTASE•Melhor animação – júri popular•Melhor vídeo – júri popular14º Anima Mundi•Rio de Janeiro – Melhor Animação infantil•São Paulo – Melhor Animação Infantil5º Mostra de Cinema Infantil de Florianópolis•2º Lugar (empate com outro filme)1º Granimado – Festival de Animação de Gramado•Melhor animação – júri técnico•Melhor animação – prêmio ABCAV Festival de Varginha•Prêmio ET de ouro – Melhor animação28º JVC Tokyo Vídeo Festival•Prêmio Excelência,2006-04-26,Curta-metragem
426,Leonel pé-de-vento,Jair Giacomini,Brasil,2006,15,Não informado,Não informado,Não informado,,Curta-metragem
427,Lúmen,Wilian Salvador,Brasil,2007,4,Não informado,Não informado,Não informado,,Curta-metragem
428,Relacionamentos,Gordeeff,Brasil,2003,5,Não informado,Não informado,Não informado,,Curta-metragem
429,A noite do vampiro,Al&ecirc; Camargo,Brasil,2006,6,Buba Filmes,Anima Mundi 2007Guarnicê 2007Atibaia 2007Outros,Anima Mundi 2007 - Melhor Animação Brasileira (Segundo Lugar)Guarnicê 2007 - Melhor Video NacionalAtibaia 2007 - Melhor Video Nacional,2006-06-06,Curta-metragem
430,Os olhos do pianista,Frederico Pinto,Brasil,2005,5,Não informado,Não informado,Não informado,,Curta-metragem
431,Devoção,Rafael Ferreira,Brasil,2006,11,AV Produções Artísticas,Não informado,Não informado,2006-06-14,Curta-metragem
432,Roubada!,"Consequ&ecirc;ncia, Maur&iacute;cio Vidal, Renan de Moraes e Sergio Yamasaki",Brasil,2000,4,Estúdio Conseqüência de Animação S/C Ltda,"Anima Mundi 200024º Festival Internacional de Cinema de Animação - Cinanima 2000 - Portugal8º Festival de Cinema e Vídeo de Cuiabá, em 20007º Vitória Cine Vídeo, em 20007º Festival Nacional de Vídeo - Imagem em 5 Minutos - Bahia, 200017th. Chicago Latino Film Festival - Chicago, U.S.A. / 2001","Anima Mundi 2000 conquistando três prêmios:Melhor Vídeo Brasileiro - Rio de JaneiroMelhor Vídeo Brasileiro - São PauloPrêmio TV Globo de Incentivo, pelo segundo ano consecutivo",,Curta-metragem
433,Primeiro movimento,&Eacute;rica Valle,Brasil,2006,6,Não informado,Não informado,Não informado,,Curta-metragem
434,Acadêmicos do morrinho - parte 1,"Chico Serra, F&aacute;bio Gavi&atilde;o, Nelcirlan Souza e Renato Dias",Brasil,2006,4,Não informado,Não informado,Não informado,,Curta-metragem
435,Defina-se,Kelly Regina Alves,Brasil,2002,4,Não informado,Não informado,Não informado,,Curta-metragem
436,"Geyzislaine, meu amor",Alunos da Amacine e Liceu Cl&aacute;udio Santoro,Brasil,2005,4,Não informado,Não informado,Não informado,,Curta-metragem
437,Seu Aluisio e o mar,"Mariela Brito, Meg Medeiros e N&uacute;cleo Kabum",Brasil,2006,7,Não informado,Não informado,Não informado,,Curta-metragem
438,Acadêmicos do Morrinho - parte 2,"Chico Serra, F&aacute;bio Gavi&atilde;o, Nelcirlan Souza e Renato Dias",Brasil,2006,4,Não informado,Não informado,Não informado,,Curta-metragem
439,Maria capacete,Eduardo Bezerra e Victor Luiz dos Santos,Brasil,2006,21,Não informado,Não informado,Não informado,,Curta-metragem
440,Mulher de amigo,Leandro Monteiro,Brasil,2005,13,Não informado,Não informado,Não informado,,Curta-metragem
441,O saci no morrinho,"F&aacute;bio Gavi&atilde;o, Jos&eacute; Carlos Junior, Nelcirlan Souza e Renato Dias",Brasil,2006,4,Não informado,Não informado,Não informado,,Curta-metragem
442,"Picolé, pintinho e pipa",Gustavo Melo,Brasil,2007,15,Não informado,Não informado,Não informado,,Curta-metragem
454,As andanças do nosso senhor sobre a terra,Betse de Paula,Brasil,2005,13,Não informado,Não informado,Não informado,,Curta-metragem
455,Tampinha,Jo&atilde;o Batista Melo,Brasil,2004,13,Não informado,Não informado,Não informado,,Curta-metragem
456,São João do carneirinho,Tarc&iacute;sio Lara Puiati,Brasil,2004,13,Não informado,Não informado,Não informado,,Curta-metragem
457,Uma jangada chamada Bruna,Petrus Cariry,Brasil,2004,13,Não informado,Não informado,Não informado,,Curta-metragem
458,"Tainá-Kan, a grande estrela",Adriana Figueiredo,Brasil,2006,15,Não informado,Não informado,Não informado,,Curta-metragem
459,O moleque,Ari Candido Fernandes,Brasil,2004,13,Não informado,Não informado,Não informado,,Curta-metragem
460,Vox populi,Marcelo Laffitte,Brasil,1997,18,Não informado,Não informado,Não informado,,Curta-metragem
461,Tá,Felipe Sholl,Brasil,2007,5,Não informado,Não informado,Não informado,,Curta-metragem
462,Sexo e claustro,Claudia Priscilla,Brasil,2005,12,Não informado,Não informado,Não informado,,Curta-metragem
463,Sargento Garcia,Tutti Gregianin,Brasil,2000,15,Não informado,Não informado,Não informado,,Curta-metragem
464,Rasgue minha roupa,Lufe Steffen,Brasil,2002,11,ESKIMÓ PRODUÇÕES,Não informado,"Melhor Direção, Melhor Roteiro, Melhor Filme pelo Júri Popular e Melhor Ator na 5a Mostra Londrina de Cinema ( PR ) / Troféu Arco-Íris no 1o Cine Esquema Novo ( Porto Alegre – RS ) / Melhor Filme, Melhor Direção e Melhor Atriz no 7o Festival de Cinema Super-8 de Campinas ( SP ) /Melhor Montagem na Mostra de Super-8 do 30o Festival de Gramado ( RS ) / Melhor Filme em Super-8 no 25o Festival Guarnicê de Cinema e Vídeo ( São Luís – MA ) /  Melhor Filme pelo Júri Popular e Menção Honrosa para Direção de Atores no 4o Festival de Cinema Super-8 de São Paulo ( SP )  ",2002-04-01,Curta-metragem
465,Meninas,Paula Alves,Brasil,1997,17,Não informado,Não informado,Não informado,,Curta-metragem
466,Entre trilhos,Elo&iacute;sa Fusco,Brasil,2003,6,Não informado,Não informado,Não informado,,Curta-metragem
468,Fuloresta do samba,Marcelo Pinheiro,Brasil,2005,26,Não informado,Não informado,Não informado,,Curta-metragem
469,Diário de Naná,Paschoal Samora,Brasil,2006,60,Não informado,Não informado,Não informado,,Média-metragem
470,Uakti – oficina instrumental,Rafael Conde,Brasil,1987,12,Filmegraph,"Cinemateca de Bolonha/Itália; Oberhausen, Festival Latino de Nova Iorque; Festival de Brasília; Jornada de Salvador entre outros",Melhor filme e melhor montagem XV Festival de Cinema de Gramado,,Curta-metragem
471,Messalina,Cristiane Oliveira,Brasil,2004,14,Não informado,Não informado,Não informado,,Curta-metragem
472,Estória alegre,Claudia Pucci,Brasil,2002,9,Não informado,Não informado,Não informado,,Curta-metragem
473,Desventuras de um dia ou a vida não é um comercial de margarina...,Adriana Meirelles,Brasil,2004,10,Não informado,Não informado,Não informado,,Curta-metragem
474,Cartão vermelho,La&iacute;s Bodanzky,Brasil,1994,14,Não informado,Não informado,Não informado,,Curta-metragem
475,3 minutos,Ana Luiza Azevedo,Brasil,1999,6,Não informado,Não informado,Não informado,,Curta-metragem
476,Dalva,Caroline Leone,Brasil,2004,10,Faap,"- SELEÇÃO OFICIAL DO 11 L’ALTERNATINA 2004 – FESTIVAL INTERNACIONAL DE CINEMA INDEPENDENTE DE BARCELONA – ESPANHA 2004- MELHOR MONTAGEM – 11 VITORIA CINE VIDEO – ES – BRASILTROFÉU ONLINE (PÚBLICO) – 11 VITORIA CINE VIDEO – ES – BRASIL 2004- PREMIO ESPECIAL DO JÚRI – PRIMEIRO PLANO JUIZ DE FOR A – MG – BRASIL 2004- MELHOR ROTEIRO – PANORAMA LATINO AMERICANO DE CINEMA UNIVERSITÁRIO – SP – BRASIL 2004- MELHOR ATRIZ – 32o FESTIVAL DE BRASÍLIA DO CINEMA BRASILEIRO – DF – BRASIL 2004- SELEÇÃO OFICIAL DO FESTIVAL INTERNACIONAL DE FRIBOURG SUIÇA 2005- SELEÇÃO OFICIAL DO XXIII FESTIVAL CINEMATOGRÁFICO INTERNACIONAL DO URUGUAY 2005- SELEÇÃO OFICIAL DA MOSTRA 8a MOSTRA DE CINEMA DE TIRADENTES 2005- SELEÇÃO OFICIAL DO 17° RENCONTRES CINÉMAS d'AMÉRIQUE LATINE DE TOULOUSE 2005- SELEÇÃO OFICIAL DA 5a EDIÇAO DO HUMAN NIGHTS FILM FESTIVAL – BOLONHA, FORLI, TORINO, ROMA E PALERMO – ITÁLIA 2005- 10ème Festival de Contis - Saint Julien en Born – França 2005- 20th Cinema Jove International Film Festival 2005 – Valencia, Espanha- 10º Festival Brasileiro de Cinema Universitário – Niteroi, RJ (Menção Honrosa da ABDeC)- 9º Florianópolis Audiovisual Mercosul - FAM 2005, Florianópolis, SC- 4º Santa Maria Vídeo e Cinema – Santa Maria, Rio Grande do Sul-  Seleção Oficial do 12 Belgrade Human Rights Film Festival 2005– Belgrado, Sérvia e Montenegro- Seleção Oficial do 24th Uppsala Internatinal Short Film Festival, Upssala, Suécia, Outubro de 2005.- Prêmio Revelação – 16 Festival Internacional de Curtas Metragens de São Paulo- Melhor filme latino Americano – 47th Bilbao International Festival of Documentaries and Short Films -  Bilbao - Spain","- Prêmio Revelação – 16 Festival Internacional de Curtas Metragens de São Paulo- Melhor filme latino Americano – 47th Bilbao International Festival of Documentaries and Short Films -  Bilbao - Spain- 10º Festival Brasileiro de Cinema Universitário – Niteroi, RJ (Menção Honrosa da ABDeC)- MELHOR ATRIZ – 32o FESTIVAL DE BRASÍLIA DO CINEMA BRASILEIRO – DF – BRASIL 2004-- MELHOR MONTAGEM – 11 VITORIA CINE VIDEO – ES – BRASIL- 33º Festival de Gramado - Cinema Brasileiro e Latino - Prêmio Especial do Juri.",,Curta-metragem
477,Infinitamente maio,Marcos Jorge,Brasil,2003,19,Não informado,Não informado,Não informado,,Curta-metragem
478,Gasolina comum,Marcelo Tintin-Trotta,Brasil,2004,13,Não informado,Não informado,Não informado,,Curta-metragem
479,Entre paredes,Eric Laurence,Brasil,2005,15,Não informado,Não informado,Não informado,,Curta-metragem
480,Eletrodoméstica,Kleber Mendon&ccedil;a Filho,Brasil,2005,22,Não informado,Não informado,Não informado,,Curta-metragem
481,Danae,Gustavo Galv&atilde;o,Brasil,2004,9,400 Filmes,"37º Festival de Brasília do Cinema Brasileiro (Nov/2004), 8º Festival de Santa Maria da Feira (Portugal, Dez/2004), 8º Expresión en Corto (México, Jul/2005), 24th Uppsala International Short Film Festival (Suécia, Out/2005) e 14º Festival Chileno Internacional del Cortometraje (Chile, Nov/2006), entre outros.",Não informado,,Curta-metragem
482,Amassa que elas gostam,Fernando Coster,Brasil,1998,15,Não informado,Não informado,Não informado,,Curta-metragem
483,Beijo de sal,Fellipe Gamarano Barbosa,Brasil,2006,18,Não informado,Não informado,Não informado,,Curta-metragem
495,O ouro de Serra Pelada,S&eacute;rgio P&eacute;o,Brasil,2005,14,"COMGASP, Palmares e Conceito Eventos",Não informado,Não informado,,Curta-metragem
487,Macacos me mordam,&Eacute;rico Cazarr&eacute;,Brasil,2005,19,Lumiô Filmes,38º Festival de Brasília do Cinema Brasileiro1º  Festival de Cinema de Atibaia5º (A)MostraMostra de Cinema em MurciaViaxes na LusofoniaFestival Universitário de NiteróiFestival Internacional de são PauloFestival Inernacional do Rio de Janeiro,Melhor Filme 16mm no 38º Festival de Brasília do Cinema BrasileiroMelhor filme 16mm da Mostra Brasília do 38º Festival de Brasília do Cinema Brasileiro,2005-11-27,Curta-metragem
493,"Ñanderu, Panorâmica Tupinambá",S&eacute;rgio P&eacute;o,Brasil,1991,9,Alkmia,"1991 - 6º RioCine Festival1992 - ""Mostra Especial"" do Festival de Havana","1991- Melhor filme e melhor trilha sonora no 6º RioCine Festival1992 - Convidado para representar o Brasil na ""Mostra Especial"" do Festival de Havana",,Curta-metragem
494,Leucemia,Noilton Nunes,Brasil,1978,9,Imagine Filmes,Jornada de cinema da Bahia 1978 / Festival de Oberhausen Alemanha 1979 ,Melhor filme Jornada de Cinema da Bahia 1978 / Melhor curta do ano de 78 - Federação Brasileira de Cineclubes.,,Curta-metragem
489,O muro / O filme,S&eacute;rgio P&eacute;o,Brasil,1985,9,Alkmia,1986 - Festival de Cinema e Música de Aix-en-Provence / França,1986 - Menção Especial no Festival de Cinema e Música de Aix-en-Provence / França,,Curta-metragem
490,Nada Consta,Santiago Dellape,Brasil,2006,7,Lumiô Filmes,39º Festival de Brasília do Cinema Brasileiro5º Nóia - Festival de Cinema e Vídeo Universitário de Fortaleza FAM 200730º Festival Guarnicê de Cinema18º Festival Internacional de Curtas Metragens de São Paulo15º Gramado Cine Vídeo6º Festival de Cinema de Varginha5º FestCine Amazônia7º FIC - Festival inernacional de Cinema de Brasília,Melhor roteiro no 39º Festival de Brasília do Cinema BrasileiroMelhor filme do Júri Oficial no 5º NóiaMelhor filme do Júri Popular no 5º NóiaMelhor roteiro no 5º NóiaMelhor ator no 5º NóiaMelhor ficção no 30º Festival Guarnicê de CinemaMelhor argumento no 30º Festival Guarnicê de CinemaMelhor ator no 30º Festival Guarnicê de CinemaMelhor ficção no 15º Gramado Cine Vídeo,2006-11-26,Curta-metragem
491,O Capitão Imaginário,Chico Faganello,Brasil,2002,52,Faganello Comunicações Ltda.,II Ecocine,Vencedor do II Ecocine,,Média-metragem
492,Oficina Perdiz,Marcelo D&iacute;az,Brasil,2006,20,Diazul de Cinema,"- 10º Brasil Plural / 2007/2008 (Alemanha, Áustria e Suíça)- 11º Brazilian Film Festival of Miami / 2007 (EUA) - 1º Brazilian Film Festival of Toronto / 2007 (Canadá)  - 29º Festival del Nuevo Cine Latino Americano de Habana / 2007 (Cuba) - 13th Milano Film Festival 2007 (Itália) / 2007- 3º Festival Internacional de Cine de Antofagasta 2007 (Chile) / 2007- 3rd Sydney Latin American Film Festival (Austrália) / 2008-  18º Festival Internacional de Curtas de São Paulo - 2007- Curta Cinema 2006 - Festival Intern. de Curtas do Rio de Janeiro-   39º Festival de Brasília do Cinema Brasileiro - 2006-   12ª Mostra do Filme Etnográfico (Rio de Janeiro) / 2007 - 2do Festival de Cine de los Pueblos del Sur / 2008 (Venezuela)- Brésil en Mouvements - 4e édition (Paris/França) - 2008- 17º Cine Ceará (Fortaleza) / 2007- FAM Festival Audiovisual do Mercosul (Florianópolis) / 2007- 35º Festival de Cinema de Gramado/RS - 2007- 7º Goiânia Mostra Curtas / 2007- 10ª Mostra de Tiradentes / 2007- 14º Vitória Cine Vídeo / 2007- 4º Amazonas Film Festival (Manaus) / 2007- III Festival Latino-Americano de Curtas de Canoa Quebrada (Ceará) - 2007- VI Araribóia Cine (Niterói/RJ) / 2007- Vídeo Festival São Carlos (SP) 2007- IV Panorama Recife de Documentários / 2007- FestCine Amazônia (Porto Velho) 2007- 15º Festival de Vídeo de Teresina / 2007- 3ª Mostra Cinema Conquista (Vitória da Conquista/BA) / 2007- II Mosca Mostra Audiovisual de Cambuquira/MG / 2007- II Mostra Curta Audiovisual de Campinas / 2007- Curta Cabo Frio/RJ 2007- 6º Festival de Varginha/MG / 2007- 7º Mostra do Filme Livre (Rio de Janeiro) / 2008- 1º Iguacine (Nova Iguaçu/RJ) / 2008",- Melhor Curta 35mm do DF (Prêmio Câmara Legislativa do DF)  39º Festival de Brasília do Cinema Brasileiro - 2006- Melhor Roteiro de Curta 35mm - Curta Canoa  III Festival Latino-Americano de Curtas de Canoa Quebrada (Ceará) - 2007- Prêmio CTAV/Ministério da Cultura e entre os 10 Melhores Nacionais (voto do público) -  18º Festival Internacional de Curtas de São Paulo - 2007- Prêmio ABDeC (Assoc. de Curtametragistas e Documentaristas do Rio de Janeiro) -  12ª Mostra do Filme Etnográfico (Rio de Janeiro) - 2007 - Melhor Documentário - Vídeo Festival São Carlos (SP) 2007,,Curta-metragem
496,Outra memória,Chico Faganello,Brasil,2005,82,Faganello Comunicações Ltda.,29ª Mostra Br de Cinema10º Festival Florianópolis Audiovisual Mercosul - FAMCircuito comercial,Não informado,2008-05-14,Longa-metragem
497,Martinho da Vila Paris 1977,Ari Candido Fernandes,Brasil,1977,8,independente(Ari Candido Fernandes),Mostra Internacional de Curta Metragens Sp(organizada por Zita Carvalhosa- 2004)-com curadoria de Jefferso De.,nenhum,1978-07-07,Curta-metragem
498,O rito de Ismael Ivo,Ari Candido Fernandes,Brasil,2004,11,Bambu Filmes ltda,Melhor filme juri popular e Oficial FestiCine Maringá-PR 2005Curta Santos-2006É tudo verdade-SP 2005Jornada da bahia -2005Lançamento Oficial do Dogma feijopada e Cinema feijoada-2005 Sala da Cinemateca Brasileira de São PauloMostra Internacional de Cinema Negro-Sala da Cinemateca SP 2005Mostra de Cinema Negro - MIS 2006 SPFestival Pan Africano-2006-Salvador BahiaPremio catarina Melhor Trilha original-Festivle Mosrta Cinema do Balneario de Camboriu -SC 2004II Mova Caparaó ES 2005CineAmazonia 2006Mostra de Cinema Brasil Africa-nov.2007 RJ,Premio Melhor filme curta do Juri Popular e Ofical do 1 FESTCINE DE MARINGÁ PR-2005Melhor trilha Original -Premio Catarina-Festial e Mostra de Cinema do Balneario de Camboriu-SC 2004,,Curta-metragem
499,Porquê a Eritréia?,Ari Candido Fernandes,Brasil,1979,39,SATPEC -TUNISIA,Festival Internacional de Cinema de Sp(leon cakoff-MASP 1984),Melhor documentario Festival Internacional de Cinema-voto popular-(Leon Cakoff)MASP-1984 SP,,Média-metragem
500,Assaltaram a gramática,Ana Maria Magalh&atilde;es,Brasil,1984,12,Nova Era Produções de Arte Ltda.,I FESTIVAL DO RIO DE JANEIRO XIII JORNADA DE CURTA-METRAGEM DE SALVADOR I FESTIVAL DE CAXAMBÚ ,"I FESTIVAL DO RIO DE JANEIRO – Melhor MontagemXIII JORNADA DE CURTA-METRAGEM DE SALVADOR - Melhor filme experimental, 1984I FESTIVAL DE CAXAMBÚ – Melhor Direção, 1984",,Curta-metragem
501,Spray jet,Ana Maria Magalh&atilde;es,Brasil,1985,14,Nova Era Produções de Arte Ltda.,"II FESTIVAL DE CAXAMBÚFestival des 3 Continents, Nantes, 1985.9o.Festival de Clémont Ferraud, 1986.3ème. Biennale Internationale deu Film d’Architecture et d’Environnement Urbain, Bordeaux, 1986Festival International de Films de Femmes, Créteil, 1986.International Festival of Women’s Films and Videos, Montreal, 1986.Mostra Le Cinéma Brésilien, Centre Georges Pompidou, Paris, 1987.","II FESTIVAL DE CAXAMBÚ – Melhor Direção, 1985",,Curta-metragem
502,O Bebê,Ana Maria Magalh&atilde;es,Brasil,1986,15,Nova Era Produções de Arte Ltda.,"FEST-RIO, 1987, Rio de JaneiroFESTIVAL INTERNACIONAL DEL NUEVO CINE LATINOAMERICANO, 1987 - CubaXXV INCONTRI INTERNAZIONALI DEL CINEMA, 1988, Sorrento12th INTERNATIONAL PUBLIC TELEVISION SCREENING CONFERENCE  INPUT, 1989, Estocolmo.MAR DEL PLATAMOSTRA  RIOTUR, 1989 , ArgentinaCINE LATINOAMERICANO: BRASIL, 1989, Filmoteca EspañolaXX FESTIVAL DE BRASÍLIA, 1987, BrasíliaFESTIVAL DE GRAMADO, 1988, Gramado","XX FESTIVAL DE BRASÍLIA, Prêmio Especial do Júri.",,Curta-metragem
503,Lara,Ana Maria Magalh&atilde;es,Brasil,2002,107,Nova Era Produções de Arte,"Festival de Recife, 2003 (Hors concours)Festival de Varginha, 2003.","Melhor Música, Melhor Som e Melhor Direção de Arte – Festival de Varginha, 2003.",,Longa-metragem
504,Já que ninguém me tira prá dançar...,Ana Maria Magalh&atilde;es,Brasil,1983,51,Nova Era Produções de Arte,"I Vídeo Mulher patrocinado pelo Conselho Nacional dos Direitos da Mulher, Brasília. ","1º Prêmio - I Vídeo Mulher patrocinado pelo Conselho Nacional dos Direitos da Mulher, Brasília. ",,Média-metragem
505,Mangueira do Amanhã,Ana Maria Magalh&atilde;es,Brasil,1992,30,Nova Era Produções de Arte,Não informado,"Menção Honrosa “Margarida de Prata”, CONFERÊNCIA NACIONAL DOS BISPOS DO BRASIL – CNBB, 1993.5o.Prêmio - Vídeo Memória do Rio, Secretaria de Cultura do Estado do Rio de Janeiro.",,Média-metragem
506,Almas em chamas,Arnaldo Galv&atilde;o,Brasil,2000,11,Um Filmes,28° Festival de Gramado8° Anima Mundi8° Festival de Cuiabá7° Festival de Vitória33° Festival de Cinema de Brasília5º Festival de Cinema Santa Maria da Feira – Portugal5º Festival de Cinema de Recife5º Festival de Cinema Brasileiro de Miami24 º Festival de Cine-Vídeo GuarnicêFestival Internacional de Annecy,-    Prêmio Estímulo da Secretaria de Estado da Cultura de São Paulo-    Prêmio Especial do Júri/ 28° Festival de Gramado-    Melhor Roteiro/ 28° Festival Gramado-    Prêmio Canal Brasil/28° Festival Gramado-    3 Melhor Filme Brasileiro - Júri Popular/8° Anima Mundi-    Melhor Filme de Animação/ 8° Festival de Cuiabá-    Menção Honrosa/ 7° Festival de Vitória-    Melhor Roteiro/ 33° Festival de Cinema de Brasília-    Grande Prêmio do  Cinema Brasileiro/ Melhor Animação-    Menção Honrosa/ 5º Festival de Cinema Santa Maria da Feira – Portugal-    Prêmio MinC Melhor Animação do 5º Festival de Cinema de Recife-    Melhor Montagem de Animação / 5º Festival de Cinema de Recife-    Melhor Trilha de Animação/ 5º Festival de Cinema de Recife-    Melhor Direção de Animação / 5º Festival de Cinema de Recife-    Melhor Filme de Animação / 5º Festival de Cinema de Recife-    Melhor Roteiro/ 5º Festival de Cinema Brasileiro de Miami-    Melhor Filme de Animação/ 24 º Festival de Cine-Vídeo Guarnicê ,,Curta-metragem
507,Uma saída política ,Arnaldo Galv&atilde;o,Brasil,1990,6,Um Filmes,Não informado,Prêmio Curtas nas  Telas,,Curta-metragem
508,Deus nasceu foi no Brasil ,Arnaldo Galv&atilde;o,Brasil,1990,8,Um Filmes,Não informado,Prêmio Fiat,,Curta-metragem
509,Disque N para nascer ,Arnaldo Galv&atilde;o,Brasil,1992,8,Um Filmes,Anima MundiGuarnicê / MaranhãoFestival da ParaíbaFestival de Gramado,Prêmio Estímulo da Secretaria de Estado da Cultura de São PauloPrêmio Curtas nas TelasPrêmio Festival Guarnicê / Maranhão/ Melhor TrilhaPrêmio Imagem Magica 95 / Paraíba/ Melhor Animação,,Curta-metragem
510,Era uma vez um índio carijó,Noilton Nunes e Regina Abreu,Brasil,2006,13,Imagine Filmes,Não informado,Roteiro Programa Curta Criança /Edital Ministério da Cultura/TVE Brasil/2005,2006-04-19,Curta-metragem
511,Cinemas fechados,S&eacute;rgio P&eacute;o,Brasil,1980,12,CORCINA,1980 - Festivel de Gramado,1980 - Hors-Concours - do Festival de Gramado,,Curta-metragem
512,Cinemação CurtaMetralha,S&eacute;rgio P&eacute;o,Brasil,1978,12,Corcina,1978 - Festival de Brasília1978 - Jornada do Cinema Brasileiro de Salvador2006 - Mostra do Filme Livre / RJ,1978 - Melhor filme do Festival de Brasília1978 - Melhor filme na Jornada de Cinema Brasileiro de Salvador2006 - Melhor filme do século XX -Mostra do Filme Livre / RJ,,Curta-metragem
513,A Batalha da ANCINAV,Noilton Nunes,Brasil,2005,52,IMAGINE FILMES,Festival do Mercosul - Rio de Janeiro - 2005Exibições na TV comunitária do Rio de Janeiro ,Não informado,2005-06-19,Média-metragem
514,ALMAS EM CORPOS NUS,Jefferson Cardoso,Brasil,2008,28,Retrô Produções,Até este momento não participou.,Não informado,2008-05-20,Curta-metragem
515,"Truques, xaropes e outros artigos de confiança",Eduardo Goldenstein,Brasil,2003,15,Aion Cinematografica Ltda,"Berlinale, Huesca, San Sebastian, Cine Las Americas (EUA), NY Latin Film Festival, Festival do Cinema Brasileiro em Paris, Festival do Cinema Brasileiro em Tokyo, Festival Luso Brasileiro Sta Maria da Feira, Brasilia, Recife (Cine-PE), Festival do Rio, Mostra Tiradentes, Festival de Curtas de BH, Mostra Int. de Curtas de SP Kinoforum, Festival Int. de Curtas do Rio de Janeiro, Cuiabá, Curitiba.","Melhor Filme (Festival do Cinema Brasileiro em Paris)Melhor Diretor (Festival Int. de Curtas de BH, Festival de Curitiba)Melhor Roteiro (Festival de Brasilia e Recife Cine-PE)Melhor Atores (Brasilia e Recife Cine-PE)TOP 10 escolha do público (Mostra Int. de Curtas SP Kinoforum)Menção Honrosa (júri ABD Festival do Rio)",,Curta-metragem
516,Um tiro na asa,Maria Em&iacute;lia de Azevedo,Brasil,2005,16,Mundo Imaginário Produções Cinematográficas Ltda.,FAM e outros,Não informado,,Curta-metragem
517,A rosa,Gordeeff,Brasil,2005,2,Quadro Vermelho Produções,III Festival Guaçuano de Vídeo - Mogi Guaçu/SP - 2005Projecto VideoLab - 2º Ciclo de Cinema ao ar livre - Alcine / Portugal - 200532ª Jornada Internacional de Cinema da Bahia-20051º Festival Latino-americano de Curta Metragem de Canoa Quebrada - Canoa Quebrada - Aracati/CE3º Festival de Cine e video Latinoamericano de Buenos Aires 05' - Argentina1ª Mostra Rota 22 - Araras / RJCinanima - Festival Internacional de anmação de Espinho Portugal - 200527º Festival Internacional del Nuevo Cine Latinoamericano - Havana/Cuba - 2005Cineamazônia - Mostra Internacional de Cinema e vídeo Ambiental - Porto Velho - RO - 2005XIII Festival de video de Teresina - Teresina - PI - 2005Bimini - Festival Internacional de filmes de Animação -Riga / Letônia - 2006Some Difference Film Festival -Slough / Reino Unido - 2006Athens Video Art Festival - Atenas/Grécia/200613º Cinesul - Festival Latino Americano de Cinema e video - Rio de Janeiro RJ - Brasil - 2006Videolab Coimbra 2006 - Coimbra/Portugal - 2006Dança criança/Mostra Movie - Rio de Janeiro/RJ - 2006flEXiff 2002-2022 - The Fourth and the Last Esperimental International Film Festival - Auburn / Austrália - 20062ª Mostra Livre de Animação Contemporânea - Rio de Janeiro/RJ - RJChico 2006 - Festival de Cinema e Vídeo de Palmas-TO-200612th International Short Film Festival - Bristol / Reino Unido-2006Chico 2006 - Festival de Cinema e vídeo de Palmas-TO-200612th international Film Festival-ristol/Reino Unido-2006L'Alternativa 2006 - 13º Festival de Cinema Independente de Barcelona-Barcelona/Espanha-2006III Inter-american Biennial of video Art - Washington / EUA-2006Trick Womem 2007 - Viena/Áustria-2007XIII San Gió Festival Rassegna Internazcionale di Produzioni Video e Altre Immagini-Verona/Itália-2007,Menção Honrosa - III Festival Guaçuano de Vídeo - Mogi Guaçu/SP - 2005Melhor Trilha Sonora Original Vídeo - 1º Festival Latino-americano de Curta Metragem de Canoa Quebrada - Canoa Quebrada - Aracati/CEMelhor Video Animação - XIII Festival de video de Teresina - Teresina - PI - 2005,2005-07-23,Curta-metragem
518,Bailarina,Carlos Canela,Brasil,2001,21,Carabina Filmes,2ª Mostra Curta MinasMostra de Cinema de VarginhaMostra Primeiro Plano - Juiz de Fora,Melhor curta mineiro da 2ª Mostra Curta Minas ,,Curta-metragem
519,O homem da cabeça de papelão,Carlos Canela,Brasil,2007,15,Carabina Filmes,"Cineme-seEntretodos - 1º Festival de curta-metragem de direitos humanosCineesquemanovo4º Festival de Belém do cinema brasileiro9º Festival Internacional de curtas de Beleo Horizonte7ª Goiânia Mostra Curtas17º Festival Internacional de Curtas do Rio de Janeiro - Curta cinema 2007Festival de Cine de Quito ""Cero Latitud""Mostra do Filme Livre / 2008",Cineme-se - 2007 - 2º lugar no voto popular9º Festival Internacional de Curtas de Belo Horizonte - Prêmio de melhor curta-metragem mineiro.,,Curta-metragem
520,O trem no Brasil - ontem - hoje - Imagine amanhã,Ana Maria Magalh&atilde;es e Noilton Nunes,Brasil,2005,54,Imagine Filmes,Festival Internacional do Filme Etnográfico - 2006 - Rio de Janeiro,Jornada Internacional de Cinema da Bahia - 2006 - Salvador,2005-05-15,Média-metragem
521,Você já abriu os olhos?,Noilton Nunes e Pedro Sol,Brasil,2006,52,Imagine Filmes,Festival Internacional do Filme Etnográfico do Rio de Janeiro - 2006Jornada Internacional de Cinema da Bahia - Salvador - 2006,Não informado,2006-04-19,Média-metragem
522,Rocinha Brasil 1977,S&eacute;rgio P&eacute;o,Brasil,1977,19,Lente Filmes,1977 - Festival Brasileiro de Curta JB / MESBLA1977 - Jornada de curta-Metragem de Salvador / BA1979 - Festival de Oberhausen,1977 - Melhor filme no Festival Brasileiro de Curta JB / MESBLA1977 - Melhor filme na Jornada do curta-Metragem de Salvador / BA1979 - Prêmio Intituto dos arquitetos do Brasil (IAB)1979 - Menção honrosa no Festival de Oberhausen1980 -Prêmio ONU - Movimento Anti-Apartheid,,Curta-metragem
523,Rio-Uruçumirim,S&eacute;rgio P&eacute;o,Brasil,2004,16,Conceito Eventos e Promoções Ltda.,Não informado,Não informado,,Curta-metragem
524,Portas da cidade,Alexandre Carvalho,Brasil,2004,14,Tamago Audiovisual / Carvalho Audiovisual,Festival de Cinema de MaringáCatarinaFestival de DocumentárioPortobelo Film Fetival15º Festival Internacional de Curtas-metagens de São PauloJornada Internacional de Cinema da BahiaNew York Brazilian Film FestivalGoiânia Mostra CurtasPrimeiro Plano de Juiz de ForaChico de TocantinsFIKE - Festival Internacional de Curtas de Évora - PortugalFestival Curta Cinema - RJFestival do Novo Cine,"Melhor documentário - New York Brazilian Film FestivalMelhor filme pela crítica especializada - 3º CatarinaFestival de DocumentárioMelhor fotografia de Curta Metragem - Festival de Cinema de Maringá, 04Melhor montagem de Curta Metragem -  - Festival de Cinema de Maringá, 04",2004-08-04,Curta-metragem
525,Tem Coca-cola no Vatapá,Pedro Farkas e Rog&eacute;rio Corr&ecirc;a,Brasil,1976,35,Leão Filmes Ltda. ME,Jornada Brasileira de Salvador. 1977Festival de Gramado. 1977,PRÊMIO DE MELHOR FILME 16mm no V Festival de Cinema Brasileiro de Gramado. 1977. ,,Média-metragem
526,Na Garupa de Deus,Rog&eacute;rio Corr&ecirc;a,Brasil,2002,26,Leão Filmes Ltda. ME,"SELECIONADO para os seguintes festivais e mostras: Jornada Internacional da Bahia, Festival Internacional de Figueira da Foz (Portugal), Festival Chileno de Curtas-Metragens (Santiago), Festival de Paraty, Vitória Cinevideo, Panorama Brasil Digital (Rio), Mostra de Tiradentes, Festival do Ceará, Festival Cinesul (Rio).  ",PRÊMIO DE PRODUÇÃO DO PROGRAMA RUMOS ITAÚ CULTURAL CINEMA E VÍDEO. 2001. PRÊMIO DE MELHOR SOM DE DOCUMENTÁRIO no I Paracine – Festival de Cinema de Paraty. 2002.PRÊMIO DE MELHOR FOTOGRAFIA DE VÍDEO no 13º Cine Ceará. 2003.,,Curta-metragem
527,Carpinteiros do Mar,Rog&eacute;rio Corr&ecirc;a,Brasil,2005,52,Leão Filmes Ltda. ME,Não informado,Não informado,2005-08-05,Média-metragem
528,Antes do Futuro,Rog&eacute;rio Corr&ecirc;a,Brasil,2005,52,Leão Filmes Ltda. ME,Não informado,Não informado,,Média-metragem
529,Dois Lados,Carlos Canela,Brasil,2007,15,Carabina Filmes,"Festival de cine de Quito ""Cero Latitud""",Não informado,,Curta-metragem
530,7KPTAIS,Clementino Junior,Brasil,2007,12,Crème De La Clems Produções,2º Festivel de colatinaFestival Cinema de MaringáGuarnicéAnima MundiGranimadoFestguaçuCurta CanoaCurta CinemaII Festival Experimental Eletrorgânico5ª Mostra MumiaMostra do Filme Livre 2008Festival de Cortos Penca,Melhor trilha sonora FESTGUAÇU 2007 (Mogi-Guaçu),,Curta-metragem
531,"Pênalti, a transgressão",S&eacute;rgio P&eacute;o,Brasil,2006,8,Conceito Eventos e Promoções Ltda.,Não informado,Não informado,,Curta-metragem
532,Chateaubriand - Cabeça de paraíba ,MARCOS MANH&Atilde;ES MARINS,Brasil,2000,14,FIBRA CINE VÍDEO- FIBRA E.I.C.LTDA,"Exibido na SELEÇÃO OFICIAL de 17 festivais e mostras: V FESTIVAL DO RECIFE, V Festival DE CURITIBA,V FLORIANÓPOLIS AUDIOVISUAL MERCOSUL, Guarnicê de Cinema do MARANHÃO,Jornada Internacional de Cinema da BAHIA, Mostra de Cinema de S.PAULO,Mostra de Cinema CURTAMINAS em BH, 8º FESTIVAL VITÓRIA CINE VÍDEO,2º Festival de Mato Grosso e 2º Festival de Sergipe CURTA-SE.Festival de Artes de João Pessoa Convidado para FILME DE ABERTURA em 2001, junto com o longa-metragem BICHO DE SETE CABEÇAS. Festival CINE CEARÁ 2002, aonde o diretor recebeu o Troféu Eusélio de Oliveira.Mostra PELÍCULA - Imagens da América Latina, na BÉLGICA. ECOCINE.Foram 17 seleções oficiais em mostras e festivais no Brasil e exterior.","FILME DE ABERTURA da FENART no Festival de Artes de João Pessoa em 2001, junto com o longa-metragem BICHO DE SETE CABEÇAS. FILME ""HORS CONCOURS"" do CINE CEARÁ 2002, comtroféu Eusélio Oliveira ao realizador pelo conjunto da obra, incluindo este filme e o projeto CINEMABRASIL.Exibido no programa CURTA BRASIL da TVE, e no programa ZOOM da TV Cultura. Convidado para exibir o curta e ser entrevistado na TV SENADO.CONTRATO DE 3 ANOS COM A CINE BRASIL TV, de Tereza Trautman.",,Curta-metragem
533,ABC Brasil,S&eacute;rgio P&eacute;o,Brasil,1981,18,Corcina,1982 - Festival de Cinema do Rio de Janeiro (UFF),1982 - Melhor Filme de Curta Metragem - Festival de Cinema do Rio de Janeiro (UFF),,Curta-metragem
534,O arroz nunca acaba,Mar&atilde;o,Brasil,2005,8,Marão,"Mostra Infantil de Florianópolis13º Festival Internacional de Animação ANIMA MUNDI16º Festival Internacional de Curtas0Metragens de São Paulo9º Festival de Cinema, Vídeo e Dcine de CuritibaMostra Dia do Animador (RJ, SP, MG e RS)Cineclubes ABD, ASCINE e Beco do Rato12º Vitória Cine Vídeo (Espírito Santo)14º Festival Internacional de Curtas do Rio de Janeiro Curta CinemaMostra TIM de Cinema Brasileiro (RJ)9ª Mostra de Cinema de Tiradentes (MG)Mostra Baixada Animada (RJ)Mostra do Filme Livre (RJ)Mostra de Vila Velha (ES)Projeto ""Acenda Uma Vela"" Maceió)Mostra de Curtas-Metragens da Unioeste (Paraná)Cortoons - Festival Internazionale di Cortometraggi di Animazione (Itália)Festival Brasil no Ar (Barcelona, Espanha)Festival de Cinema Universitário (Sessão Ex-Alunos)27º Festival Guarnicé de Cinema do Maranhão1ª Mostra de Cinema de Ouro Preto (MG)Mosca 2 - Mostra Audiovisual de Cambuquira (MG)3º Festival de Cinema de Maringá (PR)CINEME-SE 2006 (Santos)I GRANIMADO - Festival de Animação de Gramado Festival do Rio 2006Curta o curta na Caixa (RJ)Festival Sabbis de Desenho AnimadoGrande Prêmio de Cinema Brasileiro (indicado a Melhor Curta de Animação)III Mostra Rio das Ostras de Cinema (RJ)",I GRANIMADO - Festival de Animação de Gramado (Prêmio: Melhor direção)Festival Sabbis de Desenho Animado (Prêmio: Qualidade técnica de animação),,Curta-metragem
536,"Além do Samba, a Resistência Afro-brasileira",Cesar Cavalcanti,Brasil,2006,52,Produtor Independente,Florianópolis Audiovisual Mercosul (10º FAM - 2006 - Estra FAM (Mostra não competitiva),Não informado,2006-06-03,Média-metragem
537,Associação dos moradores de Guararapes,S&eacute;rgio P&eacute;o,Brasil,1979,11,Sérgio Péo,1979 - Festival de Gramado,1979 - Melhor curta do Festival de Gramado.,,Curta-metragem
538,"Lurdinha, a vendedora de ilusões",Cesar Cavalcanti,Brasil,2007,26,Produtor Independente,Florianópolis Audiovisual Mercosul (11º FAM - 2007),Prêmio do Júri Oficial (Catarina Festival de Documentário - 2003) como melhor roteiro;Prêmio Júri Popular (11º FAM) como melhor documentário iccional catarinense;Prêmio do Júri Oficial (11º FAM) como melhor vídeo catarinense,2007-06-02,Curta-metragem
539,Baiestorf - Filmes de sangueira e mulher pelada,Christian Caselli,Brasil,2005,20,WSET,Cineclube Curta o CurtaMostra do Filme LivreCEN - Cine Esquema NovoFestival de Cinema Luso Brasileiro de Santa Maria da Feira (Portugal)ReCine,Melhor Diretor e Melhor Contribuição à Linguagem Cinematográfica (ReCine),,Curta-metragem
540,Autoconhecimento,Christian Caselli,Brasil,2004,5,WSET,PALMAS-TO Festival de LondrinaCineclube Curta o CurtaMostra do Filme Livre,Não informado,,Curta-metragem
541,Isto não é um título,Christian Caselli,Brasil,2005,6,WSET,"Festival de Cinema Luso Brasileiro de Santa Maria da Feira (Portugal), Festival de Curtas de SP, Festival de Londrina, Festival de Curtas de Belo Horizonte",Não informado,,Curta-metragem
542,Mondego,Christian Caselli,Brasil,2007,9,WSET,Não informado,Não informado,,Curta-metragem
543,A re-volta do Rei João,Guiwhi Santos,Brasil,2006,16,WSET,CineEsquema Novo – Festival de Cinema de Porto AlegreMostra do Filme LivreCineclube Curta o Curta,Não informado,,Curta-metragem
544,"Veias e vinhos, uma história brasileira ",Jo&atilde;o Batista de Andrade,Brasil,2006,99,Oeste Filmes Brasileiros Ltda ,"Festival Internacionais:  Miami  e Nova York 2006Festival Nacionais:  Fam de Florianópolis, Festival Cine PE em Pernambuco",Prêmios: Melhor direção de Arte e Melhor Edição de Som no Festival de Pernambuco Cine PE/2006.,2006-09-11,Longa-metragem
545,"Eh Pagu, eh!",Ivo Branco,Brasil,1982,15,Etcétera Filmes,XV Festival de Brasilia do Cinema Brasileiro / 82VII Festival InternacionalDel Nuevo Cine Latinoamericano / Havana / 86,     Prêmio Estímulo de Curta MetragemSecretaria de Estado da Cultura de São Paulo / 82Melhor Curta MetragemMelhor Roteiro de Curta MetragemXV Festival de Brasilia do Cinema Brasileiro / 82,,Curta-metragem
546,Oriundi,RICARDO BRAVO,Brasil,2000,97,LAZ AUDIOVISUAL LTDA.,"1999Festival do Rio 99 Vancouver International Film Festival (Canadá) – Ficou entre os 30 melhoresDenver Film Festival (Estados Unidos)Los Angeles Latino International Film Festival (Estados Unidos)Mostra Internacional de Cinema de São PauloShanghai International Film Festival (China)Festival de Cuiabá2000- 23rd Portland International Film Festival  - EUA – February 11-27, 2000- San Diego Latino Film Festival – EUA – March 11,2000 at 7:00p.m. (prime spot) - 24th Cleveland International Film Festival – EUA - March 16-26, 2000- Newport Beach Film Festival – EUA – March 30-April 6, 2000- 2000 Local Heroes International Screen Festival – Edmonton - Canada – March 31-April 8, 2000- 16th Chicago Latino Film Festival – EUA - March 31-April 12, 2000- 33rd  Annual Worldfest - Houston International Film Festival  - EUA – April 7-16, 2000 (Ganhou o “Gold Award for First Feature”) - XVIII International Film Festival of Uruguay – April 15-30, 2000- IV Festival de Cine Hispano de Miami  - EUA – April 28-May 08, 2000- 17th Jerusalem Film Festival  - Israel – July 13-22, 2000- Brisbane International Film Festival –  Austrália - July 27-August 06, 2000- Festival do Cinema Latinoamericano de  Washington 2000 – EUA - October 5, 2000- Calgary International Film Festival – Canadá - September 27-October 04, 2000- Festival del Cinema Latinoamericano de Trieste 2000 – Itália – October, 21-29- Webster University Film Series of St. Louis – EUA – October, 20-292001- 6th International Film Festival of Kerala – India – March 30, April 6 (ORIUNDI abriu o festival)- Providence Festival de Nuevo Cine Latinoamericano – USA – April 20-28 (ORIUNDI abriu o festival)- Festival Iberoamericano de Cinema – Boston – USA – May 302002-XVII Muestra de Cine Mexicano en Guadalajara – México - March 8 - 14 , 2002-18th Annual Chicago Latino Film Festival"", April  5 – 17, 2002. -14° Festival Internacional de Cine de Viña Del Mar – October 5 –12, 2002(Ganhou o prêmio de melhor filme da “Organización Catolica Internacional de Cine – OCIC e foi indicado ao Grand Paoa, por melhor direção)-X Festival Cine Latino – San Francisco – USA - September 18 – 22, 2002-San Juan Cinemafest – Puerto Rico – November 6 – 13, 2002 -24° Festival Internacional del Nuevo Cine Latinoamericano – La Habana /Cuba – December 3-13, 2002","- 33rd  Annual Worldfest - Houston International Film Festival  - EUA – April 7-16, 2000 (Ganhou o “Gold Award for First Feature”) -18th Annual Chicago Latino Film Festival"", April  5 – 17, 2002. -14° Festival Internacional de Cine de Viña Del Mar – October 5 –12, 2002(Ganhou o prêmio de melhor filme da “Organización Catolica Internacional de Cine – OCIC e foi indicado ao Grand Paoa, por melhor direção)",,Longa-metragem
547,batimam e robim,Ivo Branco,Brasil,1992,24,Etécetera Cine & Vídeo Ltda.,16ª  Mostra Internacional de Cinema  de São Paulo/ 92IV Festival Internacional de Curtas Metragens de São Paulo / 93VI  Festival de Cine de Viña del Mar / Chile / 93Rassegna di Film Corti Brasiliani / Itália / 93Mostra O Cinema de Ivo Branco / Alemanha / 93XXXIV Festival Internacional de Cine de Cartagena / Colombia / 94I  Mostra Nacional de Cine e Vídeo de Cuiabá / Mato Grosso / 94III  Mostra Curta Cinema / Rio de Janeiro / 941994 British Short Film Festival / Inglaterra / 94II  Festival Latino Americano de Cine y Video de Caracas / Venezuela / 941º Festival Internacional de Cortometrajes Latino Americanos en Cine y Video de Toronto / Canadá / 958º New York Lesbian and Gay Film Festival / New York- USA / 9621th San Francisco International Lesbian and Gay Film Festival / Califórnia / 97,Prêmio Estímulo de Curta MetragemSecretaria do Estado da Cultura de São Paulo / 90Prêmio para Co-ProduçãoSecretaria Municipal de Cultura de São Paulo / 91Melhor DiretorXXV Festival de Brasília do Cinema Brasileiro / 92    Melhor DiretorMelhor Ator / André BarrosIX Rio Cine Festival / 93Melhor Filme / Juri OficialMelhor Filme / Prêmio da CríticaMelhor Ator / Marco RiccaMelhor Ator / André BarrosMelhor Música / Zé RodrixXXI Festival Internacional de Cinema de Gramado / 93Prêmio Especial do JúriXX Jornada Internacional de Cinema da Bahia / 93Melhor Curta Metragem de Ficção / ex aequoXV Festival Internacional Del Nuevo Cine Latinoamericano / Havana / 93Selecionado pela FUNARTE / MINISTÉRIO DA CULTURApara a mostra  “OS 30 MAIORES CURTAS DA DÉCADA DE 90”,,Curta-metragem
548,Vestígio,Karla Holanda,Brasil,2002,16,Em Foco Multimídia,Cine Ceará 2002Mostra do Filme Livre (RJ) 2002Goiânia Mostra Filmes 2003Festival de Vídeo de Santa Maria/2002Festival de Cuba La JiribillaFestival Cine Pobre - CubaJornada Internacional da Bahia/2002Mostra Tiradentes/2002 Ajijic Festival Internacional de Cinema – México/2002Curta Franca/2003Festival de Teresina/2002Festival Albacete –Espanha/2002.Muestra Documentales e Fotografias de América Latina – Espanha,Projeto vencedor do II Prêmio Ceará de Cinema e VídeoMelhor documentário do Festival de Vídeo de Santa Maria/2002.,,Curta-metragem
549,Riso das Flores,Karla Holanda,Brasil,2004,9,Em Foco Multimídia,Cine Ceará/2004; Festival Internacional de Curtas de São Paulo/2004; Festival de Gramado/2004;Festival de Goiânia/2004.Festival Internacional de Curtas do Rio de Janeiro/2004; II Festival de Cinema de Campo GrandeI Festival Cine Mulher –  Salvador - Março/200528º. Festival Guarnicê de Cinema – São Luís/2005II FEMINA – Festival Internacional de Cinema Feminino – Rio de Janeiro/2005Programa Curta Antes (BNB – Fortaleza) – fevereiro/2005Festival de Brasília (Programa Petrobras) – novembro/2005I Mostra Curta Petrobras do Festival de Cinema e Vídeo de Natal - Out/2007.,Projeto vencedor do Concurso Petrobras de Cinema 35mm/2003.,,Curta-metragem
550,BOTA CAMISINHA,GERARDO DAMASCENO,Brasil,2007,15,ACARTES,CINE CEARÁ 2008CURTA CANOA 2007,Não informado,,Curta-metragem
551,Paola,Eduardo Chaves,Brasil,2004,18,Submersos,"•Mostra do Cinema Digital da Fundação Joaquim Nabuco -20 a 23 de setembro de 2004 – Recife – recebeu o prêmio do público como melhor vídeo e prêmio especial do júri pelo tratamento dispensado ao personagem;  •110 Vitória Cine Vídeo – 1 a 9 de novembro de 2004 – vencedor na categoria Vídeo Documentário;•140 Festival Internacional de Curtas do Rio de Janeiro de 3 a 12 de dezembro;•120 estival Internacional da Diversidade Sexual – Mix Brasil – São Paulo, Rio de Janeiro e Brasília – 11 a 21 de Novembro de 2005 – Prêmio do público como melhor produção nacional e prêmio especial do júri pelo domínio da técnica;•É TUDO VERDADE, Festival Internacional de Documentários, 19 de março a 30 de abril, Rio de Janeiro e São Paulo – Selecionado•XV CINE CEARÁ, evento que na ocasião recebeu o prêmio BNB de melhor produção nordestina","Mostra do Cinema Digital da Fundação Joaquim Nabuco -20 a 23 de setembro de 2004 – Recife – recebeu o prêmio do público como melhor vídeo e prêmio especial do júri pelo tratamento dispensado ao personagem;  110 Vitória Cine Vídeo – 1 a 9 de novembro de 2004 – vencedor na categoria Vídeo Documentário;  20 estival Internacional da Diversidade Sexual – Mix Brasil – São Paulo, Rio de Janeiro e Brasília – 11 a 21 de Novembro de 2005 – Prêmio do público como melhor produção nacional e prêmio especial do júri pelo domínio da técnica;XV CINE CEARÁ, evento que na ocasião recebeu o prêmio BNB de melhor produção nordestina",,Curta-metragem
552,Cafundó,Cl&oacute;vis Bueno e PAULO BETTI,Brasil,2005,97,LAZ AUDIOVISUAL LTDA. & PROLE DE ADÃO PRODUÇÕES ARTÍSTICAS LTDA.,"1)3rd BRAZILIAN FILM FESTIVAL OF NEW YORK - New York - USA – 8 a 16 de julho de 2005.2)VII FIC BRASÍLIA - Brasília - Brasil - 20 a 31 de julho de 2005.3)33° FESTIVAL DE CINEMA DE GRAMADO - Gramado - Brasil - 15-20 de agosto de 2005.Prêmios: -Kikito de Melhor Ator (Lázaro Ramos);-Kikito de Melhor Direção de Arte (Vera Hamburger);-Kikito de Melhor Direção de Fotografia (José Roberto Eliezer – ABC);-Kikito de Prêmio Especial do Júri para o Filme;-Prêmio Especial RGE (Rio Grande Energia) de Melhor Fotografia.4)CINEBRASIL 2005 - I FESTIVAL DE FILMES BRASILEIROS NA HOLANDA – Amsterdã – Holanda - 20 a 25 de setembro de 2005, no Tropentheater.5)BRASILCINE 2005 - Gotemburgo - Suécia - de 22 e 25 de setembro de 2005.6)24TH VANCOUVER INTERNATIONAL FILM FESTIVAL – Vancouver – Canadá - 29 de setembro a 14 de outubro de 2005.7)17º FESTIVAL INTERNACIONAL DE CINE DE VIÑA DEL MAR – Viña del Mar – Chile -  08 -15 de outubro de 2005.Prêmio: Indicado a melhor filme.8)FESTIVAL DO RIO 2005 – Rio de Janeiro – Brasil - 22 de setembro a 06 de outubro de 2005.9)II FESTIVAL DE CINEMA DE PARATY – PARATYCINE – Paraty - RJ – Brasil - 19 a 23 de outubro de 2005.Prêmios: -Melhor Filme;-Melhor Direção de Fotografia (José Roberto Eliezer ABC).10) XX FESTIVAL DE CINE LATINO AMERICANO – Trieste – Itália – de 22 a 30 de outubro de 2005;Prêmios: -Riconoscimento storico.-11) 29TH SÃO PAULO INTERNATIONAL FILM FESTIVAL – São Paulo – Brasil – de 21 de outubro a 03 de novembro de 2005.Prêmios: -Indicado a melhor filme.12) FESTCINE GOIÂNIA – I FESTIVAL DE CINEMA BRASILEIRO DE GOIÂNIA – Goiânia – Brasil - de 4 a 10 de novembro de 2005.Prêmios: -Troféu Goiânia de Melhor Ator (Lázaro Ramos);-Troféu Goiânia de Melhor Atriz Coadjuvante (Valéria Monã);-Troféu Goiânia de Melhor Ator Coadjuvante (Leandro Firmino);-Troféu Goiânia de Melhor Direção de Arte (Vera Hamburger);-Troféu Goiânia de Melhor Direção de Fotografia (José Roberto Eliezer ABC).13) 31° FESTIVAL DE CINE ÍBERO AMERICANO DE HUELVA – Huelva – Espanha – de 19 a 26 de novembro de 2005.14) 9° MOSTRA DE CINEMA DE TIRADENTES – Tiradentes –MG – Brasil - de 20 a 28 de janeiro de 2006.15)THE SPOKANE INTERNATIONAL FILM FESTIVAL – Spokane – WA – USA - February 3 - 9, 2006.16) THE 14TH ANNUAL PAN AFRICAN FILM FESTIVAL – Magic Johnson Theatres - Los Angeles – USA - February 9-20, 2006.Prêmios: -Indicado a melhor filme.-Recebeu Menção Honrosa.17)  23ÈME RENCONTRES CINÉMA D'AMÉRIQUE LATINE – Bordeaux – França – 2 a 11 de março de 2006.18)18ÈMES RENCONTRES CINÉMAS D'AMÉRIQUE LATINE DE TOULOUSE – Toulouse – França - 17 a 26 de março de 2006.19) 12ª MOSTRA DE CINEMA LLATINOAMERICÁ DE LLEIDA – Lleida – Espanha – 31 de março a 8 de abril de 2006.Prêmio: Mejor Opera Prima.20)8TH ANNUAL ROXBURY FILM FESTIVAL - Boston - USA - 26 a 30 de julho de 2006.Prêmio: Best of Festival Award.21) III MOSTRA INTERNACIONAL DO CINEMA NEGRO – São Paulo - SP – Brasil – 23 a 27 de novembro de 2006.Prêmios: Melhor Ator (Lázaro Ramos);Melhor Ator Coadjuvante (Leandro Firmino);Melhor Direção (Paulo Betti & Clovis Bueno).22) FESPACO – Burkina Faso - África – 24 de fevereiro a 03 de março de 2007.23) 19ÈMES RENCONTRES CINÉMAS D’AMÉRIQUE LATINE DE TOULOUSE – Toulouse – França – 16 a 25 de março de 2007.Filme exibido pela segunda vez no festival, na sessão NOIR BRÈSIL, em UN HOMMAGE A LAZARO RAMOS, ACTEUR CAMELEON.24) PRÊMIO ABC – Rio de Janeiro e São Paulo – Brasil – 05 a 12 de março de 2007.25) 2ND FESTIVAL INTERNATIONAL CINÉMA COSTUMES & MODE – Paris – França – 26 a 30 de abril de 2007.Prêmios: -Indicado a melhor figurino.26) MOSTRA DE CINEMA BRASILEIRO SÉCULO XXI – São José do Rio Preto – SP – Brasil – 24 a 29 de abril de 2007.27) 1° FESTIVAL DE CINEMA NA FLORESTA – Alta Floresta – MT – Brasil – 06 a 12 de maio de 2007.28) FESTIVAL ELCINE – Lima – Peru – 02 a 11 de agosto de 2007.29) IGUATEMI FILME FASHION 2007 – 2° MOSTRA COMPETITIVA – São Paulo – Brasil – 24 a 30 de agosto de 2007.Prêmio: Vencedor Figurino Longa-metragem.30) BRASIL CINE STOCKHOLM – Estocolmo e Gotemburgo – Suécia – 29 de setembro9 a 08 de outubro de 2007.31) 7° FESTIVAL PANAFRICANO – ROME PAN AFRICAN FILM FESTIVAL – Roma – Itália – 01 a 09 de dezembro de 2007.32) O FESTCINE AMAZÔNIA – Festival de Cinema e Vídeo Ambiental – Porto Velho – Rondônia – 13 a 17 de novembro de 2007.33)LE FESTIVAL INTERNACIONAL DU CINÉMA LATINO-AMERICAINE À PARIS – CADECI Carrefour dês Cinemas – Paris – 06 a 17 de dezembro de 2006.","1)33° FESTIVAL DE CINEMA DE GRAMADO - Gramado - Brasil - 15-20 de agosto de 2005.Prêmios: -Kikito de Melhor Ator (Lázaro Ramos);-Kikito de Melhor Direção de Arte (Vera Hamburger);-Kikito de Melhor Direção de Fotografia (José Roberto Eliezer – ABC);-Kikito de Prêmio Especial do Júri para o Filme;-Prêmio Especial RGE (Rio Grande Energia) de Melhor Fotografia.2)II FESTIVAL DE CINEMA DE PARATY – PARATYCINE – Paraty - RJ – Brasil - 19 a 23 de outubro de 2005.Prêmios: -Melhor Filme;-Melhor Direção de Fotografia (José Roberto Eliezer ABC).3) XX FESTIVAL DE CINE LATINO AMERICANO – Trieste – Itália – de 22 a 30 de outubro de 2005;Prêmios: -Riconoscimento storico.4) FESTCINE GOIÂNIA – I FESTIVAL DE CINEMA BRASILEIRO DE GOIÂNIA – Goiânia – Brasil - de 4 a 10 de novembro de 2005.Prêmios: -Troféu Goiânia de Melhor Ator (Lázaro Ramos);-Troféu Goiânia de Melhor Atriz Coadjuvante (Valéria Monã);-Troféu Goiânia de Melhor Ator Coadjuvante (Leandro Firmino);-Troféu Goiânia de Melhor Direção de Arte (Vera Hamburger);-Troféu Goiânia de Melhor Direção de Fotografia (José Roberto Eliezer ABC).5)THE 14TH ANNUAL PAN AFRICAN FILM FESTIVAL – Magic Johnson Theatres - Los Angeles – USA - February 9-20, 2006.Prêmios: -Indicado a melhor filme.-Recebeu Menção Honrosa.6) 12ª MOSTRA DE CINEMA LLATINOAMERICÁ DE LLEIDA – Lleida – Espanha – 31 de março a 8 de abril de 2006.Prêmio: Mejor Opera Prima.7)8TH ANNUAL ROXBURY FILM FESTIVAL - Boston - USA - 26 a 30 de julho de 2006.Prêmio: Best of Festival Award.8) III MOSTRA INTERNACIONAL DO CINEMA NEGRO – São Paulo - SP – Brasil – 23 a 27 de novembro de 2006.Prêmios: Melhor Ator (Lázaro Ramos);Melhor Ator Coadjuvante (Leandro Firmino);Melhor Direção (Paulo Betti & Clovis Bueno).9)2ND FESTIVAL INTERNATIONAL CINÉMA COSTUMES & MODE – Paris – França – 26 a 30 de abril de 2007.Prêmios: -Indicado a melhor figurino.10)IGUATEMI FILME FASHION 2007 – 2° MOSTRA COMPETITIVA – São Paulo – Brasil – 24 a 30 de agosto de 2007.Prêmio: Vencedor Figurino Longa-metragem.",2006-09-08,Longa-metragem
553,Congada da Lapa,R. A. GENNARO,Brasil,2004,92,LAZ AUDIOVISUAL LTDA.,Não informado,Não informado,,Longa-metragem
554,Malasartes vai à feira,Eduardo Goldenstein,Brasil,2004,12,Aion Cinematografica Ltda,Não informado,Não informado,,Curta-metragem
555,Um ridículo em Amsterdã,Diego Gozze,Brasil,2007,13,Nobile Som,# 40º Festival de Brasília do Cinema Brasileiro (Estréia Nacional - Seleção Oficial 35mm) – Brasília/DF - novembro/2007# 11ª Mostra de Cinema de Tiradentes - Tiradentes/MG - janeiro/2008# 07ª Mostra do Filme Livre - Rio de Janeiro/RJ - fevereiro-março/2008# IV Prêmio FIESP/SESI-SP do Cinema Paulista  - São Paulo/SP - fevereiro-março/2008# 16º Concurso Iberoamericano de Cortometrajes - 48º Festival Internacional de Cine y TV de Cartagena (Estréia Internacional - Seleção Oficial) – Cartagena de Índias/Colômbia - março/2008# XII Edição - CINEPE - Festival Audiovisual do Recife - Recife/PE - abril-maio/2008# CINEOP - 03ª Mostra de Cinema de Ouro Preto - Ouro Preto/MG - junho/2008# MOSCA - 04ª Mostra Audiovisual de Cambuquira - Cambuquira/MG - julho/2008# 01º Festival de Cinema Agulhas Negras - Serra Fluminense/RJ - julho/2008# 36º Festival de Cinema de Gramado - Gramado/RS - agosto/2008#03º FESAALP - Festival de Artes Audiovisuales de La Plata - Buenos Aires/Argentina - setembro/2008#08º Goiânia Mostra Curtas - Goiânia/GO - outubro/2008#05º Festival de Cinema de Arte de Salvador - Salvador/BA - outubro/2008#03ª Mostra Curta Audivisual - Campinas/SP - outubro/2008#VALE CURTAS - 02º Festival Nacional de Curtas-Metragens do Vale so São Francisco - Juazeiro/BA e Petrolina/PE - novembro/2008#IV Festival Curta Três Rios Cine Vídeo 2008 - Três Rios/RJ - novembro/2008#CINEMA MUNDO - II Festival Internacional de Cinema de Itu - Itu/SP - novembro/2008#07º Festival Nacional de Cinema de Varginha - Varginha/MG - novembro/2008#15º Vitória Cine Vídeo - Vitória/ES - novembro/2008#08º BRASILNOAR - Festival Internacional del Nuevo Arte Brasileño - Barcelona/Espanha - novembro/2008#16º FESTVÍDEO - Festival de Vídeo de Teresina - Teresina/PI - dezembro/2008#34ª Edição do Curta nas Telas - Exibição em circuito comercial - Porto Alegre/RS - selecionado (data de exibição a definir),nenhum,2007-11-21,Curta-metragem
556,As Mulheres Choradeiras,Jorane Castro,Brasil,2000,15,Cabocla Produçoes,"•10th Mediterranean Festival of New Film Makers – Larissa –Grécia - Abril 2002Prêmio Cavalo de Bronze -  Terceiro Melhor Curta-Metragem•Festival Internacional de Film Dakino, Bucarest – Romênia, Novembro & Dezembre 2001•20th Uppsala International Short Film Festival. Sweden, October 2001•1° Marrakech International Film Festival. Marrocos, Septembre 2001•29° Festival de Gramado – Cinema Brasileiro e Latino – 06 a 11 de junho de 2001•11° Cine Ceará, Fortaleza, CE. Junho 2001•24  Guarnicê de Cine-Vídeo, São Luiz – MA. Junho 2001•3  Festival International de Belo Horizonte, MG. Maio 2001.•33° Quinzena dos Realizadores – Cannes 2001França  (10 a 20 de maio de 2001)•23° Festival International de Films de Femmes de Créteil França (Março de 2001)Prêmio Melhor Curta-Metragem – Canal +•3° Festival de Cinema Brasileiro de ParisFrança (Março de 2001) •24° Molodist – International Short-Film Festival - Kiev Ucrânia (Outubro de 2000)•11° Festival Internacional de Curtas Metragens de São Paulo Brasil  (Agosto de 2000)","•Festival de Maringa, Parana, Brasil,  2007 - Melhor Montagem•10th Mediterranean Festival of New Film Makers – Larissa –Grécia - Abril 2002Prêmio Cavalo de Bronze -  Terceiro Melhor Curta-Metragem•23° Festival International de Films de Femmes de Créteil França (Março de 2001)Prêmio Melhor Curta-Metragem – Canal +",,Curta-metragem
557,Invisíveis prazeres cotidianos,Jorane Castro,Brasil,2004,26,Cabocla Produções,"I Mostra Amazônica do Filme Etnográfico, Manaus 2006.I Mostra do Audiovisual Paulista, São Paulo 2006.Albacete Documental, Espanha 2006.Documentary Fortnight Expanded, Museu de Arte Moderna, MoMA / Nova Iorque, EUA, Fevereiro 2007.",Melhor Filme no I Mostra Amazonica do Filme Etnografico 2006,,Curta-metragem
558,"Vlado, trinta anos depois",Jo&atilde;o Batista de Andrade,Brasil,2005,84,Oeste Filmes Brasileiros Ltda,Festival FIESP/2005,Melhor Roteiro,,Longa-metragem
559,Amazônia - Heranças de uma Utopia,Alexandre Valenti e Ricardo Favilla,Brasil,2003,90,MPC & Associados/ Rio de Cinema Produções/ Mano a Mano,11º Mostra Internacional do filme EtnográficoI Mostra Amazinica do filme etnico,Não informado,,Longa-metragem
560,Parintins - Jungle Magic,Simon Brook,Brasil,2004,70,MPC & Associados/ Cinétévé/ Arte France/ BBC Chanel,Não informado,Não informado,,Longa-metragem
561,A partida,Sandra Ribeiro,Brasil,2003,19,SR Cinema & NVídeo Produções Ltda,cine PEFESTIVAL INTERNACIONAL DE SÃO PAULOFESTIVAL DO RIO ENTRE OUTROS,"Primeiro Lugar melhor ficção do Festival de Teresina.Prêmio de Melhor Trilha Sonora do Festival de Santos-SPPrêmio do Júri Popular, Melhor Curta Nacional, Belém-PA.Prêmio de Melhor ator para Paulo Autran, Maringá-PR.Prêmio de Melhor ator para Marcelo Lacerda, Maringá-PR. Prêmio de melhor som, Maringá-PR.",,Curta-metragem
562,Tópicos urbanos,Ivana Mendes,,2005,52,Tríplice Produções,Não informado,Não informado,,Média-metragem
563,O segredo,LUIS ANTONIO PEREIRA,Brasil,2005,18,ECLECTIC ENTERTAINMENT,"1.9º Florianópolis Festival (FAM 2005)Junho 2005, Brasil2.2º Fest Cine Maringá Julho 2005, Brasil             . Prêmio de Melhor Ator para Murilo Rosa3.1ª Mostra de Cinema de CuritibaAgosto 2005, Brasil4.10º Festival “Sea To Sky”Setembro 2005, Canadá             . 2º Lugar para Melhor Filme (Júri Popular)5.1 º Festival de Cinema de CascavelSetembro 2005, Brasil            . 2º Lugar para Melhor Filme (Prêmio do Júri)6.4º Festival de Cinema de VarginhaSetembro/Outubro 2005, Brasil           . Melhor Ator para Murilo Rosa           . Melhor Diretor para Luis Antonio Pereira7.29º São Paulo International Film Festival (Não Competitivo)Outubro/ Novembro 2005, Brasil8.16º Ljubljana Film Festival (Não Competitivo)Novembro, 2005, Eslovênia9.4º Izmir Film FestivalNovembro, 2005, Turquia10. 10º Kerala Film Festival (Não Competitivo)Dezembro, 2005, Índia11. 9º Festival Luso Brasileiro de Cinema de Santa Maria da FeiraDezembro, 2005, Portugal12.Festival de Cinema de ParisJaneiro de 2006, França13.1º Festival de Cinema de Olhares, ViçosaFevereiro de 200614.Vibgyor Film FestivalFevereiro 2006, India15.3º Festival de Cinema de Campo GrandeMarço 2006, Mato Grosso do Sul16.1° Festival de Cinema de MogiMarço 200617.12º Bradford Film FestivalMarço de 2006, Inglaterra18.18º Festival de Cinema de ToulouseMarço de 2006, França19.Itaú CulturalAbril de 2006, São Paulo20.Prêmio ABC de FotografiaAbril de 2006, Rio de Janeiro21.34º Algarve International Film FestivalMaio de 2006, Portugal. Prêmio de Melhor Filme (Júri Popular)22.1º Festival de Cinema de CorumbáMaio de 2006, Mato Grosso do Sul23.3º Naoussa Film FestivalMaio de 2006, Grécia24.14° Festival dos FestivaisJulho de 2006, São Petersburgo, Rússia25.5° Festival de Cinema de Santa MariaJulho de 2006, Rio Grande do Sul. Prêmio de Melhor Ator para Murilo Rosa. Prêmio de Melhor Música para André Moraes26.Estrasburgo Film FestivalJulho de 2006, França. Prêmio de Melhor Atriz para Bruna Di Tullio27.Festival de Cinema de ColatinaJulho de 2006, Espírito Santo. Prêmio de Melhor Música para André Moraes28.Mostra Estação Cinema Nas cidades de: Itabira, Antônio Dias, Coronel Fabriciano, Ipatinga, Governador Valadares, Conselheiro PenaAgosto de 2006, Minas Gerais29.10° Portobello Film FestivalAgosto de 2006, Londres, Inglaterra30.10° Lucania Film FestivalAgosto de 2006, Lucania, Itália31.3º Borges Film FestivalSetembro de 2006, Borges, Espanha32.1º Festival de Cinema de Pacoti Outubro de 2006, Fortaleza, Ceará33.Exibição em Circuito Comercial (antes do Longa Zuzu Angel)Outubro de 2006, Altamira, Pará34.Bucareste Film Festival Outubro de 2006, Bucareste, Romênia35.3° Festival de Cinema de CuscoNovembro de 2006, Peru36.Festival Internacional de Cinema da Cidade do CaboNovembro de 2006, África do Sul37.16° Dakino Film FestivalNovembro 2006, Bucareste, Romênia38.1° Festival de Cinema de MuriaéNovembro 2006, Minas Gerais39.5º Festival de Cinema de TeresinaDezembro 2006, Piauí40.4° Festival de Cinema de AroucaDezembro 2006, Portugal41.2° Festival de MacapáDezembro 2006, Amapá42.Cape Town FestivalMarço 2007, Africa do Sul43.Festival de Cinema de PragaJunho 2007, Republica Tcheca44.Curta a NoiteJunho 2007, Rio de Janeiro45.3° Cine Três RiosAgosto 2007, Rio de Janeiro. Melhor Direção para Luis Antonio Pereira. Melhor Ator para Murilo Rosa. Melhor Fotografia para Kika Cunha & Flavio Zangrandi46.4º Festival de Cinema de ForliOutubro 2007, Itália47.Mostra de Curtas NativoFevereiro 2008, Rio de Janeiro48.2ª Mostra de Curta UrbanaJunho 2008, Goiânia","1.9º Florianópolis Festival (FAM 2005)Junho 2005, Brasil2.2º Fest Cine Maringá Julho 2005, Brasil             . Prêmio de Melhor Ator para Murilo Rosa3.1ª Mostra de Cinema de CuritibaAgosto 2005, Brasil4.10º Festival “Sea To Sky”Setembro 2005, Canadá             . 2º Lugar para Melhor Filme (Júri Popular)5.1 º Festival de Cinema de CascavelSetembro 2005, Brasil            . 2º Lugar para Melhor Filme (Prêmio do Júri)6.4º Festival de Cinema de VarginhaSetembro/Outubro 2005, Brasil           . Melhor Ator para Murilo Rosa           . Melhor Diretor para Luis Antonio Pereira7.29º São Paulo International Film Festival (Não Competitivo)Outubro/ Novembro 2005, Brasil8.16º Ljubljana Film Festival (Não Competitivo)Novembro, 2005, Eslovênia9.4º Izmir Film FestivalNovembro, 2005, Turquia10. 10º Kerala Film Festival (Não Competitivo)Dezembro, 2005, Índia11. 9º Festival Luso Brasileiro de Cinema de Santa Maria da FeiraDezembro, 2005, Portugal12.Festival de Cinema de ParisJaneiro de 2006, França13.1º Festival de Cinema de Olhares, ViçosaFevereiro de 200614.Vibgyor Film FestivalFevereiro 2006, India15.3º Festival de Cinema de Campo GrandeMarço 2006, Mato Grosso do Sul16.1° Festival de Cinema de MogiMarço 200617.12º Bradford Film FestivalMarço de 2006, Inglaterra18.18º Festival de Cinema de ToulouseMarço de 2006, França19.Itaú CulturalAbril de 2006, São Paulo20.Prêmio ABC de FotografiaAbril de 2006, Rio de Janeiro21.34º Algarve International Film FestivalMaio de 2006, Portugal. Prêmio de Melhor Filme (Júri Popular)22.1º Festival de Cinema de CorumbáMaio de 2006, Mato Grosso do Sul23.3º Naoussa Film FestivalMaio de 2006, Grécia24.14° Festival dos FestivaisJulho de 2006, São Petersburgo, Rússia25.5° Festival de Cinema de Santa MariaJulho de 2006, Rio Grande do Sul. Prêmio de Melhor Ator para Murilo Rosa. Prêmio de Melhor Música para André Moraes26.Estrasburgo Film FestivalJulho de 2006, França. Prêmio de Melhor Atriz para Bruna Di Tullio27.Festival de Cinema de ColatinaJulho de 2006, Espírito Santo. Prêmio de Melhor Música para André Moraes28.Mostra Estação Cinema Nas cidades de: Itabira, Antônio Dias, Coronel Fabriciano, Ipatinga, Governador Valadares, Conselheiro PenaAgosto de 2006, Minas Gerais29.10° Portobello Film FestivalAgosto de 2006, Londres, Inglaterra30.10° Lucania Film FestivalAgosto de 2006, Lucania, Itália31.3º Borges Film FestivalSetembro de 2006, Borges, Espanha32.1º Festival de Cinema de Pacoti Outubro de 2006, Fortaleza, Ceará33.Exibição em Circuito Comercial (antes do Longa Zuzu Angel)Outubro de 2006, Altamira, Pará34.Bucareste Film Festival Outubro de 2006, Bucareste, Romênia35.3° Festival de Cinema de CuscoNovembro de 2006, Peru36.Festival Internacional de Cinema da Cidade do CaboNovembro de 2006, África do Sul37.16° Dakino Film FestivalNovembro 2006, Bucareste, Romênia38.1° Festival de Cinema de MuriaéNovembro 2006, Minas Gerais39.5º Festival de Cinema de TeresinaDezembro 2006, Piauí40.4° Festival de Cinema de AroucaDezembro 2006, Portugal41.2° Festival de MacapáDezembro 2006, Amapá42.Cape Town FestivalMarço 2007, Africa do Sul43.Festival de Cinema de PragaJunho 2007, Republica Tcheca44.Curta a NoiteJunho 2007, Rio de Janeiro45.3° Cine Três RiosAgosto 2007, Rio de Janeiro. Melhor Direção para Luis Antonio Pereira. Melhor Ator para Murilo Rosa. Melhor Fotografia para Kika Cunha & Flavio Zangrandi46.4º Festival de Cinema de ForliOutubro 2007, Itália47.Mostra de Curtas NativoFevereiro 2008, Rio de Janeiro48.2ª Mostra de Curta UrbanaJunho 2008, Goiânia",,Curta-metragem
564,A Garota,Fernando Pinheiro,Brasil,2006,5,Não há. Filme Independente.,138 festivais de cinema em 40 países.,9 prêmios internacionais.,,Curta-metragem
565,Náufrago,Amilcar Monteiro Claro,Brasil,1998,18,Amilcar M. Claro Produções LTDA,"Festival de Huesca, na Espanha, Festival de Santiago, no Chile, Jornada Internacional de Cinema da Bahia, Festival Internacional de Curtas Metragens de São Paulo; Festival de Brasília, Festival do Recife, Guarnicé de São Luís do Maranhão, Festival do Rio, Rio de Janeiro, Festival de Cinema e Vídeo de Cuiabá/99, Melhores Curtas-metragens do Ano, Estação Botafogo, RJ. Participou fora de competição do IV Festival Brasileiro de Cinema Universitário da UFF/99, em Niterói, da Mostra Curta Brasil/99, RJ, do Cine Ceará, Fortaleza, anos 98/99, da Mostra Itinerante Panorama do Cinema Paulista, do Festival de Havana, em Cuba, da Mostra Luso-brasileira de Santa Maria da Feira, em Portugal, do Festival de Palm Springs, USA, do Festival de Trieste, na Itália, da Mostra de Cinema Brasil Plural de Munique, na Alemanha, da mostra Parede do Curta, no Rio de Janeiro, da Mostra Fluvial, de Belém, da mostra Brasil-Portugal, Travessias de Cinema, no Rio de Janeiro, comemorando os 500 Anos do Brasil, e da Mostra Internacional de Cinema de São Paulo.  Abriu o programa Curta às Seis, do Espaço Unibanco de Cinema, em São Paulo, esteve em exibição por 6 semanas no Cinesesc, São Paulo, foi exibido na mostra O Bonequinho Viu, do Jornal O Globo, Rio de Janeiro, abriu o 1º programa Curta Petrobrás às 6, do Espaço Unibanco de Cinema, com exibição em 5 cidades brasileiras, participou da mostra Marató de L’Espetacle, abriu o Festival Chileno de Curtas-Metragens-2000, em Santiago, abriu o 1º Festival de São José, SP, teve exibições no espaço La Prensa, de Recife, PE e, mais recentemente, no Festival de Madrid  e Bilbao, na Espanha.  Foi ainda exibido em 4 canais de televisão: Multishow, TV Cultura, TVE e Canal Brasil.   ","Com roteiro premiado pelo Linc da Secretaria de Estado da Cultura, recebeu em festivais internacionais os prêmios de Melhor Filme e Kodak, no Festival de Huesca, na Espanha; os de Melhor Filme, Melhor Fotografia e Melhor Ator no Festival de Santiago, no Chile; e o de Melhor Fotografia na Jornada Internacional de Cinema da Bahia.  Nacionalmente, recebeu os prêmios de Público, de Aquisição do Multishow-Canal Brasil, do Espaço Unibanco de Cinema e da Kodak-Kinoforum, no 9º Festival Internacional de Curtas Metragens de São Paulo; no Festival de Brasília, de Melhor Fotografia e Câmera.  No Festival de Recife, de Melhor Direção e Melhor Ator.  Recebeu em São Luís do Maranhão o Troféu Jangada para Melhor Filme Nacional pela OCIC, Organização Católica Internacional de Cinema.  No Festival do Rio, Rio de Janeiro, recebeu os troféus de Melhor Diretor e Melhor Ator.  No Festival de Cinema e Vídeo de Cuiabá/99, recebeu o troféu de Melhor Filme e os prêmios das empresas Fujifilm, Cinema, Quanta e Motion. Colocou-se ainda entre os três Melhores Curtas-metragens do Ano, em votação organizada pelo Estação Botafogo, RJ. Participou fora de competição do IV Festival Brasileiro de Cinema Universitário da UFF/99, em Niterói, da Mostra Curta Brasil/99, RJ, do Cine Ceará, Fortaleza, anos 98/99, da Mostra Itinerante Panorama do Cinema Paulista, do Festival de Havana, em Cuba, da Mostra Luso-brasileira de Santa Maria da Feira, em Portugal, do Festival de Palm Springs, USA, do Festival de Trieste, na Itália, da Mostra de Cinema Brasil Plural de Munique, na Alemanha, da mostra Parede do Curta, no Rio de Janeiro, da Mostra Fluvial, de Belém, da mostra Brasil-Portugal, Travessias de Cinema, no Rio de Janeiro, comemorando os 500 Anos do Brasil, e da Mostra Internacional de Cinema de São Paulo.  Abriu o programa Curta às Seis, do Espaço Unibanco de Cinema, em São Paulo, esteve em exibição por 6 semanas no Cinesesc, São Paulo, foi exibido na mostra O Bonequinho Viu, do Jornal O Globo, Rio de Janeiro, abriu o 1º programa Curta Petrobrás às 6, do Espaço Unibanco de Cinema, com exibição em 5 cidades brasileiras, participou da mostra Marató de L’Espetacle, abriu o Festival Chileno de Curtas-Metragens-2000, em Santiago, abriu o 1º Festival de São José, SP, teve exibições no espaço La Prensa, de Recife, PE e, mais recentemente, foi exibido no Festival de Madrid  e Bilbao, na Espanha.  Foi ainda exibido em 4 canais de televisão: Multishow, TV Cultura, TVE e Canal Brasil.   ",,Curta-metragem
566,Alma Açoriana,Penna Filho,Brasil,2001,50,Adalberto Penna Produções Cinematográficas,"CineEco(Seia, Serra da Estrela, Portugal)/2001;Vitória Cine Vídeo(2001)",X,,Média-metragem
567,Três irmãos de sangue,Angela Patricia Reiniger,Brasil,2006,102,No Ar Comunicação LTDA,Festival de Cinema em Paris (2007);Festival de Cinema Brasileiro em Nova York (2007);Fest Cine Natal (2007);Recine (2007);Femina (2007);Mostra Retratos do Festival do Rio (2006);Mostra Internacional de Cinema de São Paulo (2006);Fest Cine Goiania (2006).,"Melhor Filme (Júri Popular) no 5º Cine Fest Petrobras Brasil, o festival de cinema brasileiro em Nova York (2007); Melhor Documentário (Júri Oficial e Júri Universitário) no 20º FestCine Natal (2007);Melhor Roteiro no RECINE (2007); Menção Honrosa no Femina- Festival Internacional de Cinema Feminino (2007), tendo sido o único representante brasileiro na competição internacional de longas; Melhor Roteiro de Documentário no 2º FestCine Goiânia (2006).",,Longa-metragem
568,A banda,ROLAND WERNER HENZE,Brasil,1976,9,ROLAND HENZE PRODUÇÕES CINEMATOGRÁFICAS,Não informado,Não informado,,Curta-metragem
569,A jangada,ROLAND WERNER HENZE,Brasil,1973,10,Roland Henze Produções Cinematográficas,TROFEU HUBERTO MAURO 1973 ,PRÊMIO MELHOR DIRETOR DE CURTA METRAGEM,,Curta-metragem
570,A lavagem do Cristo,ROLAND WERNER HENZE,Brasil,1969,10,Roland Henze Produções Cinematográficas,FESTIVAL DE SÃO CARLOS / SP - 1968FESTIVAL INC,"Prêmio Melhor Direção no Festival de São Carlos.. SPPrêmio Coruja de Ouro, 1969, do INC - Instituto Nacional de Cinema.",,Curta-metragem
571,Fui !!!,Guilherme Fi&uacute;za,Brasil,2004,15,Abuzza Filmes,• 7º Festival Internacional de Curtas de Belo Horizonte – 2005Melhor Curta na Mostra Minas na escolha de Juri Popular• III Mostra Cinema e Vídeo do SESC-MG – 2005 • 5o Festival Internacional de Cine Las Palmas de Gran Canaria - 2004• XXII Festival Cinematográfico Internacional Del Uruguay – 2004• Mostra Internacional de Curtos Metrajes de Cusco – 2004• Cancun International Film Festival - 2007,• III Mostra Cinema e Vídeo do SESC-MG – 2005 3º lugar na escolha de Juri Popular• 7º Festival Internacional de Curtas de Belo Horizonte – 2005Melhor Curta na Mostra Minas na escolha de Juri Popular,,Curta-metragem
572,Naturezas mortas,Penna Filho,Brasil,1995,16,Adalberto Penna Produções Cinematográficas,"Ceará, Guarnicê, Gramado, Salvador, Festival internaional de São Paulo,Chile, Bélgica, Portugal(Algarve), Direitos Humanos(Argentina)","III Resgate do Cinema Brasileiro(MinC/Finep/1994); Kikito do Júri Popular(Gramado, 95);Troféu Margarida de Prata de Melhor Curta Brasileiro (Indaiatuba/CNBB, 95); Melhor Documentário Internacional(FICA/Algarve/Portugal/1997). ",,Curta-metragem
573,Victor Meirelles - Quadros da história,Penna Filho,Brasil,1996,25,Adalberto Penna Produções Cinematográficas,"Gramado e Brasília (mostras competitivas) e Vitória Cine-Vídeo, em 1996",Não informado,,Curta-metragem
574,Fendó - Tributo a Uma Guerreira,Penna Filho,Brasil,2000,25,Adalberto Penna Produções Cinematográficas,"I Terra em Foco(da CONTAG/Brasília), novembro/2000CineEco(Seia, Serra da Estrela, Portugal).","Melhor Vídeo educativo (I Terra em Foco, Brasília),2000;Menção Honrosa (CineEco, Seia, Serra da Estrela, Portugal).",2000-08-26,Curta-metragem
575,O dono da pena,Claudia Nunes,Brasil,2005,10,Cláudia Nunes,Seleção oficial:14º San Diego Latino Film Festival (EUA)FamaFest 2007 (Portugal)Mostra Nacional de Londrina 2006 (Paraná)Mostra do Filme Livre 2007 (Rio de Janeiro),"Melhor Direção – Mostra ABD Cine Goiás 2006Melhor Vídeo de Ficção – FAM 2006Melhor Curta-Metragem – 6º Goiânia Mostra Curtas (2006)Melhor Direção – 10º Festival de Cine, Vídeo e DCine de Curitiba (2007)",,Curta-metragem
576,Aldeia,Geraldo Pioli,Brasil,2000,11,Pioli Produções Audiovisuais Ltda. ,Seleção Festivais Nacionais: Curitiba;Fest Intern de Sp;Fest. Maranhão; Fest Bahia;Fest Ceará; Fest Goiania; Fest Goiás;Fest Gramado;Fest Espirito Santo; Festivais Internacionais: Fest. Vila da Feira Portugal Fest de Cabo Verde; Mostra Indígena Bolívia; Fest Cine Brasileiro Munique- Alemanha. ,Melhor filme pelo Júri: fest de Curitiba 2000Melhor filme pelo publico: fest Curitiba 2000Melhor roteiro: fest de Recife 2000Melhor Filme: fest FlorianópolisPremio da Ocic (Org. Intern. catolica de Cinema) Fest Goiás 2000.,,Curta-metragem
577,Dnar - Pelos Caminhos da Arte,&Eacute;veli Xavier,Brasil,2008,37,Creare Filmes Ltda,5° Festival de Maringá,Não informado,,Média-metragem
578,Mais que a terra,Elizeu Ewald,Brasil,1990,72,E.S. Comunicações Ltda.,Festival de Brasília 1990 – Competição OficialFestival de Montreal 1991 – Panorama LatinoFestival da Índia 1991 – Cinema do MundoParticipação em várias Mostras e Festivais,Festival de Brasília 1990 – Prêmio Especial do Júri,,Longa-metragem
579,Noiva de Deus,Leonardo Barcelos,Brasil,2006,13,Teia Filmes,"• 8º Festival Internacional de Curtas de Belo Horizonte - Sessão Especial Minas• XXIV Congresso Brasileiro de Psiquiatria• Sessão Especial Curat Minas- melhores vídeos 2005• 6ª Mostra do Filme Livre - indicado, entre os 10 filmes sem apoio estatal, ao prêmio troféu Filme Livre.• 5º Cine Documentário Ipatinga• 1º Festival Curta Cabo Frio","• Melhor vídeo, eleito pelo Júri Popular no XXIV Congresso Brasileiro de Psiquiatria ",,Curta-metragem
580,Desilusão,Bob Barbosa e Marco Stroisch,Brasil,2007,22,Bob Barbosa Produções Artísticas Ltda e Núcleo de Ações Jornalísticas e Audiovisuais Ltda.,XII FAM 2008 - Florianópolis Audiovisual Mercosul,Melhor filme categoria curta em 35 mm pelo Júri Popular do XII FAM 2008 Florianópolis Audiovisual Mercosul,2008-06-10,Curta-metragem
581,Nascente,Helv&eacute;cio Marins J&uacute;nior,Brasil,2005,17,Teia,"•16º Festival Internacional de Curtas de São Paulo, Set/ 2005.•2º Amazonas Film Festival, Brasil, Nov/ 2005. •9º Festival Luso-Brasileiro, Portugal, Dez/ 2005.•9º Festival de Cinema de Tiradentes, Jan/ 2006.•Festival Internacional de Curtas do RJ, Nov/ 2005. •5ª Mostra do Filme Livre, RJ, Fev/ 2006.•35º Festival Internacional de Cinema de Rotterdam, Holanda, Jan/ 2006.•6º CurtaSE, Festival Luso Brasileiro de Curtas Metragens de Sergipe, Abr/ 2006.•3ºGreen Film Festival, na Coreia do Sul, Mai/ 2006.•34º Festival Internacional de Huesca, Espanha, Jun/2006.•53º Festival Internacional de Sydney, Austrália, Jun/ 2006.•16º Festival Iberto Americano de Cinema - Cine Ceará, Jun/ 2006.•3ºMOVA Caparaó – Mostra de vídeo ambiental do Caparaó, Jul/ 2006.•8º Festival Internacional de Curtas de Belo Horizonte, Jul/ 2006. •9º Festival Internacional de Curtas Expresion en Corto, México/ Jul/2006.","•Prêmio de melhor filme pelo júri do Cachaça Cinema Clube, 16º FestivalInternacional de Curtas de São Paulo, set/2005.•Grande Prêmio - Melhor curta metragem, 2º Amazonas Film Festival, nov/2005.•Prêmio de Melhor curta metragem pelo público, 9º Festival Luso-Brasileirode Santa Maria da Feira, Portugal, dez/2005.•Prêmio de Melhor filme pelo Júri da ABD-RJ, 15º Festival Internacional deCurtas do Rio de Janeiro - Curta Cinema, dez/2005.•Único filme brasileiro selecionado para a Competição Internacional deCurtas, ""Tiger Award Competition"", no Festival de Rotterdam, Holanda,jan/2006.•Prêmio especial do júri, 6ºCurtaSE – Festival Luso Brasileiro de Curtas Metragens de Sergipe, abr/ 2006.",,Curta-metragem
582,2 Homens,Helv&eacute;cio Marins J&uacute;nior,Brasil,2001,5,Teia,"31º Festival Internacional de Cinema de Rotterdam, Holanda, Jan/2002.5º Festival Luso-Brasileiro de Santa Maria da Feira, Portugal, Abr/2001.30º Festival Internacional de Cinema de Figueira da Foz, Set/2001.9º Festival Chileno-Internacional de Cortometrajes, Nov/2001.11º Festival Internacional de Cine Experimental de Madrid, Nov/2001.3º  Festival Internacional de Cortometrajes de Caracas, Venezuela,Fev/Mar, 2002.5º Festival Internacional de Cortometrajes de Barcelona-MECAL, Set-2002.8º Exground Film Festival, Alemanha, Nov-2002.14º Festival de Curtas de Clermont-Ferrand, França - Fev/2002. (Mostraparalela)52º Festival Internacional de Cinema de Berlim, Alemanha, Fev/2002.(Mostra de mercado)4º Festival de Cinema de Tiradentes, jan/2001, mostra nãocompetitiva, sendo um dos cinco curtas mais votados pelo júri popular,melhor curta mineiro.5º Florianópolis Audiovisual Mercosul, Jun/2001.3º Festival Internacional de Curtas de Belo Horizonte, Jun/2001.29º Festival de Gramado Cinema Brasileiro e Latino, Ago/2001.12º Festival Internacional de Curtas Metragens de São Paulo  -Ago/2001.8º  Vitória Cine Vídeo, Nov/2001.34º Festival de Brasília do Cinema Brasileiro, Nov/2001.11º Mostra Curta Cinema, Festival Internacional de curtas do Rio DeJaneiro, Dez/2001.1º Festival de Cinema de Varginha, Mar/2002, Melhor roteiro.2º CURTA-SE  Festival de Cinema de Aracaju-SE, abril/2002.6ª Semana do curta-metragem de São Paulo, Julho/2002, MençãoEspecial do Júri.2ª Goiânia Mostra Curtas, Out/2002.1º Cine Esquema Novo, Festival de curtas de Porto Alegre, Maio/2003.","4º Festival de Cinema de Tiradentes, jan/2001, mostra nãocompetitiva, sendo um dos cinco curtas mais votados pelo júri popular,melhor curta mineiro.1º Festival de Cinema de Varginha, Mar/2002, Melhor roteiro.6ª Semana do curta-metragem de São Paulo, Julho/2002, MençãoEspecial do Júri.",,Curta-metragem
583,Aboio,Mar&iacute;lia Rocha,Brasil,2005,71,Teia,"Documentary Fortnight  (Mostra Internacional de Documentários do MoMA - The Museum of Modern Art) – Nova Iorque, EUA, 2005.10º É Tudo Verdade – Festival Internacional de Documentários – SP/RJ, 2005. 9º CinePE – Recife, 2005 – prêmio de melhor trilha sonora e edição de som.FICA – Festival Internacional de Cinema Ambiental – Goiás, 2005. 10o Mostra Internacional do Filme Etnográfico RJ, 2005.Indie2005 - Mostra de Cinema Mundial; Festival do Rio2005; FestCine Goiânia2005;Mostra de Tiradentes 2006;21º Guadalajara International Film Festival, México, 2006.41º Festival Internacional de Karlovy Vary, 2006. ",Melhor longa-metragem brasileiro – 10º É Tudo Verdade – Festival Internacional de Documentários.Melhor trilha sonora e edição de som 9º CinePE.Menção honrosa do júri FICA – Festival Internacional de Cinema Ambiental.Melhor realização - 10o Mostra Internacional do Filme Etnográfico RJ.,,Longa-metragem
584,Se tivéssemos tempo,Jos&eacute; Eduardo de Oliveira,Brasil,2006,71,jeofilmes,Não informado,1º Prêmio de In clusão Cultural da Pessoa Idosa - Minsitério da Cultura - 2.007,2006-06-07,Longa-metragem
585,Em nome do pai,J&uacute;lio Pessoa,Brasil,2002,17,ECA - USP,"- Festival Internacional de São Paulo, do México, da Argentina, da Bulgária, Gramado, Vitória etc.",Melhor Filme - Festival Internacional do México- Festival Inernacional da BulgáriaMelhor Ator- Leonardo Miggiorin (Gramado)Melhor Atriz- Denise Weinberg (Vitória),,Curta-metragem
586,Eco interno,B&aacute;rbara de Azevedo,Brasil,2008,20,Limiarte Filmes,Inédito,Não informado,,Curta-metragem
587,Porr Gentileza,Dado Amaral,Brasil,2002,14,Cineclube Pela Madrugada,"13.° Festival Internacional de Curtas de SPI ParacineIX Vitória Cinevídeo4.ª Muestra Internacional Documental de BogotáAraribóia Cine12.ª Mostra Curta Cinema (RJ)7.° Festival de Cinema Luso-brasileiro de Santa Maria da Feira (Portugal)Brasil Plural 7 (4 países da Europa, 12 cidades)A noite antes da Imagem (CCBB)e outros",Aquisição Curta Petrobras às Seis (exibido em 5 capitais do Brasil),,Curta-metragem
588,Eu me lembro,Edgard Navarro,Brasil,2005,111,Truque Produtora de Cinema,38º FESTIVAL DE BRASÍLIA DO CINEMA BRASILEIRO  (nov/2005)9ª MOSTRA DE CINEMA DE TIRADENTES – MG (jan/2006)16º CINE CEARÁ – Fortaleza (jun/2006)FESTIVAL DO RIO 2006 – Rio de Janeiro (Set/2006)I PRÊMIO ITAMARATY PARA O CINEMA BRASILEIRO (Nov/2006)2º FESTCINE GOIÂNIA (Nov/2006)MONTREAL WORLD FILM FESTIVAL  - Canadá (Agosto/2006)XXIII FESTIVAL DE CINE DE BOGOTÁ – Colombia (Out/2006)CAIRO INTERNATIONAL FILM FESTIVAL (Dez/2006)PALM SPRINGS INTERNATIONAL FILM FESTIVAL (Jan/2007)SOFIA INTERNATIONAL FILM FESTIVAL (2007) CHICAGO LATINO FILM FESTIVAL (2007)19ème RENCONTRES CINEMAS D’AMERIQUE LATINE DE TOULOUSE (2007)CINE FEST PETROBRÁS BRASIL – NEW YORK 2007,38º FESTIVAL DE BRASÍLIA DO CINEMA BRASILEIRO  (nov/2005)* Melhor Filme (Júri Oficial)* Melhor Direção - Edgar Navarro * Melhor Atriz - Arly Arnaud* Melhor Ator Coadjuvante - Fernando Neves* Melhor Atriz Coadjuvante - Valderez Freitas Teixeira* Melhor Roteiro - Edgar Navarro* Melhor Filme (Prêmio da Crítica),2006-09-29,Longa-metragem
589,A vida ao lado,Gustavo Galv&atilde;o,Brasil,2006,13,400 Filmes e Dharma Filmes,"39º Festival de Brasília (Nov/2006), 10º Festival de Santa Maria da Feira (Portugal, Dez/2006), 27th Cambridge Film Festival (Inglaterra, Jul/07), 18º Festival Internacional de Curtas-metragens de São Paulo (Ago/07), 22nd Odense Film Festival (Dinamarca, Ago/07), 13th International Short Film Festival in Drama (Grécia, Set/07) e Brasil Plural 10 (Alemanha, Áustria e Suíça, Out/07-Jan/08), entre outros.","Melhor ator (39º Festival de Brasília, para Leonardo Medeiros)",,Curta-metragem
590,Uma noite com ela,Gustavo Galv&atilde;o,Brasil,2005,7,400 Filmes,"38º Festival de Brasília do Cinema Brasileiro (Nov/2005), Curta Cinema (Rio de Janeiro, dez/2005) e 18º Rencontres Cinémas d´Amérique Latine de Toulouse (Mar/2006), entre outros.",Não informado,,Curta-metragem
591,As incríveis bolinhas do Dr. Sorriso Sarcástico,Gustavo Galv&atilde;o,Brasil,2003,9,400 Filmes,"36º Festival de Brasília (Nov/2003), 8º Festival do Audiovisual de Pernambuco (Abr/2004), 15º Festival Internacional de Curtas de São Paulo (Ago/2004) e 11º Vitória Cine Vídeo (Nov/2004), entre outros.",Não informado,,Curta-metragem
592,Emma na tempestade,Gustavo Galv&atilde;o,Brasil,2002,15,400 Filmes/ Start Filmes,Não informado,Não informado,,Curta-metragem
593,DIA DE FOLGA,André Carvalheira,Brasil,2006,13,400 FILMES,Festivais e prêmios nacionais39º Festival de Brasília do Cinema Brasileiro 2006 – Melhor RoteiroCine PE 2007 (Recife-PE)Curta SE 7 2007 (Aracaju-SE)14º Festival de Cinema e Vídeo de Cuiabá 2007 – Melhor Ator para Cláudio Jaborandy11º FAM 2007 (Florianópolis-SC) – Melhor Fotografia17º Cine Ceará 2007 (Fortaleza-CE) – Melhor Ator para Cláudio JaborandyExibição especial no 12o Festival Brasileiro de Cinema Universitário 2007 (Niterói-RJ)2o Festival do Paraná de Cinema Brasileiro e Latino 20072o Festival Macapá de Cinema e Vídeo 2007 (Amapá)6a Goiânia Mostra Curtas 20072a Mostra Curta Audiovisual 2007 (Campinas-SP)17o Curta Cinema – Festival Internacional de Curtas do Rio de Janeiro 2007Festivais internacionais1st Brazilian Film Festival of Toronto 2007 (Canadá)25eme Festival Tous Courts 2007 (Aix-en-Provence - França)4o Festival Internacional de Cortometrajes FENACO 2007 (Cusco - Peru),39º Festival de Brasília do Cinema Brasileiro 2006 – Melhor Roteiro14º Festival de Cinema e Vídeo de Cuiabá 2007 – Melhor Ator para Cláudio Jaborandy11º FAM 2007 (Florianópolis-SC) – Melhor Fotografia17º Cine Ceará 2007 (Fortaleza-CE) – Melhor Ator para Cláudio Jaborandy,,Curta-metragem
594,Cine paixão,Sergio Concilio e Vera Senise,Brasil,2001,12,CINEMA 8 16 35 Produções,"· 26º FESTIVAL GUARNICÊ DE CINEMA – São Luís – MA (junho/2003); · 1ª MOSTRA DE CINEMA INTERNACIONAL DE RIBEIRÃO PRETO (abril/2003); · 4º FESTIVAL INTERNACIONAL DE CURTAS-METRAGENS DE BELO HORIZONTE (junho/2002); · 18º FESTROIA – FEST. INTERNACIONAL DE CINEMA DE TROIA – Portugal (junho/2002); · 6º FESTIVAL DE CINEMA , VÍDEO E DCINE DE CURITIBA (maio/2002); · 6º FESTIVAL DE CINEMA DO RECIFE (abril/2002); · 8º VITÓRIA CINE VÍDEO (novembro/2001); · 25ª MOSTRA BR DE CINEMA – MOSTRA INTERNAC. DE CINEMA SÃO PAULO (out-nov/2001); · 28ª JORNADA INTERNACIONAL DE CINEMA DA BAHIA (setembro/2001).",* 2º Festival de Cinema de Maringá (julho/2005) –Melhor FilmeMelhor Atriz (Ingra Liberato)* Mostra de Municípios do GOIÂNIA MOSTRA CURTAS (set/2002) – Melhor Filme,2001-05-14,Curta-metragem
595,A próxima vítima,Jo&atilde;o Batista de Andrade,Brasil,1983,93,RAIZ PRODUÇÕES CINEMATOGRÁFICAS,Não informado,Não informado,,Longa-metragem
596,O tronco,Jo&atilde;o Batista de Andrade,Brasil,1999,109,RAIZ PRODUÇÕES CINEMATOGRÁFICAS,Não informado,Não informado,,Longa-metragem
597,Signo de uma espera,B&aacute;rbara de Azevedo,Brasil,2008,13,Limiarte Filmes,Inédito,Não informado,,Curta-metragem
598,05:28,B&aacute;rbara de Azevedo,Brasil,2007,5,Limiarte Filmes,Festival do Filme Livre 2008,Não informado,,Curta-metragem
599,O vento,S&aacute;vio Leite,Brasil,2004,8,Leite Filmes,"- II Festival Nacional y Muestra Internacional de Cortometrajes Cusco – 2005 – Peru-27 Festival Internacional del Nuevo Cine Latinoamericano – Havana / Cuba – 2005- Videolab Coimbra 2005 - Mostra Internacional de Vídeo, Super 8, Instalações, workshops – Portugal-Mostra Brasileira – Festival de Cinema de Contis / França – 2006.- XXIII Festival de Cine de Bogotá – Colômbia – 2006- IV Muestra de Nuevo Cine Iberamericano – Las Palmas de Gran Canária – 2006.- International Festival of Cinema and Technology – Florida – EUA 2007.- Festival de Cine Social de La Pintana - Santiago de Chile - 2007.NACIONAIS:- 7a Mostra de Cinema de Tiradentes – MG – 2004- XXXI Jornada Internacional de Cinema da Bahia – 2004- MAPA-PIÁ 2004 - Mostra Audiovisual Paraná Para Infância e Adolescência – Londrina /PA. - 2o Festival de Cinema de Campo Grande / MS – 2005.- CINE PE – Festival do Audiovisual – Recife / PE – 2005.- Finalista Grande Prêmio TAM do Cinema Brasileiro / Academia Brasileira de Cinema / 2005.- Festival Curta Natal – RN – 2005.- 9O Mostra Infanto-juvenil de Curtas do Mercosul – Florianópolis/SC – 2005- 1o Festival Latino Americano de Curtas Metragens de Canoa Quebrada / CE / 2005- III Cineamazônia – Mostra Internacional de Filmes e Vídeos Ambientais / RO – 2005- Mostra Internacional Audiovisual de Ouro Preto – 2005.- Primeiro Plano – Festival de Cinema de Juiz de Fora / MG – 2005.- Festival de Atibaia Internacional do Audiovisual – 2006- Mostra do Filme Livre do Rio de Janeiro – 2006- 1º Festival de Cinema e Vídeo da Universidade Federal de Viçosa / 2006.- Cineme-se 2006 - Festival da Experiência do Cinema – Santos / SP - 2ª MOSCA - Mostra Audiovisual de Cambuquira – MG – 2006- 1º Festival de Cinema de Muriaé – 2006 / MG",Melhor Filme de Animação - CINE PE – Festival do Audiovisual – 2005.,,Curta-metragem
600,Interlúdio,Carlos Gerbase e Giba Assis Brasil,Brasil,1983,8,Casa de Cinema de Porto Alegre,Não informado,Não informado,,Curta-metragem
601,Barbosa,Ana Luiza Azevedo e Jorge Furtado,Brasil,1988,13,Casa de Cinema de Porto Alegre,Não informado,"16º Festival do Cinema Brasileiro, Gramado, 1988:Melhor Montagem de Curta Nacional, Melhor Roteiro de Curta Gaúcho e Melhor Direção de Curta Gaúcho.21º Festival do Cinema Brasileiro, Brasília, 1988:Melhor Roteiro.11ª Jornada de Cinema e Video do Maranhão, São Luis, 1988:Melhor Argumento, Melhor Roteiro, Melhor Montagem e Destaque do Júri.10º Festival do Novo Cinema Latino americano, Havana, 1988:Melhor Curta metragem de ficção.Exibido na mostra ""Os 10 Melhores curtas brasileiros da década de 80"", no Cineclube Estação Botafogo, Rio de Janeiro, 1990.",1988-04-04,Curta-metragem
602,O dia em que Dorival encarou a guarda,Jorge Furtado e Jos&eacute; Pedro Goulart,Brasil,1986,15,Casa de Cinema de Porto Alegre,Não informado,"1º Prêmio Iecine (Governo do Estado/RS), 1985-86:Apoio à produção.14º Festival do Cinema Brasileiro, Gramado, 1986:Melhor Curta Nacional (dividido no Júri Oficial, sozinho no Júri Popular e no Prêmio da Crítica), Melhor Ator de Curta (João Acaiabe) e mais 4 prêmios regionais (Melhor Filme, Melhor Direção, Melhor Fotografia e Melhor Montagem).Troféu Scalp 1986:Destaque do ano em cinema.21º Festival de Cinema Ibero americano, Huelva, Espanha, 1986:Melhor Curta metragem de Ficção.8º Festival Internacional do Novo Cinema Latino americano, Havana, Cuba, 1986:Melhor Curta de Ficção.Exibido na mostra ""Os 10 Melhores curtas brasileiros da década de 80"", no Cineclube Estação Botafogo, Rio de Janeiro, 1990.",1986-04-11,Curta-metragem
603,Deus ex-machina,Carlos Gerbase,Brasil,1995,25,Casa de Cinema de Porto Alegre,Não informado,"23º Festival de Gramado/Cinema Latino, 1995:Melhor Filme (Júri Oficial e Prêmio da Crítica), Melhor Diretor, Melhor Roteiro, Melhor Montagem, Melhor Música, Melhor Ator (Leverdógil de Freitas); e mais 4 prêmios regionais (Melhor Filme, Melhor Direção, Melhor Montagem e Melhor Fotografia).28º Festival do Cinema Brasileiro de Brasília, 1995:Melhor Filme (Júri Popular), Melhor Roteiro, Melhor Montagem, Melhor Contribuição à Linguagem do Curta8º Festival Internacional do Curta-metragem, Clermont-Ferrand (França), 1996:Menção Especial do Júri19º Guarnicê de Cinema e Vídeo, São Luis, 1996:Destaque do Júri Oficial, Destaque do Júri Popular, Melhor Montagem.13º Rio-Cine Festival, Rio de Janeiro, 1996:Melhor Roteiro, Melhor Ator (Leverdógil de Freitas).Integrante da Mostra ""Os 30 Clássicos do Curta Brasileiro na Década de 90"", a partir de seleção feita por personalidades do cinema do país.",,Curta-metragem
604,Ângelo anda sumido,Jorge Furtado,Brasil,1997,18,Casa de Cinema de Porto Alegre,Não informado,"4º Prêmio Iecine (Governo do Estado/RS), 1995:Apoio à Produção.25º Festival de Gramado, Cinema Latino e Brasileiro, 1997:Melhor direção de arte, Prêmio especial para curta gaúcho.4º Vitória Cine Vídeo, 1997:Melhor direção de arte.7ª Mostra Curta Cinema, 1997:Prêmio Aquisição Multishow.5º Festival de Cinema de Cuiabá, 1998:Melhor roteiro.5º Cine Ceará, Fortaleza, 1998:Prêmio Samburá (Melhor Filme segundo a Federação de Cineclubes), Melhor Montagem, Melhor Trilha Sonora.16° Festival Cinematográfico Internacional del Uruguay, Montevideo, 1998:Menção especial.",,Curta-metragem
605,Passageiros,Carlos Gerbase e Gl&eacute;nio P&oacute;voas,Brasil,1987,9,Casa de Cinema de Porto Alegre,Não informado,"1º Prêmio Iecine (Governo do Estado/RS), 1985-86:Apoio à Produção.15º Festival do Cinema Brasileiro, Gramado, 1987:Melhor Curta Gaúcho e Melhor Montagem de Curta Gaúcho.Crítica",1987-03-01,Curta-metragem
606,Ventre livre,Ana Luiza Azevedo,Brasil,1994,47,Casa de Cinema de Porto Alegre,Não informado,"22º Festival de Gramado, Cinema Latino, 1994:Melhor Filme de Média-metragem Nacional, Melhor Curta Gaúcho, Melhor Montagem de Curta Gaúcho, Melhor Roteiro de Curta Gaúcho.27º Festival do Cinema Brasileiro de Brasília, 1994:Prêmio Especial do Júri, Melhor Montagem de Filme 16 mm.19º Guarnicê de Cinema e Vídeo, São Luís, 1996:Destaque do Júri Popular (4 melhores filmes), Melhor Argumento, Melhor Roteiro.1º DerHumALC, Festival Latino-americano de Cinema e Direitos Humanos, Buenos Aires, 1997:Melhor Documentário.",,Média-metragem
607,Yansan,Carlos Eduardo Nogueira,Brasil,2006,18,Glaz Cinema,Clermont Ferrand 2007,"Grande Prêmio / Grand Prixe / andMelhor Animação Experimental/Best Experimental AnimationMultivisionSt. Petesburg International Animation Festival, RussiaMelhor Filme / Best FilmFestival de Atibaia Internacional do AudiovisualMelhor filme e melhor trilha sonora /Best Film and best soundtrack13º Festival de Cinema de VitóriaMelhor filme / Best Film6º Goiânia Mostra CurtasMelhor Animação / Best AnimationXIV Festvideo TeresinaMelhor animação e melhor filme (público) /Best Animation and Best Film (audience choice)2º Festival ""Tudo sobre MulheresMelhor Animação / Best Animação14º Festival de Vídeo de TeresinaMenção Honrosa / Honourable Mention7º CURTA-SEMelhor Roteiro / Best Script14º Festival de Cinema e Vídeo de CuiabaMelhor Roteiro e Melhor Direção de Arte /Best Script and Best Art Direction17º Cine Ceará - Festival de Iberoamericano de Cinema e VídeoMelhor Filme / Best Film2º Granimado - Festival de Animação de Gramado ",,Curta-metragem
608,Sistema interno,Carolina Dur&atilde;o,Brasil,2007,17,Duas Mariola Filmes e Universidade Federal Fluminense ,40° Festival de Brasília do Cinema Brasileiro; 11ª Mostra de Cinema de Tiradentes;Femina-  Festival Internacional de Cinema Feminino do Rio de Janeiro.XIII- Festival de Cinema Universitário ,Menção Honrosa no 40° Festival de Brasília do Cinema Brasileiro; ,,Curta-metragem
609,Nozes,Guiwhi Santos,Brasil,2004,8,WSET,Tiradentes 2005Mostra do Filme Livre,Não informado,,Curta-metragem
610,1986,Guiwhi Santos,Brasil,2004,11,WSET,Mostra do Filme Livre 2005FBCU,Não informado,,Curta-metragem
611,Fidelidade,Juan Zapata,Brasil,2004,48,Zapata Filmes,Não informado,Premio Walter da Silveira na XXXII Jornada Internacional de Cinema da Bahia,,Média-metragem
612,Um céu de estrelas,Tata Amaral,Brasil,1997,78,CASA DE PRODUÇÃO,FESTIVAL DEL NUEVO CINE LATINO-AMERICANO DE HAVANA EM 1997FESTIVAL LATINO-AMERICANO DE TRIESTE EM 1997FESTIVAL LATINO-AMERICANO DE BOSTON EM 1997FESTIVAL FILMS DE FEMMES DE CRÉTEIL EM 1997FESTIVAL DE CINEMA E CULTURA DAS AMÉRICAS DE BIARRITZ EM 1996FESTIVAL DE BRASÍLIA DO CINEMA BRASILEIRO EM 1996 FESTCINE 100 DE FLORIANÓPOLIS EM 1997,: “PRÊMIO HUMBERTO MAURO” DE CINEMA CONCEDIDO PELO MINISTÉRIO DA CULTURA BRASILEIRO EM 1997. FESTIVAL DEL NUEVO CINE LATINO-AMERICANO DE HAVANA EM 1997“CORAL DE MELHOR ÓPERA PRIMA”“CORAL DE MELHOR EDIÇÃO DE SOM” – EDUARDO SANTOS MENDES E JOÃO GODOY“CORAL DE MELHOR MONTAGEM” – IDÊ LACRETA. FESTIVAL LATINO-AMERICANO DE TRIESTE EM 1997“MELHOR FILME”“MELHOR ATOR” PARA PAULO VESPÚCIO GARCIA“MELHOR ATRIZ” PARA LEONA CAVALLI.FESTIVAL LATINO-AMERICANO DE BOSTON EM 1997“MELHOR FILME”. FESTIVAL FILMS DE FEMMES DE CRÉTEIL EM 1997“PRÊMIO ESPECIAL DO JÚRI”. FESTIVAL DE CINEMA E CULTURA DAS AMÉRICAS DE BIARRITZ EM 1996“PRÊMIO ESPECIAL DO JÚRI”.FESTIVAL DE BRASÍLIA DO CINEMA BRASILEIRO EM 1996“PRÊMIO ESPECIAL DA CRÍTICA”“MENÇÃO HONROSA” CONCEDIDA PELA UNESCO“TROFÉU GLAUBER ROCHA” DE MELHOR DIREÇÃO PARA TATA AMARAL“TROFÉU CANDANGO DE MELHOR DIREÇÃO” PARA TATA AMARAL“TROFÉU CANDANGO DE MELHOR ROTEIRO” PARA JEAN-CLAUDE BERNADET E ROBERTO MOREIRA“TROFÉU CANDANGO DE MELHOR EDIÇÃO DE SOM” PARA EDUARDO SANTOS MENDES E JOÃO GODOY. FESTCINE 100 DE FLORIANÓPOLIS EM 1997“PRÊMIO DE MELHOR MONTAGEM” PARA IDÊ LACRETA“PRÊMIO DE MELHOR ROTEIRO” PARA JEAN-CLAUDE BERNADET E ROBERTO MOREIRA“PRÊMIO DE MELHOR ATRIZ COADJUVANTE” PARA NÉA SIMÕES“PRÊMIO DE MELHOR INTERPRETAÇÃO” PARA LEONA CAVALLI E PAULO VESPÚCIO GARCIA,,Longa-metragem
613,Uma questão de tempo,Catarina Accioly,Brasil,2006,15,Dharma Filmes e Catarina Accioly,- Festival de Brasília do Cinemaa Brasileiro39o Festival de Brasília do Cinema Brasileiro (Nov/2006) 16o Festival Internacional de Curtas do Rio – Curta Cinema (Dez/2006)Festival Internacional del Cine del Uruguay (Mar/2007)FEMINA – Festival Internacional de Cinema Feminino (jun/2007); Atalo en Corto – Festival de Curtas Metragens – San Lorenzo de El Escorial / Madrid (jul/2007); 2º Cine Brasil – Amsterdam / Holanda (set/2006); Brasil Cine / Brasiliansk Film Festival – Estocolmo e Gotemburgo / Suécia. (out/2007); XS Best Short Films – Festival Internacional de Curtas de Moscou / Rússia (nov/2007); FIC Brasília – Festival Internacional de Cinema – Brasília / Brasil (dez /2007);5º Festival de Cinema de Maringá (maio/2008);1 Festival de Cinema de Triunfo (julho 2008).,Prêmio para realização do FAC - DF,,Curta-metragem
614,O cafajeste de Deus,milton alencar jr.,Brasil,2007,31,DESIGN&IMAGEM,CINEOPFESTNATAL,Não informado,,Média-metragem
615,Rolex de ouro,Beto Rodrigues,Brasil,2006,23,Panda Filmes,Não informado,Premios Assembléia Legislativa de Melhor Filme e Melhor Direção no 35º Festival de Gramado - Mostra Gaúcha 2007,,Curta-metragem
616,Entre Cores e Navalhas,Catarina Accioly,Brasil,2007,14,Catarina Accioly e Pavirada Filmes,- 40º Festival de Brasília do Cinema Brasileiro – Mostra Brasília (2008);- Clermont-Ferrand Short Film Market  (2008); - 20 Rencontres Cinemas D'Amerique Latine de Toulouse - Ecran libre (2008);- 6º Festival de Cinema de Ribeirão Preto – São Paulo – Brasil (2008);- 31º Festival Guarnicê de Cinema – São Luis do Maranhão - Brasil (2008);- 5º Festival de Cinema de Maringá – Brasil (2008);- FEMINA – Festival Internacional de Cinema Feminino – Rio de Janeiro – Brasil (jun/2008);- Cineme-se – Festival de Experiência em Cinema – Santos / Brasil (jun/2008);- Cinesul 2008 – 15º Festival Ibero-Americano de Cinema e Vídeo – Rio – Brasil (Jul/2008);- 1&#730; Festival de Cinema de Triunfo – Pernambuco – Brasil (jul/2008);- 18&#730; Festival de Curtas Metragens de São Paulo – Brasil (aug/2008).,- Melhor Atriz no Festival de Cinema e Vídeo Guarnicê - São Luis do Maranhão;- Melhor Atriz no Festival de Cinema de Triunfo - Pernambuco.,2007-11-26,Curta-metragem
617,A ilha do terrível Rapaterra,Ariane Porto,Brasil,2006,80,RAIZ PRODUÇÕES CINEMATOGRÁFICAS ,Não informado,Não informado,,Longa-metragem
618,O natal do burrinho,"Jos&eacute; Maia, Lancast Mota e Otto Guerra",Brasil,1984,5,Otto Desenhos Animados,Melhor Curta-Metragem Gaúcho no Festival de Gramado – 1984Selecionado para Festivais em Bilbao (Espanha) e Oberhausen (Alemanha),Melhor Curta-Metragem Gaúcho no Festival de Gramado – 1984Selecionado para Festivais em Bilbao (Espanha) e Oberhausen (Alemanha),,Curta-metragem
619,IX jogos dos povos indígenas  ,Ronaldo Duque,Brasil,2007,40,Fantasias Luminosas,Não informado,Não informado,2008-04-17,Média-metragem
620,Uma vida em segredo,Suzana Amaral,Brasil,2001,98,RAIZ PRODUÇÕES CINEMATOGRÁFICAS,Não informado,Não informado,,Longa-metragem
1014,O Aleijadinho,Joaquim Pedro de Andrade,Brasil,1978,24,Embrafilme,Não informado,Não informado,,Curta-metragem
621,Céu aberto,Jo&atilde;o Batista de Andrade,Brasil,1985,80,RAIZ PRODUÇÕES CINEMATOGRÁFICAS,Não informado,Não informado,,Longa-metragem
622,Certas dúvidas de William Kentridge,Alex Gabassi,Brasil,2000,51,Associação Cultural Videobrasil,Não informado,Não informado,,Média-metragem
623,Cama de gato,Alexandre Stockler,Brasil,2002,92,A Exceção e a Regra Produções Artísticas Ltda,26th Montreal International Film Festival 2002; 26a Mostra BR Internacional de Cinema de São Paulo 2002; 35o Festival de Brasília do Cinema Brasileiro; 2003' Seoul Internet and Film Festival; Festival de Cinema Latino de Nova York de 2003; Festival de Cine Latinoamericano de Havana - Cuba 2004; Festival de Cinema Independente de Buenos Aires; Festival Internacional de Cinema de Viña Del Mar - Chile; Festival Internacional de Montevideo etc,Prêmio de Melhor Filme - Júri Popular (2002 Mostra BR Internacional de Cinema de São Paulo); 2002 Montreal Award for Best 1st Feature Film - Special Mention; Melhor Filme - Júri Popular e Melhor Ator (Festival de Cinema Latino de Nova York 2003); Jury Grand Prix - Best Film - Seoul Internet and Film Festival 2003; Melhor Ator Coadjuvante - Festival de Brasília do Cinema Brasileiro etc,2004-09-17,Longa-metragem
624,CamadeGato.Doc,Alexandre Stockler,Brasil,2008,75,A Exceção e a Regra Produções Artísticas Ltda,Não informado,Não informado,,Longa-metragem
625,Visita íntima,Joana Nin,Brasil,2005,15,Sambaqui Cultural ,"Festival do Rio 2005 – Première Brasil; Femina – Festival Internacional de Cinema Feminino, 2005; 2º Festival de Cinema de Belém; 10º Mostra do Filme Etnográfico; Forumdoc.bh 2005; 10º Festival Internacional de Curtas do Rio de Janeiro; Tampere Film Festival (Finlândia); LAFF - Latin American Film Festival, (Holanda); Sgardi Altrove (Itália); Tabor Film Festival (Croácia); Docusur/ Teneriffe (Espanha); Exground Film Festival (Alemanha);Tempo Documentary Film Festival (Estocolmo – Suécia);Cinema South Festival 2006 (Israel);Copa das Culturas (Alemanha);Conferência Visible Evidence, SP, 2006.Exground filmfest, Alemanha 2006.11º É Tudo Verdade/2006; 33º Festival de Cinema de Gramado/2005; 30ª Jornada Internacional de Cinema da Bahia/2005; 9º CINE-PE – 2005; 7º Festival Internacional de Curtas de Belo Horizonte/2005; 9º FAM/2005; 1º Festival de Cinema Feminino – Tudo sobre Mulheres/2005; 5º Goiânia Mostra Curtas/2005; 12º Festival de Cinema de Vitória/2005; 9º Festival de Cinema, Vídeo e Dcine de Cuiritiba/2005; 9º Festival de Cinema Luso-Brasileiro de Santa Maria da Feira / Portugal/2005; 29º Festival Guarnicê de Cinema (São Luiz/MA)/2006; Amazonas Film Festival 2006;Festival da Lapa 2007.","Melhor curta-metragem brasileiro no 11º É Tudo Verdade/2006; Kikito - Prêmio Especial do Júri - no 33º Festival de Cinema de Gramado/2005; Tatu de Prata de Melhor Direção e Prêmio Jangada OCIC/SIGNIS na 30ª Jornada Internacional de Cinema da Bahia/2005; Troféu Calunga - Melhor curta-metragem Documentário e Prêmio de Aquisição Canal Brasil no 9º CINE-PE – 2005; Menção Honrosa do Júri Oficial, Melhor Curta-metragem prêmio do Júri ADB/MG e Melhor Curta-metragem – prêmio do Júri da Crítica no 7º Festival Internacional de Curtas de Belo Horizonte/2005; Melhor Documentário e Melhor Som no 9º FAM/2005; Melhor Filme – Júri Oficial e Melhor Filme – Público no 1º Festival de Cinema Feminino – Tudo sobre Mulheres/2005; Menção Honrosa na 5º Goiânia Mostra Curtas/2005; Premio Especial do Juri no 12º Festival de Cinema de Vitória/2005; Menção Honrosa no 9º Festival de Cinema, Vídeo e Dcine de Cuiritiba/2005; Prêmio de Aquisição RTP no 9º Festival de Cinema Luso-Brasileiro de Santa Maria da Feira / Portugal/2005; Prêmio de melhor filme ABD/MA e Troféu Jangada de Melhor Filme OCIC/SIGNIS no 29º Festival Guarnicê de Cinema (São Luiz/MA)/2006; Premio Especial do Júri no Amazonas Film Festival 2006.Troféu Tropeiro de Melhor Filme no Festival da Lapa 2007.",,Curta-metragem
626,O Quinze,Jurandir Oliveira,Brasil,2004,100,Menescal e Lemos Produções,Cine CearáFestival de GramadoFestival de PernambucoFestival de MaringáFestival de GoianiaFestival Nacional de Cinema e Vídeo Ambiental ,"Melhor Ator, Melhor Atriz, Melhor Filme (Cine Ceará - 2004)Melhor Montagem (Festival de Gramado-2004)Melhor Filme, Melhor Som, Melhor Montagem (Festival de Goiania 2005)Melhor Filme (Festival Nacional de Cinema e Vídeo Ambiental - 2006)",,Longa-metragem
627,A idade do homem,Afonso Nunes,Brasil,2004,15,ORAPRONOBIS FILMES,"200432º Festival de Gramado – 15º Festival Internacional de Curtas de São Paulo – 11º Vitória cine Vídeo,8º Festival do Cinema Luso-Brasileiro de Santa Maria da Feira Festival Internacional de Curtas do Rio de Janeiro20058º Mostra de TiradentesMostra do Filme LivreCine PE-Pernambuco FAM – FlorianópolisFestival de Inverno de Ouro Preto9º Brazilian Film festival of Miami NY BRAZILIAN FILM FESTIVAL ",32º Festival de Gramado – Direção de arte15 º Internacional de Curtas de São Paulo – Best short film By Jameson Short Film Award 2004  NY BRAZILIAN FILM FESTIVAL - Best Short Film ,,Curta-metragem
628,Sentinela,Afonso Nunes,Brasil,2007,14,ORAPRONOBIS FILMES,"18 º Festival Internacional de curtas de São Paulo – agosto/2007Festival do Rio 2007 – setembro/20077 º Goiânia Mostra Curtas – outubro/2007 15º Festival del Cortometraje  FeSanCor – Santiago – Chile  – novembro/2007 Festival Internacional de Curtas do Rio de Janeiro - Curta Cinema 2007 – novembro/2007Forumdoc.bh.2007 – novembro/20073 º. Mostra Cinema Conquista (convidado) – novembro/200711º Mostra de Cinema de Tirandentes – Janeiro/200837th International Film Festival Rotterdam – Janeiro/2008Cinema Du Reel – França – Março/200810º Festival Internacional de Belo Horizonte – Julho/2008XVIII ""MESSAGE TO MAN"" - International Documentary, Short And Animated Film Festival – Junho/2008",Prêmio Especial do júri oficial na 7ª Goiânia Mostra Curtas -2007Melhor curta documentário no Festival Internacional de Curtas do Rio de Janeiro - Curta Cinema 2007Prêmio de menção honrosa segundo o júri oficial do 10º Festival Internacional de Curtas de BH -  2008,,Curta-metragem
629,Carmen Miranda: Bananas is my business,Helena Solberg,Brasil,1994,91,Radiante Filmes Ltda.,"27th Brasília Festival of Brazilian Cinema, 1994, (AUDIENCE AWARD FOR BEST FILM, SPECIAL JURY PRIZE, FILM CRITIC'S PRIZE)Melbourne International Film Festival, Australia, 1995Locarno International Film Festival, Switzerland, 1995Toronto International Film Festival, Canada, 1995Chicago International Film Festival, USA, 1995 (WINNER BEST DOCUMENTARY)Yamagata International Documentary Film Festival, Japan, 1995London Film Festival, United Kingdom, 1995Havana International Film Festival, Cuba, 1995 (WINNER BEST DOCUMENTARY)Rotterdam International Film Festival, The Netherlands, 1996Göteborg Film Festival, Sweden, 1996Montevideo Film Festival, Uruguay, 1996 (WINNER BEST FILM)Santa Barbara Film Festival, USA, 1996R'encontres de Cinema d'amerique Latine, France, 1996Festival de Film de Femmes, Créteil, France, 1996Hong Kong Film Festival, HK, 1996Mostra Internacional de Films de Dones, Barcelona, 1996Jerusalem Film Festival, Israel, 1996Galway Film Festival, Ireland, 1996Wellington Film Festival, New Zealand, 1996Latin American Film Festival, London, 1996Helsinki Film Festival, Switzerland, 1996Films From the South, Norway, 1996Festival de Cine Realizado por Mujeres, Madrid, 1996Encontros Internacionais de Cinema, Portugal, 1996 (AUDIENCE AWARD FOR BEST FILM)femme totale Film Festival, France, 1999Flying Broom Women's Film Festival, Ankara, Turkey, 2000","Brasília 1994: Melhor Filme - Júri Popular, Prêmio da Crítica, Prêmio Especial do Júri.Chicago International Film Festival 1995: Gold Hugo para Melhor Docudrama.Festival del Nuevo Cinema de America Latina, Havana 1995: Melhor Documentário.Montevideo 1996: Melhor FilmeEncontros Internacionais de Cinema, Portugal 1996: Melhor Filmes pelo Júri Popular",,Longa-metragem
630,Por 30 dinheiros,Ivan Hlebarov e Vania Perazzo Barbosa,Brasil,2005,110,Minerva Filmes Ltda.,Cine Ceará/2005; 1o. Festival Macapá de Cinema e Vídeo/2005; Festival de Cinema de Maringá/2006; 31o.Festival Golden Chest Plovdiv/2006 (Bulgária)Várias participações em Mostras fora de competição,Cine Ceará 2005: Melhor Som / Prêmio: Melhor Longa do Norte/Nordeste - Associação de Produtores e Críticos de Cinema do Norte-NordesteRoteiro: Prêmio Humberto Mauro - Melhor Roteiro de Longa Metragem - União Brasileira de Escritores/Rio,,Longa-metragem
631,Viver a vida,Tata Amaral,Brasil,1991,12,Anhangabaú Produções e CPU - CIinema e Televisão,FESTIVAL DU COURT MÉTRAGE - França/Clermont-Férrand/9220° FESTIVAL DE CINE - Espanha/Huesca/92NO BUDGET FILM FESTIVAL - Alemanha/Hamburgo/92FESTIVAL DU CINÉMA INTERNACIONAL - Canadá/Habitibi Témiscamingue/92FESTIVAL INTERNACIONAL DE CINE LATINO-AMERICANO - Cuba/Havana/92,MELHOR CURTA-METRAGEM - Júri Popular - Brasília/91MELHOR DIREÇÃO - Brasília/91MELHOR ATOR - Brasília/91MELHOR SOM - Brasília/91MELHOR ROTEIRO - Gramado /91MELHOR CURTA-METRAGEM - Salvador/91MELHOR DIREÇÃO - Salvador/91MELHOR MONTAGEM - Salvador/91MELHOR CURTA-METRAGEM - Maranhão/92MELHOR DIREÇÃO - Maranhão/92MELHOR FOTOGRAFIA - Maranhão/92MELHOR TRILHA SONORA - Maranhão/92,,Curta-metragem
632,Silêncio,S&eacute;rgio Borges,Brasil,2006,18,Teia Filmes,"• 9º Festival de Santa Maria da Feira, Portugal, 2005.• 9ª Mostra de Cinema de Tiradentes, MG, 2006.• 10º Festival Audiovisual Mercosul, PR, 2006.• 1º Festival de Cinema de Ouro Preto, MG, 2006.• 8º Festival Internacional de Curtas de Belo Horizonte, 2006• 59º Festival Internacional de Filme de Locarno, Suiça, 2006.* 12º Festival Internacional de Filme de Bristol, Inglaterra, 2006.* 23º Festival Internacional de Miami, EUA, 2007.* Exibições através do Canal Brasil, 2007/2008.* Programa Curta Petrobrás: em cartaz durante dois meses em dez capitais brasileiras, 2007.• 9ª Mostra Londrina de Cinema, Paraná 2007.• 31ª Mostra de São Paulo, Brasil 2007.• 5º Torun Film Festival – Tofifest, Polônia 2007.• 3º Jaipur short Film Festival, Índia, 2007• 7º Fenavid - Festival Internacional de curta-metragens da Bolívia, 2007",• Filme Revelação do 9ª Festival de Santa Maria da Feira• Melhor fotografia do 10º Festival Audiovisual Mercosul• Prêmio do público da sessão experimental da 9º Mostra de Tiradentes,,Curta-metragem
633,"Araguaya, a conspiração do silêncio",Ronaldo Duque,Brasil,2005,105,Ronaldo Duque & Associados,- 20º Festival de Cinema Latino Americano de Trieste/2005.- 5º New York Brazilian Film Festival em Nova Iorque/2005.- 32º Festival de Cinema de Gramado/2004. - Participação na Mostra Oficial do 29th International Film Festival Cairo/2005.- Participação na Mostra Oficial do Anchorage International Film Festival Alaska/2005.,- Prêmio Especial do Júri no 20º Festival de Cinema Latino Americano de Trieste/2005.- Prêmio de Melhor Filme no 5º New York Brazilian Film Festival em Nova Iorque/2005.- Prêmio Especial do Júri no 32º Festival de Cinema de Gramado/2004.,2006-05-26,Longa-metragem
634,SP Pan 360º,Mois&eacute;s Limonad e Tata Amaral,Brasil,1987,27,AnhangaBAÚ PRODUÇÕES ,Não informado,Não informado,,Curta-metragem
635,O caminho,S&eacute;rgio Borges,Brasil,2003,13,Teia, • Mostra Itaú Cultural/BH• Curta cinema/Festival Internacional de curta-metragens do Rio/RJ• Fluxus/Festival Internacional de Arte Eletrônica via internet/BRA • Mostra Curtaminas/MG• Cinesul/SC• Mostra do Filme Livre/RJ• CineEsquemaNovo/RS• Festival Internacional de curta-metragens de São Paulo/SP• Mostra de Vídeo de Santo André/SP• Festival de curta-metragens de Goiânia/GO• Chroma/Festival Internacional de Arte Eletrônica de Guadalajara/MEX• Mostra Mineira de Cinema Independente em Buenos Aires/ARG• Mostra Minas Além das Montanhas - Paris/FRA, • Melhor vídeo - Festival de vídeo de Santo André,,Curta-metragem
636,Vinho de rosas,Elza Cataldo,Brasil,2005,103,Persona Filmes,8ª Mostra de Tiradentes – MG – Brasil – 2005Festival Cine Mulher de Salvador – BA – Brasil - 2005Festival do Rio – RJ –Brasil – 200529ª Mostra BR de Cinema – SP – Brasil – 2005XXIV Festival Cinematográfico Internacional - Montevideo - Uruguay – 2006XIV Annual International Film Festival “Festival of Festivals 2006” – São Petersburgo - Rússia – 2006CINEPORT – Lagos – Portugal – 2006Mostra FestCine Ouro – Goiânia – Goiás – Brasil – 20063º Festival de Cinema de Maringá – Paraná – Brasil - 2006Festival de Batumi – Geórgia – 2006Mostra de Itabira – Minas Gerais – Brasil - 2006,"Melhor Diretora Estreante - Festival de Batumi – Geórgia – 2006Melhor Figurino, Melhor Cenografia e Melhor Som Direto - 3º Festival de Cinema de Maringá - 2006",2005-12-08,Longa-metragem
637,Suíte Bahia - reencontro com Agnaldo Siri,Roman Stulbach,Brasil,2007,73,Lumen Produções,Não informado,Não informado,,Longa-metragem
638,Um olhar sobre os olhares de Akram Zaatari,Alex Gabassi,Brasil,2004,42,Associação Cultural Videobrasil,Não informado,Não informado,,Média-metragem
916,Hóspedes,Cristiane Oliveira,Brasil,2008,15,Clube Silêncio,Não informado,Não informado,,Curta-metragem
639,Na corda bamba,Marcos Buccini,Brasil,2006,5,Núcleo de animação AESO,"1- Mostra Curta Fantástico (SP)2- Primeiro Granimado (Gramado)3- Itaca (Italia)4- Mostra Internacional de Curtas-Metragens - Unioeste PR 20065- Goiânia Mostra Curtas6- FestNatal - II Mostra do Curta Nordestino 20067- Festival de Cinema Independiente de Barcelona l'Alternativa8- 4 MUMIA - Belo Horizonte9- Festvideo São Carlos 200610- III Curta Vídeo Votorantim11- Euroshorts 200612- Anim!Arte 200613- VIII Festival de Vídeo de Pernambuco 200614- CinePE 200715- Curta Natal -Mostra Nordeste 200716- Festival Guarnicê 200717- Festival de cinema de Cuiabá18- Cinesul 200719- Cineme-se 200720- Animamundi 200721- Programa Mostrinha da 1ª Mostra Curtas Cariri22- 4° FESTIVAL DE CINEMA DE MARINGÁ23- FILE 200724- Santa Maria Vídeo e Cinema 200725- Festcine Belém26- Festival de Curtas de Belo Horizonte27- MOSCA 3 - Mostra Audiovisual de Cambuquira28- MOSTRA GERAÇÃO / FESTIVAL DO RIO 200629- XXXIV Jornada Internacional de Cinema da Bahia30- 10th Auburn International Film Festival - Austrália31- 5º Curta Santos32- 10o. Festival de Cinema, Vídeo e DCine de Curitiba33- 7ª Goiânia Mostra Curtas34- BAIXADA ANIMADA 200835- FESTCINEAMAZONIA 200736- Festival Internacional Del Nuevo Cine Latinoamericano de La Habana37- SHORT SOUP 2008 - Australia","1- III Curta Vídeo Votorantim - 3º lugar, Troféu Adolfo Gianolla2- Euroshorts 2006 - melhor animação3- VIII Festival de Vídeo de Pernambuco 2006 - Juri oficial melhor animação4- Festival Guarnicê 2007 - melhor vídeo de animação5- Santa Maria Vídeo e Cinema 2007 - MENÇÃO HONROSA - pelo caráter sensível da abordagem do tema6- Prêmio Povos Indígenas De Rondônia: Melhor Trilha Sonora - FESTCINEAMAZONIA 20077- 5º Curta Santos - melhor som8- 5º Curta Santos - melhor montagem",,Curta-metragem
640,O grito do rio,ROLAND WERNER HENZE,Brasil,1978,10,ROLAND HENZE PRODUÇÕES CINEMATOGRÁFICAS,Não informado,Não informado,,Curta-metragem
641,Casimiro o poeta,ROLAND WERNER HENZE,Brasil,1979,11,ROLAND HENZE PRODUÇÕES CINEMATOGRÁFICAS,Não informado,Não informado,,Curta-metragem
642,LARANJEIRAS O CURSO DA VIDA,ROLAND WERNER HENZE,Brasil,1980,9,ROLAND HENZE PRODUÇÕES CINEMATOGRÁFICAS,Não informado,Não informado,,Curta-metragem
643,Frequência hanói,Daniel Lisboa,Brasil,2006,9,Cavalo do Cão Filmes,•13º Festival de Cinema e Vídeo de Cuiabá•Arraial Cinefest•II Mostra de Cinema de Vitória da Conquista•XI Festival Universitário de Cinema Brasileiro•8º Festival Internacional de Curtas de Belo Horizonte•13 Vitória Cine Vídeo•FLUXUS.06 – Festival Internacional de Cinema da Internet•6 º Mostra do Filme Livre•1ª Mostra Curtas Cariri•1 º Festival de Curta Metragem de Direitos Humanos•Grande Prêmio do Cinema Brasileiro - 2007,•Premio do Júri no 13º Festival de Cinema e Vídeo de Cuiabá•Melhor Vídeo Experimental no I Arraial Cinefest•Menção Honrosa pela sintonia clandestina na Mostra do Filme Livre 2007•Mensão Honrosa no 1 º Festival de Curta Metragem de Direitos Humanos,2007-05-01,Curta-metragem
644,História familiar,Tata Amaral,Brasil,1988,10,Anhangabaú Produções e CPU Cinema e Video,Não informado,Não informado,,Curta-metragem
645,Estado de seca,Adriana Cursino,Brasil,2007,18,CaradeCão Produções Ltda.,Não informado,Não informado,,Curta-metragem
646,Esses moços,Jos&eacute; Araripe ,Brasil,2004,84,Truque Produtora de Cinema,Não informado,Não informado,2007-05-25,Longa-metragem
647,As cobras – o filme,Otto Guerra,Brasil,1985,6,Otto desenhos Animados Ltda.,Melhor Curta-Metragem Gaúcho no Festival de Gramado - 1985Melhor Trilha Sonora no Festival de Gramado - 1985Melhor Curta-Metragem  no Festival do Maranhão - 1985,Melhor Curta-Metragem Gaúcho no Festival de Gramado - 1985Melhor Trilha Sonora no Festival de Gramado - 1985Melhor Curta-Metragem  no Festival do Maranhão - 1985,,Curta-metragem
648,Vidas,Pedro Flores da Cunha,Brasil,2008,71,Girassol Comunicações Ltda,Brazilian Film Festival of MiamiCine Fest Buenos AiresCine Fest MilanCine Fest Rome,Não informado,2008-05-08,Longa-metragem
649,O reino azul,"Jos&eacute; Medina, Lancast Mota e Otto Guerra",Brasil,1989,14,Otto Desenhos Animados Ltda.,Prêmio Coral de Animação no Festival de Havana (Cuba) - 1989Prêmio Especial do Juri no Festival de Gramado - 1989Selecionado para os Festivais de Espinho (Portugal) e Annecy (França) - 1989Melhor Filme da Década I Festival Cinema de Animação - João Pessoa -1992Selecionado para a Retrospectiva Brasileira-Festival de Animação de Ottawa (Canadá) -1998,Prêmio Coral de Animação no Festival de Havana (Cuba) - 1989Prêmio Especial do Juri no Festival de Gramado - 1989Selecionado para os Festivais de Espinho (Portugal) e Annecy (França) - 1989Melhor Filme da Década I Festival Cinema de Animação - João Pessoa -1992Selecionado para a Retrospectiva Brasileira-Festival de Animação de Ottawa (Canadá) -1998,,Curta-metragem
650,Missionários,Andr&eacute;a Prates e Cleisson Vidal,Brasil,2005,72,Terra Firme Produções,É tudo Verdade - 2005Festival do Rio - 2005Forumdoc BH - 2005Mostra do Filme Etnográfico - 2005,Não informado,,Longa-metragem
651,A terceira morte de Joaquim Bolívar,Fl&aacute;vio C&acirc;ndido,Brasil,2000,104,Cândido&Moraes Ltda.,32º Festival de Brasilia (1999)30º Festival Internacioal de Moscou (2000 - convidado para a Mostra Novo Olhar)5º Festival Universitário (2000 - abertura),1º Laboratório de Roteiro do Sundance Institute (1996)III Prêmio HBO Brasil (1998)Prêmio de Distribuição Ministério da Cultura (2000),2000-03-31,Longa-metragem
652,Karaja,MARCELO DE PAULA,Brasil,2007,90,CÓDIGO SOLAR PRODUÇÕES,Seleção Oficial ABCine; 14º Festival de Cinema e Vídeo de Cuiabá;           12ª Mostra Internacional do Filme Etnográfico; 8º Festival de Inverno de Bonito – MS; Mostra Vídeo Índio Brasil (MS); 2ª Mostra do Filme Ambiental e Etnográfico de Rio das Ostras – RJ,Não informado,2007-04-18,Longa-metragem
653,Treiler: a última tentativa,Otto Guerra,Brasil,1986,5,Otto Desenhos Animados Ltda.,Melhor Curta-Metragem Gaúcho no Festival de Gramado - 1987Melhor Curta-Metragem no Festival do Maranhão - 1987Prêmio Coral de Animação no Festival de Havana  (Cuba) - 1987Selecionado para os Festivais de Annecy (França) e  Huelva (Espanha) - 1988Melhor Curta-Metragem Gaúcho no Festival de Gramado - 1987Melhor Curta-Metragem no Festival do Maranhão - 1987Prêmio Coral de Animação no Festival de Havana  (Cuba) - 1987Selecionado para os Festivais de Annecy (França) e  Huelva (Espanha) - 1988Melhor Curta-Metragem Gaúcho no Festival de Gramado - 1987Melhor Curta-Metragem no Festival do Maranhão - 1987Prêmio Coral de Animação no Festival de Havana  (Cuba) - 1987Selecionado para os Festivais de Annecy (França) e  Huelva (Espanha) - 1988,Melhor Curta-Metragem Gaúcho no Festival de Gramado - 1987Melhor Curta-Metragem no Festival do Maranhão - 1987Prêmio Coral de Animação no Festival de Havana  (Cuba) - 1987Selecionado para os Festivais de Annecy (França) e  Huelva (Espanha) - 1988,,Curta-metragem
654,De passagem,Ricardo Elias,Brasil,2003,85,RAIZ PRODUÇÕES CINEMATOGRÁFICAS,Não informado,Não informado,,Longa-metragem
655,Novela Vaga,Dado Amaral,Brasil,2007,8,Cineclube Pela Madrugada,Festival Internacional de Curtas de São Paulo 2007Curta Cinema (RJ)– 2007Mostra do Filme Livre (RJ)Curta Vídeo Votorantim Festival Luso-brasileiro de Santa Maria da Feira – PortugalGoiânia Mostra Curtas,Não informado,2007-08-24,Curta-metragem
656,No tempo de Glauber,Glauber Rocha,Brasil,1986,118,Gianay Produtora,"Jornada Internacional de Cinema da Bahia, Arraial da Ajuda e  Rio Cine Fest","Prêmio Curumim, Prêmio Congresso Nacional",1987-08-15,Longa-metragem
657,Novela,Otto Guerra,Brasil,1992,8,Otto Desenhos Animados Ltda.,"Melhor Curta-Metragem no IX Rio-Cine Festival - 1993Prêmio Especial Juri no Guarnicê de Cine-Vídeo do Maranhão - 1993Melhor Curta-Metragem Juri Popular no Festival de Gramado - 1993Prêmio Coral de Animação no Festival de Havana - 1993Selecionado para os Festivais de Espinho (Portugal), Vina del Mar (Chile) e Bilbao - 1994","Melhor Curta-Metragem no IX Rio-Cine Festival - 1993Prêmio Especial Juri no Guarnicê de Cine-Vídeo do Maranhão - 1993Melhor Curta-Metragem Juri Popular no Festival de Gramado - 1993Prêmio Coral de Animação no Festival de Havana - 1993Selecionado para os Festivais de Espinho (Portugal), Vina del Mar (Chile) e Bilbao - 1994",,Curta-metragem
658,Encanto,Leandro Tadashi e Rui Calvo,Brasil,2006,15,"Km 70 - Cultura, Arte e Comunicação Ltda.",- Curta Santos (de 25 a 29 de Setembro de 2006);- Festival  Nacional e Internacional de Cortometrajes Cusco Peru 2006 (Novembro de 2006); - Curta vídeo Votorantim (Novembro de 2006);  - Festival de Cinema e Vídeo de Muriaé (Novembro de 2006);  - Festival de Cinema de Varginha (Novembro de 2006); - NOIA - Fest. Nacional de Cinema e Vídeo Universitário (Dezembro de 2006); - Mostra do Audiovisual Paulista (Dezembro de 2006);- Mostra de Cinema de Tiradentes (Janeiro de 2007);- X Vide Vídeo - Festival Nacional de Cinema e Vídeo Universitário da UFRJ (de 07 a 12 de Maio de 2007); - Festival de Cinema de Maringá (Maio de 2007) ;- Cineme-se 2007 (Maio de 2007) ,Não informado,,Curta-metragem
659,Rocky e Hudson,Otto Guerra,Brasil,1994,63,Otto Desenhos Animados,Prêmio Especial do Juri Festival de Brasília - 1994Melhor Filme no Festival de Animação de João Pessoa - 1995Melhor Filme Juri Popular no Guarnicê Cine-Vídeo Maranhão - 1995Selecionado para o Festival de Havana (Cuba) e Hiroshima (Japão) - 1995Convidado para o II Festival Gay e Lésbico de Lisboa - 1998,Prêmio Especial do Juri Festival de Brasília - 1994Melhor Filme no Festival de Animação de João Pessoa - 1995Melhor Filme Juri Popular no Guarnicê Cine-Vídeo Maranhão - 1995Selecionado para o Festival de Havana (Cuba) e Hiroshima (Japão) - 1995Convidado para o II Festival Gay e Lésbico de Lisboa - 1998,,Média-metragem
660,O cego que gritava luz,Jo&atilde;o Batista de Andrade,Brasil,1996,73,RAIZ PRODUÇÕES CINEMATOGRÁFICAS,Não informado,Não informado,,Longa-metragem
661,Rafael França: obra como testamento,Alex Gabassi e Marco Del Fiol,Brasil,2001,25,Associação Cultural Videobrasil,Não informado,Não informado,,Curta-metragem
662,Mau Wal: encontros traduzidos,Marco Del Fiol,Brasil,2002,52,Associação Cultural Videobrasil,Não informado,Não informado,,Média-metragem
663,Confissões de Olavo,Ernane Alves,Brasil,2008,88,Portraits Factory Filmes,II For Rainbow,Não informado,2008-05-31,Longa-metragem
664,Triângulo,ROBSON LOPES,Brasil,2004,7,W.SET,JORNADA DA BAHIA / FAMMERCOSUL / FESTIVAL DE BELO HORIZONTE / CINESANTA SANTA CATARINA / MOSTRA DO FILME LIVRE.,Não informado,,Curta-metragem
665,Você sabe quem,Maria Clara Guim,Brasil,2000,10,Unesa,•1o Festival Universitário da Latinidade – Ponte de lima - Portugal – de 13 a 21 de março•5o Cineclube da Feira – Sta Maria da feira – Portugal – 09 a 17 de abril•5thBrazilian Film Festival of Miami – Miami – EUA – de 19 a 27 de maio•CINEFREAK  – Porto Alegre – Brasil – de 13 a 29 de maio •5a Mostra Mercosul – Florianópolis – Brasil -  de 26 de maio a 01 de junho•6o Festival Brasileiro de Cinema Universitário – Cine Uff / CCBB – Rio de Janeiro – Brasil -             de  01 a 04 de junho•8a Mostra Latino Americana do Rio de Janeiro  -  CINESUL 2001 – CCBB - Rio de Janeiro - Brasil de 12 a 24 de junho•XXV ENECOM  -  Brasília – Brasil – de 14 a 21 de julho•Morbegno Film Festival  -  Itália  -  de 17 a 23 de setembro de 2001 •12o Festival Internacional de São Paulo – São Paulo – de 24 de agosto a 02 de setembro•30th International Festival of Figueira da Foz – Figueira da Foz – Portugal – de 06 a 16 de setembro•28a Jornada Internacional de Cinema da Bahia – Salvador – Brasil – de 12 a 19 de setembro•Girona International Film Festival – Girona – Espanha – de 21 a 30 de setembro•Curta Petrobrás às Seis – Agosto de 2001 – Rio de Janeiro – Brasil         Setembro de 2001 – São Paulo – Brasil         Outubro de 2001 – Fortaleza – Brasil•Mostra o Seu que eu Mostro o Meu 2001 – Casa de Cultura Laura Alvin – Rio de Janeiro – Brasil – de 22 a 25 de novembro•Pessoas do Século Passado – Casa Rosa – Rio de Janeiro – Brasil – de 10 de novembro a 29 de dezembro de 2001•21ª Edição Curta nas Telas – Porto Alegre – Brasil – de 01 a 14 de março de 2002•XX International Film Festival of Uruguay – Montevidéo – Uruguai – de 23 de março a 07 de abril de 2002 •1º Festival de cinema de Varginha – Varginha – Minas Gerais – de 17 a 23 de março de 2002  - Prêmio de Melhor Ator para Murilo Rosa•West Coast Student Film Festival – San Francisco – EUA – de 16 a 21 de abril de 2002.,Prêmio de Melhor Ator para Murilo Rosa - 1º Festival de cinema de Varginha,,Curta-metragem
666,O Jongo na Serrinha,Bia Paiva,Brasil,2007,50,UNA produções,Park City Music festivalOxford FestivalWomed FestivalDelray FestivalFestival Etnografico,"Park City Music Festival: 3º lugar na categoria de "" melhor filme sobre música""",,Média-metragem
667,O baiano fantasma,Denoy de Oliveira,Brasil,1984,98,Palmares,Não informado,Não informado,,Longa-metragem
668,Que filme tu vai fazer?,Denoy de Oliveira,Brasil,1992,45,Palmares Arte  e Vídeo,Não informado,Não informado,,Média-metragem
669,O Arraial,Otto Guerra,Brasil,1997,14,Otto Desenhos Animados Ltda.,Prêmio  Banco do Nordeste na Jornada de Cinema da Bahia - 1997Melhor Desenho Animado no Festival de Vitória - 1997Melhor Desenho Animado II Festival de Cinema e Vídeo de Recife - 1998Melhor Trilha Sonora de Desenho Animado no II Festival de Recife -1998Melhor Desenho Animado no Guarnicê Cine-Vídeo Maranhão - 1998Selecionado para Festival de Animação de Bruxellas (Bélgica) e Mendrisio (Suíça) - 1998,Prêmio  Banco do Nordeste na Jornada de Cinema da Bahia - 1997Melhor Desenho Animado no Festival de Vitória - 1997Melhor Desenho Animado II Festival de Cinema e Vídeo de Recife - 1998Melhor Trilha Sonora de Desenho Animado no II Festival de Recife -1998Melhor Desenho Animado no Guarnicê Cine-Vídeo Maranhão - 1998Selecionado para Festival de Animação de Bruxellas (Bélgica) e Mendrisio (Suíça) - 1998,,Curta-metragem
670,Cavaleiro Jorge,Otto Guerra,Brasil,2000,14,Otto Desenhos Animados Ltda.,Prêmio de Apoio a Produção 'Resgate do Cinema Brasileiro  MinC - 1994Prêmio de Apoio a Produção do Fumproarte de POA  1994Melhor Roteiro de Animação no Festival de Recife – 2001Selecionado para a 11ª Mostra Internacional de Curtas de SP - 2000Melhor Roteiro de Curta-Metragem - Guarnicê Cine-Vídeo Maranhão - 2001Selecionado para o 10º Cairo Internacional Film Festival (Egito) - 2001Selecionado para o 5th Brazilian Film Festival of Miami (USA) - 2001Selecionado para o 1st D-I-F-F (USA) - 2002,Prêmio de Apoio a Produção 'Resgate do Cinema Brasileiro  MinC - 1994Prêmio de Apoio a Produção do Fumproarte de POA  1994Melhor Roteiro de Animação no Festival de Recife – 2001Selecionado para a 11ª Mostra Internacional de Curtas de SP - 2000Melhor Roteiro de Curta-Metragem - Guarnicê Cine-Vídeo Maranhão - 2001Selecionado para o 10º Cairo Internacional Film Festival (Egito) - 2001Selecionado para o 5th Brazilian Film Festival of Miami (USA) - 2001Selecionado para o 1st D-I-F-F (USA) - 2002,,Curta-metragem
671,Nave mãe,Otto Guerra,Brasil,2004,12,Otto Desenhos Animados Ltda.,"-Festival de Gramado 2004 : Prêmio de Melhor Curta Gaúcho na Mostra Paralela de Filmes Gaúchos;-Mostra Brasil Plural 2004: Participação na mostra de filmes brasileiros em 14 cidades da Europa. Na Suíça foi o terceiro mais votado pelo júri popular do evento;-Mostra competitiva do Festival Curta Cinema Petrobrás 2004 no Rio de Janeiro;-Participação no 1o. Festival Macapá de Cinema e Vídeo.-Participação noTehran Internacional Animation Festival 2005 -  Iran 2005.-Participação no Anima 05 – III jornadas de animacion – Córdoba – Argentina – 2005-Vencedor na categoria melhor direção de arte no 12º festival de cinema e vídeo – Cuiabá – Mato Grosso - 2005-Participação no Curta-se 5 – Sergipe – Aracaju 2005-Melhor filme na  9ª Mostra de Curtas Mercosul – FAM2005-Selecionado para o Anima Mundi 2005-Vencedor, na categoria melhor curta brasileiro em animação, do Grande Prêmio Tam do Cinema Brasileiro – 2005.-Melhor curta metragem em animação e melhor trilha sonora no 28º Guarnicê cinema e vídeo – 2005-Participação no Anima Mundi – 2005-Participação no Festival de Curta  de Belo horizonte – 2005-Participação no 2° Festival De Belém do Cinema Brasileiro-Participação no 16º Festival Internacional de Curtas-Metragens de São Paulo – 2005-Melhor filme em animação na XXXII Jornada Internacional de Cinema da Bahia - 2005-Participação no 5º Goiânia Mostra Curtas-Participação no 9º Festival de Cinema, Vídeo e Dcine de Curitiba-Participação no Amazonas Film Festival – 2005-Convidado para o Festival de Atibaia internacional do audiovisual - 2006.-Selecionado para o 4º festival de cinema de Ribeirão Preto – 2006.","Prêmio de Apoio à Produção para Curtas-Metragens -  MinC - 2001Melhor Filme Gaúcho no Festival de Cinema de Gramado - 2004Melhor direção de arte no 12º festival de cinema e vídeo Cuiabá - 2005Melhor filme na 9ª Mostra de Curtas Mercosul – FAM - 2005Melhor curta brasileiro em animação, do Grande Prêmio Tam - 2005Melhor curta metragem em animação e melhor trilha sonora no 28º Guarnicê cinema e vídeo - 2005",,Curta-metragem
672,A grande noitada,Denoy de Oliveira,Brasil,1997,100,Palmares Arte Cinema e Video,Não informado,Não informado,,Longa-metragem
673,Pixote in memoriam,Felipe Briso e Gilberto Topczewski,Brasil,2006,78,Big Bonsai,"Competição Oficial ""É Tudo Verdade - 2006""Hors Concours ""Festival Internacional de Cinema do Rio de Janeiro - 2006""Seleção Oficial ""30ª Mostra Internacional de Cinema de São Paulo - 2006""",Não informado,,Longa-metragem
674,O amigo do superhomem,Denoy de Oliveira,Brasil,1979,75,Palmares Arte Cinema Video,Não informado,Não informado,,Longa-metragem
675,O capeta Carybé,Agnaldo Siri Azevedo,Brasil,1996,22,RA Arte e Comunicação,Não informado,Prêmio Especial da Crítica - Festival de Brasília 1996Melhor Montagem - Festival de Brasília 1996Troféu Pinhão - Festival de Curitiba 1997Prêmio da Crítica - Cine Ceará 1997Melhor Edição - Cine Ceará 1997,,Curta-metragem
676,Milton Dacosta  - Íntimas construções,Mario Carneiro,Brasil,1998,20,RA Arte e Comunicação,Não informado,Não informado,,Curta-metragem
677,Coco fusco: I like girls in uniform,Wagner Morales,Brasil,2006,48,Associação Cultural Videobrasil,Não informado,Não informado,,Média-metragem
678,O veado e a onça,Raquel Pedreira,Brasil,2006,13,Glaz Cinema e Vídeo,3º CINEPORT - Festival de Cinema de Países da Língua Portuguesa5º FICI - Festival Internacional de Cinema Infantil6ª Mostra de Cinema Infantil de Florianópolis10ª Mostra de Cinema de Tiradentes,não há,,Curta-metragem
679,Sigma,B&aacute;rbara de Azevedo,Brasil,2007,5,Limiarte Filmes,Não informado,Não informado,,Curta-metragem
680,A dama do Cine Shanghai,Guilherme de Almeida Prado,Brasil,1988,114,Star Filmes,Não informado,FESTIVAL DE GRAMADO - 1988FILME : A DAMA DO CINE SHANGHAIMelhor FilmeMelhor Direção : Guilherme de Almeida PradoMelhor Cenografia : Francisco AndradeMelhor Fotografia : José Roberto Eliezer/ Claudio PortiolliMelhor Música : Hermelino NederMelhor Montagem : Jair Garcia DuartePrêmio da CríticaPrêmio Banco do BrasilII FESTIVAL DE CINEMA BRASILEIRO DE NATAL- 1988FILME : A DAMA DO CINE SHANGHAIMelhor FilmeMelhor Direção : Guilherme de Almeida PradoMelhor Cenografia : Francisco AndradeMelhor Fotografia : José Roberto Eliezer/ Claudio PortiolliMelhor Ator : Antonio FagundesMelhor Ator Coadjuvante : José LewgoyMelhor Filme - Prêmio da CríticaAIR FRANCE - 1989FILME : A DAMA DO CINE SHANGHAIMelhor FilmeMelhor Direção : Guilherme de Almeida PradoV RIO CINE FESTIVAL - 1989FILME : A DAMA DO CINE SHANGHAIMelhor Filme Melhor Filme : Classe CinematográficaMelhor Diretor : Guilherme de Almeida PradoMelhor Fotografia : José Roberto Eliezer/Claudio PortiolliMelhor Música : Hermelino NederMelhor Figurino : Luiz Fernando PereiraMelhor Edição de Som : Jair Garcia DuarteFESTIVAL DE HAVANA - 1988Melhor Trilha Sonora : Hermelino NederFESTIVAL FRANCO-AMERICANO DE CINEMA DE BOGOTÁ - 1989FILME : A DAMA DO CINE SHANGHAIMelhor FilmeMelhor Fotografia : José Roberto Eliezer/Claudio PortiolliMelhor Música : Hermelino NederMelhor Direção de Arte : Francisco Andrade,,Longa-metragem
681,Perfume de gardênia,Guilherme de Almeida Prado,Brasil,1992,118,Star Filmes,Não informado,Não informado,,Longa-metragem
682,A flor do desejo,Guilherme de Almeida Prado,Brasil,1983,105,Star Filmes,Não informado,Não informado,,Longa-metragem
683,Lágrima na roda,Maria Clara Guim,Brasil,2007,9,Maria Clara Guim e Monique Cruz,Mostra do Filme Livre  2007 – Rio de Janeiro – RJ FAM 2007 – Florianópolis – SCFestival Guarnicê – São Luiz - MAFEMINA – Rio de Janeiro – RJ Festival Universitário / Mostra ex-alunos – Rio de Janeiro – RJ MOLA 2007 – Rio de Janeiro – RJ ,Não informado,,Curta-metragem
684,Glaura,Guilherme de Almeida Prado,Brasil,1995,15,Star Filmes,Não informado,Não informado,,Curta-metragem
685,À margem do concreto,Evaldo Mocarzel,Brasil,2006,88,24 VPS filmes Ltda,"Festival Internacional de Cine Documental, Equador 2007 Mostra “Brésil em mouvements”, França 2007 Latin American Film Festival 2007 Muestra de cine Latino americano en Barcelona 2007 Bologna Human Rights Nights 2007 10º Festival de Cinema Luso-Brasileiro de Santa Maria da Feira 2006. 30º Mostra Internacional de Cinema de São Paulo 2006 13º Vitória Cine Vídeo 2006 16º Cine Ceará – Festival Ibero americano de Cinema 2006 11º Festival Internacional de Documentários 2006. ","Melhor Filme Júri Popular e Melhor Edição de Som 38° Festival de Brasília de Cinema Brasileiro 2005, Prêmio OCIC/SIGNIS de Melhor Documentário na Jornada Internacional da Bahia 2006, Melhor Documentário no Festival do Rio BR 2006, Prêmio de Melhor documentário no Festival de Direito Humanos DerHumALC 2006, Melhor Documentário Festival de Belém do Cinema Brasileiro 2006, Melhor Som no Festival de Miami 2007.",,Longa-metragem
686,Carrego comigo,Chico Teixeira,Brasil,2001,63,Cinematográfica Superfilmes,..,..,,Média-metragem
870,O alquimista do mato,Jom Tob Azulay,Brasil,1978,25,AeB Produções,Não informado,Funarte 1978,,Curta-metragem
687,Sete minutos,"Cavi Borges, J&uacute;lio Pecly e Paulo Silva",Brasil,2007,7,Cavideo Produções ,CINE PE 2007//CINEPORT 2007//VIDE-VIDEO 2007//COLATINA 2007//CINEME-SE 2007//FESTIVAL DE MARINGUÁ 2007//CINESUL 2007// CINEOP 2007//GUÂRNICE 2007//CINESQUEMANOVO 2007//FESTIVAL DA VENEZUELA 2007//CURTA TRÊS RIOS 2007//FESTIVAL INTERNACIONAL DE CURTAS DE SÃO PAULO 2007//JORNADA INTERNACIONAL DE CINEMA NA BAHIA 2007// I CURTA CABO FRIO 2007// CINE PR 2007//CINE PE 2007// CINEPORT 2007// FESTIVAL UNIVERSITÁRIO 2007// FESTIVAL DO RIO 2007//FESTIVAL ITAMARATY 2007//GOIÂNIA MOSTRA CURTAS 2007// CURTA CINEMA 2007//MOSTRA CURTA PUC 2007// PERRO LOCO 2007//CURTA TRÊS TRIOS 2007//MOSTRA CURTA SP – CAMPINAS 2007//FESTIVAL DE BRASÍLIA 2007//LUZES DA CIDADE 2007//MOSTRA CURTA PARÁ 2007//14 BIS 2007// FLÔ 2007// FESTIVAL DE TIRADENTES 2007//FESTIVAL DIRECTORE 2008//CURTA NAS TELAS 2008// 1° MIAU 2008// TV BANANA (FESTIVAL ONLINE) 2008// SYDNEY FILM FESTIVAL 2008.," &#61672; Prêmio de Melhor Curta Metragem de Ficção: Cineport 2007, Vide Video 2007, Colatina 2007 &#61672;Melhor curta Metragem – Júri Oficial - Festival do Rio 2007&#61672;Prêmio Portacurtas no Festival do Rio ( curta mais acessado  na internet durante o festival)&#61672;Prêmio Menção Honrosa: Festival Perro Loco 2007&#61672;Prêmio de melhor ator no festival de ITÚ 2007&#61672;Prêmio Melhor filme ficção e melhor direção no 1º Festival de Cinema e Vídeo de Santa Cruz das Palmeiras",,Curta-metragem
688,O filme do filme roubado do roubo da loja de filmes,"J&uacute;lio Pecly, Marcelo Yuka e Paulo Silva",Brasil,2006,16,Cavideo Produções,ENTRETODOS 2007// FESTIVAL DE COLATINA 2007//CINEME-SE 2007//OBSERVATÓRIO DE FEVELAS 2007//CINESUL 2007//CINEBELÉM 2007//FESTIVAL DE SANTA MARIA 2007//FESTIVAL DE GRAMADO 2007//CURTA TRÊS RIOS 2007// JORNADA INTERNACIONAL DE CINEMA NA BAHIA 2007// FESTIVAL DE SÃO CARLOS 2007// VOTORANTIM 2007// AMAZONAS FILM FESTIVAL 2007// VITÓRIA CINEVÍDEO 2007//FESTIVAL FLÔ 2007// FESTIVAL DE CINEMA DE NOVA IGUAÇÚ 2008 – IGUACINE// CINE PE 2008// 31° FESTIVAL DE CINEMA DE GUARNICÊ – 2008// TV BANANA (FESTIVAL ONLINE) 2008// II FESTIVAL DE SANTA CRUZ DAS PALMEIRAS 2008// FESTIVAL DE MARINGÁ 2008/,&#61672; Prêmio melhor roteiro de Curta Metragem: Festival de Cabo Frio 2007&#61672; Melhor Vídeo no festival Flô 2007&#61672; Prêmio Melhor Filme – Festival de Guarnicê 2008&#61672; Prêmio Melhor Filme e Melhor Ator – II Festival de Santa Cruz das Palmeiras 2008,,Curta-metragem
689,Pretinho Babylon,Cavi Borges e Em&iacute;lio Domingos,Brasil,2007,17,Cavideo Produções ,VITORIA CINEVIDEO 2008//CURTA CINEMA 2008// MOSTRA DO FILME LIVRE 2007// FESTIVAL DIRECTORE 2008 // VIDE-VÍDEO 2008// CINEME-SE 2008// CINESUL 2008//FESTIVAL RATOEIRA 2008.,&#61672; Melhor Filme – VIDEVIDEO 2008,,Curta-metragem
690,L.A.P.A,Cavi Borges e Em&iacute;lio Domingos,Brasil,2008,74,CAVIDEO PRODUÇÕES,MOSTRA DO FILME ETNOGRÁFICO 2007// MARANHÃ NA TELA 2007// FESTIVAL CAMERAMUNDO 2007// 12° FESTIVAL BRASILEIRO DE CINEMA DE MIAMI// CINEME-SE 2008// CINESUL 2008.// festival de cinema brasileiro em miami 2008// festival visões periféricas 2008.,MELHOR FILME - JURI POPULAR - FESTIVAL CAMERAMUNDO -HOTTERDAN - HOLANDA - 2008,,Longa-metragem
691,Minha área,"Cavi Borges, Em&iacute;lio Domingos, Gustavo Melo e GUSTAVO PIZZI",Brasil,2007,22,Cavideo Produções,Não informado,&#61672; Menção Honrosa no Cine Araribóia 2007,,Curta-metragem
692,Amor e traição,Pedro Camargo,Brasil,1981,100,Embrafilme,Não informado,Não informado,,Longa-metragem
693,Moro no Brasil,Mika Kaurism&auml;ki,Brasil,2002,104,Magnatel Produtora e Distrbuidora de Programas de TV e Cinema Ltda,Não informado,Não informado,,Longa-metragem
694,Urbania,Flavio Frederico,Brasil,2001,70,Cinematográfica Superfilmes,..,..,,Longa-metragem
695,No rio das amazonas,Ricardo Dias,Brasil,1995,76,Cinematográfica Superfilmes,"Melhor Música no Festival de Gramado/95 Melhor Filme e Música no Festival de Cuiabá/95 Melhor Direção, Melhor Documentário e Melhor Som no Festival de Brasília/95 Prêmio de Melhor Filme e Melhor Fotografia pela Associação Paulista dos Críticos de Arte APCA)/95 Participou dos festivais internacionais: Oberhausen/96, Aversa/96, Jerusalém/96, Nova York/97",Não informado,,Longa-metragem
696,Cidadão jatobá,Maria Luiza Aboim,Brasil,1987,14,Aboim Produções e Artes,Semana da Crítica - Festival de Cannes80 Curtas dos Anos 80 (MASP)San Francisco International Film Festival,Melhor filme de curta-metragem do XX Festival Nacional do Cinema de BrasíliaMelhor Filme de curta-metragem do IV Fest. Internacional do Cinema do RioParte do acervo permanente do National American Indian Museum de Nova York e da Cinemateca Brasileira,,Curta-metragem
697,Fé,Ricardo Dias,Brasil,1999,91,Cinematográfica Superfilmes,"Prêmio Melhor Documentário da União Latina-Biarritz, França 1999 Participou dos Festivais Biarritz/99, Amsterdam/99, Havana/99, Chicago/2000",Não informado,,Longa-metragem
698,Pixinguinha e a velha guarda do samba,Ricardo Dias e Thomaz Farkas,Brasil,2006,10,Cinematográfica Superfilmes," Prêmios Saruê, Marco Antônio Guimarães e Conterrâneos no 39º Festival de Brasília do Cinema Brasileiro (2006) 20ª Mostra do Audiovisual Paulista (2006) ",Não informado,,Curta-metragem
699,Amor!,Jos&eacute; Roberto Torero,Brasil,1994,14,Cinematográfica Superfilmes,Não informado,Melhor Curta e mais 5 prêmios no Festival de Gramado. Melhor Curta e mais 2 prêmios no Festival de Brasília. Melhor Produção no Festival de Cuiabá Melhor Curta no Festival do Maranhão Melhor Curta no Rio Cine Festival Melhor Curta no Festival de Havana Melhor Curta no Festival de Vila do Conde Melhor Curta no Festival de Toronto Melhor Curta no Festival de Santiago do Chile Convidado para 7 Festivais Internacionais,,Curta-metragem
700,Panair do Brasil,Marco Altberg,Brasil,2007,70,M.Altberg / Indiana Produções,Festival do Rio 2007,Não informado,,Longa-metragem
701,Até onde a vista alcança,Felipe Peres Calheiros,Brasil,2007,20,Coletivo Asterisco,"Exibido no Short Film Corner 2008, Cannes (França); no LAFF 2008 - Latin American Film Festival, Utrecht (Holanda); no 1.º Festival de Cinema de Triunfo(PE); no XI VIDE VÍDEO - Festival Universitário de Cinema e Vídeo da UFRJ; no CINEME-SE 2008 - Festival da Experiência do Cinema de Santos (SP); na 8.ª Mostra de Cinema e Vídeo de Taguatinga (DF); no 12.º Festival Audiovisual do Mercosul, Florianópolis (SC); no 2.º ""Tem Preto na Tela"", Mostra de Vídeos da Nação Xambá, Olinda (PE); no CineArte Sarau Petrobrás, etapas Olinda e Recife (PE); e no 4.º TAKE - Mostra de Cinema e Vídeo de Indaiatuba (SP).","Prêmio de Melhor Curta Digital pelo Júri Popular do XXII Festival do Audiovisual de Pernambuco - CINE PE 2008, Prêmio de Incentivo à Produção Independente da Curadoria do Festival Camera Mundo - Independent Film Festival de Rotterdam (Holanda), menção honrosa na 1.ª Mostra Independente de Audiovisual Universitário de Goiânia (GO) e Na 5.ª Mostra de Vídeo Ambiental de Caparaó (ES); Melhor Documentário Digital do II Curta Cabo Frio (RJ) e do 5.º Festival de Cinema de Maringá (PR); ",2007-11-20,Curta-metragem
702,"Rondon: Amor, ordem e progresso",Marco Altberg,Brasil,2002,86,M.Altberg Cinema e Video,Não informado,Não informado,,Longa-metragem
703,G.R.E.S Concentração,Luiz Guimar&atilde;es de Castro,Brasil,1997,44,M.Altberg Cinema e Video,Não informado,Não informado,,Média-metragem
704,"Metade sexo, metade muzzarela",Jo&atilde;o Camargo,Brasil,2003,54,Indiana Produções Cinematográficas,Não informado,Não informado,,Média-metragem
705,Anjo Alecrim (Acordo ABD),Viviane Louise,Brasil,2005,18,Arte Brasil/ Camera3,"Mostra Abd no Fica – melhor trilha sonora – Goiás 2005I Mostra de Cinema de Filmes de Tradições – São Jorge 2005Mostra Présence et  Passé du Cinéma Brésilien – Paris -2005I Festival du Film Court – France, Mali, Bali. Israel- 2006Mostra Présence et Passe du Cinéma Brésilien -  Montpellier (France)- 2007Selecionado para o prêmio técnico (fotografia)- ABC de cinematografia – Cinemateca de São Paulo e Cinemateca do Rio de Janeiro - 2006Festicine – melhor direção e melhor curta metragem pelo cineclubes do Brasil- 2006Mostra Centro Oeste -Festival Internacional do Cinema Brasileiro – Brasília/Campo Grande/Cuiabá- 2007/2008Mostra Candango/ Brasília -2008",Mostra Abd no Fica – melhor trilha sonora – Goiás 2005Festicine – melhor direção e melhor curta metragem pelo cineclubes do Brasil- 2006,,Curta-metragem
706,"Nada nos deterá!  (da série Vale do Ribeira, litoral e oeste paulista, do projeto Terra Paulista)",S&eacute;rgio Roizenblit,Brasil,2007,26,Cenpec,Foi exibido na TV Cultura no ano de 2008.,Não informado,,Curta-metragem
707,"Na beira do Ribeira  (da série Vale do Ribeira, litoral e oeste paulista, do projeto Terra Paulista)",S&eacute;rgio Roizenblit,Brasil,2007,26,Cenpec,Foi exibido na TV Cultura no ano de 2008.,Não informado,,Curta-metragem
708,"Longe do mar, fora dos parques (da série Vale do Ribeira, litoral e oeste paulista, do projeto Terra Paulista)",Tatiana Lohmann,Brasil,2007,26,Cenpec,"Foi selecionado e exibido como filme convidado na 5ª Mostra de Cinema Ambiental MoVA Caparaó, promovida pela Secretaria de Cultura do Estado do Espírito Santo.Foi exibido durante na TV Cultura no ano de 2008.",Não informado,,Curta-metragem
734,O Fantasma da ópera,Ale McHaddo,Brasil,2004,5,44 TOONS,Não informado,Não informado,,Curta-metragem
709,"No fio do podão  (da série Vale do Ribeira, litoral e oeste paulista, do projeto Terra Paulista)",Tatiana Lohmann,Brasil,2007,37,Cenpec,"Foi selecionado e exibido como filme convidado na 5ª Mostra de Cinema Ambiental MoVA Caparaó, promovida pela Secretaria de Estado da Cultura do Espírito Santo.Foi exibido na TV Cultura no ano de 2008.",Não informado,,Média-metragem
736,Fonte da saudade,Marco Altberg,Brasil,1986,80,Diadema Produtora Ltda,Não informado,Prêmio Pierre Kast - Melhor Direção (Marco Altberg) –,,Longa-metragem
710,"Por que santo é santo? (da série Vale do Médio Tietê, do projeto Terra Paulista)",S&eacute;rgio Roizenblit e Tatiana Lohmann,Brasil,2004,26,Cenpec,Foi exibido no Canal Futura em 2005 e na TV Cultura nos anos de 2005 e 2008.,Não informado,,Curta-metragem
711,"Histórias com cheiro de mato e poeira (da série Vale do Médio Tietê, do projeto Terra Paulista)",S&eacute;rgio Roizenblit e Tatiana Lohmann,Brasil,2004,26,Cenpec,Foi exibido no Canal Futura em 2005 e na TV Cultura nos anos de 2005 e 2008.,Não informado,,Curta-metragem
712,"Quem tem medo de ser caipira? (da série Vale do Médio Tietê, do projeto Terra Paulista)",Tatiana Lohmann,Brasil,2004,26,Cenpec,Foi exibido no Canal Futura em 2005 e na TV Cultura nos anos de 2005 e 2008.,Não informado,,Curta-metragem
713,"Caipira já nasce com fé (da série Vale do Médio Tietê, do projeto Terra Paulista)",Tatiana Lohmann,Brasil,2004,26,Cenpec,Foi exibido no Canal Futura em 2005 e na TV Cultura nos anos de 2005 e 2008.,Não informado,,Curta-metragem
714,"Do divino ao João Paulino (da série Vale do Paraíba, do projeto Terra Paulista)",S&eacute;rgio Roizenblit,Brasil,2004,26,Cenpec,Foi exibido no Canal Futura em 2005 e na TV Cultura nos anos de 2005 e 2008.,Não informado,,Curta-metragem
715,"Cidades não morrem (da série Vale do Paraíba, do projeto Terra Paulista)",S&eacute;rgio Roizenblit,Brasil,2004,26,Cenpec,Foi exibido no Canal Futura em 2005 e na TV Cultura nos anos de 2005 e 2008.,Não informado,,Curta-metragem
716,Vrruummm!!!,Paula Dager,Brasil,2003,5,Não há.,Não informado,Não informado,,Curta-metragem
717,Vida de menina,Helena Solberg,Brasil,2005,102,Radiante Filmes Ltda.,"Gramado, Rio, Miami International, Palm Springs, Gotemborg, New York Moma, Cineport, Natal","Gramado: Melhor Filme, Fotografia, Música, Roteiro, Direção de Arte; Rio: Melhor Filme (Júri popular); Natal: Melhor Filme, Melhor Direção, Melhor Atriz, Melhor Música, Melhor Roteiro; Cineport: Melhor Figurino",,Longa-metragem
720,Doce e salgado,Chico Lacerda,Brasil,2007,7,Não há,"*  Mostra competitiva do 12o Queer Lisboa, em Lisboa, Portugal, em setembro/2008.* Mostra competitiva do 7o Q! Film Festival, em Jakarta, Indonésia, em agosto/2008.* Mostra competitiva do I Festival de Cinema de Triunfo, em Triunfo – PE, em julho/2008.* Mostra Pernambuco do Cine-PE 2008, em abril/2008.* Mostra competitiva do Torino GLBT Film Festival, em Turim, Itália, em abril/2008.* Mostra competitiva do Festival do Filme Livre, no Rio de Janeiro – RJ, em março/2008.* Mostra competitiva do XI Festival de Vídeo de Pernambuco, em dezembro/2007.* Mostra competitiva doo 15º Festival Mix Brasil de cinema e vídeo da diversidade sexual, em São Paulo – SP, em novembro/2007.* Mostra competitiva do Flõ –Festival do Livre Olhar, Porto Alegre – RS, em novembro/2007.* Mostra competitiva do I FOR Rainbow – Festival de Cinema da Diversidade Sexual 2007, Fortaleza – CE, em julho/2007.","* 2º Melhor Vídeo de Ficção no XI Festival de Vídeo de Pernambuco, em dezembro/2007.",,Curta-metragem
721,Trópico das cabras,Fernando Coimbra,Brasil,2007,24,Cabra Filmes,"40º FESTIVAL DE BRASÍLIA DO CINEMA BRASILEIRO, Brasília, Brasil, 200711º FESTIVAL DE CINEMA LUSO-BRASILEIRO DE SANTA MARIA DA FEIRA Santa Maria da Feira, Portugal, 20073º FESTIVAL DE ATIBAIA – INTERNACIONAL DO AUDIOVISUAL, Atibaia, Brasil, 200811ª MOSTRA DE CINEMA DE TIRADENTES, Tiradentes, Brasil, 2008CINE-PE 2008, Recife, Brasil, 200830º FESTIVAL INTERNACIONAL DE CURTAS-METRAGENS DE CLERMONT-FERRAND , Clermont-Ferrand, França, 200816º CONCURSO IBEROAMERICANO DE CORTOMETRAJES DEL FESTIVAL DE CINE DE CARTAGENA DE LAS INDIAS, Cartagena, Colômbia, 2008XXIII FESTIVAL INTERNACIONAL DE CINE DE GUADALAJARA Guadalaraja, México, 200823º FESTIVAL INTERNACIONAL DE CINEMA JOVE Valência, Espanha, 200816th IFF ARTFILM, Tren&#269;ianske Teplice /Tren&#269;ín, Eslováquia, 200810º FESTIVAL INTERNACIONAL DE CURTAS DE BELO HORIZONTE, Belo Horizonte, Brasil, 2008","MELHOR FILME, MELHOR ATRIZ, MELHOR DIREÇÃO DE FOTOGRAFIA. PRÊMIO DA CRÍTICA, PRÊMIO DE AQUISIÇÃO DO CANAL BRASIL - 40º FESTIVAL DE BRASÍLIA DO CINEMA BRASILEIRO, Brasília, Brasil, 2007PRÊMIO DO PÚBLICO, PRÊMIO DOS CINECLUBES, PRÊMIO REVELAÇÃO - 11º FESTIVAL DE CINEMA LUSO-BRASILEIRO DE SANTA MARIA DA FEIRA , Santa Maria da Feira, Portugal, 2007MELHOR DIREÇÃO E MENÇÃO HONROSA DO SINDCINE PELA MELHOR FOTOGRAFIA - 3º FESTIVAL DE ATIBAIA – INTERNACIONAL DO AUDIOVISUAL, Atibaia, Brasil, 2008MENÇÃO HONROSA DO JURI OFICIAL - 1º IGUACINE – FESTIVAL DA CIDADE DE NOVA IGUAÇU, Nova Iguaçu, Brasil, 2008 MELHOR FOTOGRAFIA  - CINE-PE 2008, Recife, Brasil, 2008          MELHOR FOTOGRAFIA DE MÉDIA-METRAGEM -  PRÊMIO ABC (Associação    Brasileira de Cinematografia), Rio de Janeiro, Brasil, 2008",2007-11-24,Curta-metragem
722,Lua de outubro,Henrique de Freitas Lima,Brasil,1997,100,Cinematográfica Pampeana,"Festivais de Brasília (1997), Palm Springs,Mar Del Plata, Viña Del Mar, Montevidéu, Recife, Curitiba, Florianópolis",Melhor Som – Festival de Brasília (1997),,Longa-metragem
723,O macaco e o candidato,Henrique de Freitas Lima,Brasil,1990,14,Cinematogräfica Pampeana,"Seleção Oficial Havana e Clermont Ferrand, França em Fevereiro de 1991.",Melhor Curta Gaúcho no Festival de Gramado em 1990.,,Curta-metragem
724,A voz da felicidade,Nelson Nadotti,Brasil,1987,10,Cinematográfica Pampeana,Festival de Gramado de 1988.,"Ganhador de quatro prêmios, incluindo Melhor Curta Nacional.",,Curta-metragem
725,Concerto campestre,Henrique de Freitas Lima,Brasil,2002,100,Cinematográfica Pampeana,"Festivais de Cinema Iberoamericano de Trieste e Los Angeles, Mostra Internacional de Cinema, Festivais de Recife, Gramado, Curitiba, Rio de Janeiro e Florianópolis",Premio Eduardo Abelim para Melhor Ator e Fotografia,,Longa-metragem
726,Ãgtux,Tania Anaya,Brasil,2005,22,Anaya,"38º Festival de Brasília do Cinema Brasileiro, novembro de 2005;9ª Mostra de Cinema de Tiradentes, MG, janeiro de 2006;8º Festival Internacional de Curtas de Belo Horizonte, julho de 2006;  II Festival Latino Americano de Vídeo Ambiental da Chapada Diamantina, Bahia, novembro de 2006; 13º Vitória Cine Vídeo, novembro de 2006;Festival Internacional de Curtas do Rio de Janeiro – Curta Cinema 2006, nov/dez de 2006;53. International Short Film Festival Oberhausen, Germany, mai de 2007;Femina – Festival Internacional de Cinema Feminino, RJ, jun de 2007;Mostra Itinerante do 8º Festival Internacional de Curtas de Belo Horizonte, jun/jul 2007;MadCat Women’s International Film Festival, San Francisco, USA, set 2007; V Curta Santos, Mostra Diversidades, Santos – SP, set 2007; 10° Festival de Cinema, Vídeo e Dcine de Curitiba, nov de 2007; 23. International Short Film Festival, Mostra: "" Heimat"", Berlin, Germany, out 2007, Festival AELLA Foto y Cine Latino, Paris, France, out 2007; Wiesbadener Kinofestival, programa ""UMWELT (Environment)"", Germany, nov 2007; 3ª Mostra de Curtas de Ourinhos, São Paulo, nov 2007; Feira de Arte ARCO'08, Museo Nacional Centro de Arte Reina Sofía, Madrid, Espanha, fev 200813º Vitória Cine Vídeo, novembro de 2006; Festival Internacional de Curtas do Rio de Janeiro – Curta Cinema 2006, nov/dez de 2006;53. International Short Film Festival Oberhausen, Germany, mai de 2007; Femina – Festival Internacional de Cinema Feminino, RJ, jun de 2007; Mostra Itinerante do 8º Festival Internacional de Curtas de Belo Horizonte, jun/jul 2007; MadCat Women’s International Film Festival, San Francisco, USA, set 2007; V Curta Santos, Mostra Diversidades, Santos – SP, set 2007; 10° Festival de Cinema, Vídeo e Dcine de Curitiba, nov de 2007; 23. International Short Film Festival, Mostra: "" Heimat"", Berlin, Germany, out 2007, Festival AELLA Foto y Cine Latino, Paris, France, out 2007;Wiesbadener Kinofestival, programa ""UMWELT (Environment)"", Germany, nov 2007; 3ª Mostra de Curtas de Ourinhos, São Paulo, nov 2007; Feira de Arte ARCO'08, Museo Nacional Centro de Arte Reina Sofía, Madrid, Espanha, fev 2008.","Melhor Montagem Brasileira, prêmio do júri oficial do 8º Festival Internacional de Curtas de Belo Horizonte, 2006;Seleção dos 10 melhores filmes pelo voto popular do Festival Internacional de Curtas do Rio de Janeiro – Curta Cinema 2006, nov/dez de 2006; Melhor Documentário do II Festival Latino Americano de Vídeo Ambiental da Chapada Diamantina, Bahia, novembro de 2006; Prêmio do Festival 53º International Short Film Festival Oberhausen, Alemanha, maio de 2007;Troféu Pinhão de Melhor Filme Documentário, do 10° Festival de Cinema, Vídeo e Dcine de Curitiba, novembro de 2007;Melhor Filme do Festival, pela Crítica Especializada, do 10° Festival de Cinema, Vídeo e Dcine de Curitiba, Brazil, 2007. Prêmio do festival 53º International Short Film Festival Oberhausen, Alemanha, maio de 2007;Troféu Pinhão de Melhor Filme Documentário; e Melhor Filme do Festival pela Crítica Especializada, do 10° Festival de Cinema, Vídeo e Dcine de Curitiba, novembro de 2007.",,Curta-metragem
1005,O cárcere e a rua,Liliana Sulzbach,Brasil,2004,79,Zepellin Filmes,Não informado,Não informado,,Longa-metragem
727,Castelos de vento,Tania Anaya,Brasil,1998,8,Anaya Produções Culturais Ltda,"VIII Festival de Cinema e Vídeo do Ceará, Fortaleza, junho de 1998;6º Festival Internacional de Animação Anima Mundi, no RJ/SP, agosto de 1998;9º Festival Internacional de Curtas-Metragens de São Paulo, agosto de 1998;Festival Internacional de Animação de Ottawa, Canadá, setembro de1998;Festival Latino-Americano de Cinema de Havana, Cuba, dezembro de 1998;2ª Mostra de Cinema de Tiradentes, janeiro de 1999;3º Festival de Cinema e Vídeo de Curitiba, Paraná, maio de 1999;14º Cinema Jove – Festival Internacional de Cinema de Valencia, Espanha, junho de 1999;Cinemambiente, Torino’99, Festival Internazionale di Cinema e Cultura Ambiente, Itália, 1999;Festival de Cinema de Trieste, Itália, 1999;6º Cine Vídeo Vitória, Espírito Santo, novembro de 1999;2º Panorama Mundial do Cinema Independente, Belo Horizonte, novembro de 1999;II Festival Internacional de Cinema da Amazônia, Belém, dezembro de 1999;Grande Prêmio Cinema Brasil, Petrópolis, fevereiro de 2000;Festival International du Film D’Animation, Annecy, França, 2000; Cinanima 2000, 24º Festival Internacional de Cinema de Animação, Espinho, Portugal, “Retrospectiva da Animação Brasileira”, novembro de 2000;Mostra retrospectiva “Animação Brasileira” na Fundação Calouste Gulbenkian, Lisboa, Portugal, e na Cinemateca de Praga, Tchecoslováquia, 2001; 3º Festival de Cinema Brasileiro de Paris, França, março de 2001.Mostra “Love and Lust” no festival Tough Eye, em Turku, Filândia, 2001;Petrobrás às 6, em várias cidades do Brasil, durante todo o ano de 2002; Curta Mostra de Animação Brasileira Anima Mundi no 22º Festival Internacional de Desenho Animado da Bélgica, Bruxelas e Leuven; e em Seul, Coréia, 2003;6º Festival Internacional de Curtas de Belo Horizonte, Minas Gerais, 2004; Loop 2004, Colômbia: Bogotá, Medellin e Cali, 2004; Taipei Golden Horse Film Festival, Taiwan, 2005; 17º Rencontres Cinémas d’Amérique Latine de Toulouse, “La Création Brésilienne, Carte Blanche au Festival d’Animation Anima Mundi”, França, 2005; 1ª Muestra Internacional del Cine de Animación, “Lo Mejor de Anima Mundi”, Lima, Peru, abril de 2005;4th Film Festival of the World in Milan, Mostra Anima Mundi, Itália, junho de 2005;Festival International du Film D’Animation, Annecy, Mostra “Charmes du Brésil”, Comemoração do Ano Brasil na França, 2005; Festival Fantoche, Suíça, Mostra de Animação Brasileira Anima Mundi, setembro de 2005; African Animation Festival, Mostra Brazilian Animation, Ghana, outubro de 2005;1º Festival Internacional de Cine Animado de Uruguay – Salto se Anima!, Mostra Anima Mundi, Uruguai, novembro de 2005;III Mostra di Cinema Iberamericano di Bologna, Mostra Anima Mundi a Bologna, Itália, dezembro de 2005;XXI International Film Festival in Guadalajara, Mostra Anima Mundi, março de 2006;Imagem dos Povos, mostra itinerante realizada no interior de Minas Gerais (Itabira, São João Del Rei, Conselheiro Lafaiete, Ipatinga, Ouro Preto), segundo semestre de 2006;Viart 2006 – X Festival Universitário de Caracas, Mostra Anima Mundi, Venezuela, outubro de 2006;2ª Mostra Livre de Animação Contemporânea, Rio de Janeiro, outubro de 2006;entre outros.","1º Concurso de Projetos para Filmes Curtas-Metragens do Ministério da Cultura, em 1997. 25ª Jornada de Cinema Íbero-Americano da Bahia”, em Salvador, em 1998, com o TATU DE OURO para melhor filme de cinema de animação. ",,Curta-metragem
728,Bicho,Vitor Brandt,Brasil,2008,14,Vitor Brandt,Não informado,Não informado,,Curta-metragem
729,Fabulário geral de um delírio curitibano,Juliana Sanson,Brasil,2007,16,Projeto Olho Vivo,"Cine PE, FAM 2008, Paléo Festival de Nyon - Suíça 2008, Curta Cabo Frio, MOSCA 4, Gramado Cine Vídeo, Festival de Cinema Agulhas Negras",Não informado,,Curta-metragem
730,O xadrez das cores,Marco Schiavon,Brasil,2004,22,MIDMIX ENTRETENIMENTO LTDA,Cine PE 2005Festival de Belém 2005Festival do Ceará 2005Festival Internacional de Curtas-Metragens de Belo Horizonte 2004Los Angeles Intl Short Film Festival 2004Mostra de Cinema de Macapá 2005 Festival de Cinema de Goiás 2005Festival de Cinema Brasileiro de Miami- 2005Festival de Cinema e Vídeo de Curitiba- 2005Festival de Goiania 2005Jornada de Cinema da Bahia- 2005Mostra Cine Rota 22 -2005, Melhor Filme - Júri Popular no Festival de Cinema de Goiás 2005Melhor Curta - Júri Popular no Festival de Cinema Brasileiro de Miami 2005Melhor Curta Metragem Nacional pelo Júri Popular no Festival de Cinema e Vídeo de Curitiba 2005Prêmio Especial no Festival de Cinema e Vídeo de Curitiba 2005Melhor Curta Metragem Nacional pelo Júri Popular no Festival de Goiania 2005Melhor Atriz no Jornada de Cinema da Bahia 2005Melhor Curta Metragem Nacional pelo Júri Popular no Mostra Cine Rota 22 2005,,Curta-metragem
731,O farol de Santo Agostinho,Marco Schiavon,Brasil,2006,15,Não informado,Não informado,Não informado,,Curta-metragem
732,A hora da verdade,Henrique de Freitas Lima,Brasil,1988,14,Cinematográfica Pampeana,Não informado,Não informado,,Curta-metragem
733,"Arte, fé e festa (da série Vale do Paraíba, do projeto Terra Paulista)",S&eacute;rgio Roizenblit,Brasil,2004,26,Cenpec,Foi exibido pelo Canal Futura no ano de 2005 e pela TV Cultura nos anos de 2005 e 2008.,Não informado,,Curta-metragem
735,Sombras de julho,Marco Altberg,Brasil,1996,90,M.Altberg Cinema e Video,Não informado,Não informado,,Longa-metragem
737,Mangueira Documental,Marco Altberg,Brasil,2000,55,M.Altberg Cinema e Video,Não informado,Não informado,,Média-metragem
738,Jamelão 90 anos,Marco Altberg,Brasil,2005,52,M.Altberg Cinema e Video,Não informado,Não informado,,Média-metragem
739,"História não é só passado (da série Vale do Paraíba, do projeto Terra Paulista)",S&eacute;rgio Roizenblit,Brasil,2004,26,Cenpec,Foi exibido pelo Canal Futura no ano de 2005 e pela TV Cultura nos anos de 2005 e 2008.,Não informado,,Curta-metragem
740,Tom Jobim 80 anos,Marco Altberg,Brasil,2006,52,M.Altberg Cinema e Video,Não informado,Não informado,,Média-metragem
741,"Solidão e fé (da série Oeste Paulista, do projeto Terra Paulista)",Tatiana Lohmann,Brasil,2005,53,Cenpec,Foi exibido pelo Canal Futura em 2005.,Não informado,,Média-metragem
742,"A terra que dá o pão (da série Oeste Paulista, do projeto Terra Paulista)",Tatiana Lohmann,Brasil,2005,56,Cenpec,Foi exibido pelo Canal Futura em 2005.,Não informado,,Média-metragem
743,"Histórias com aroma de café (da série Oeste Paulista, do projeto Terra Paulista)",S&eacute;rgio Roizenblit,Brasil,2005,52,Cenpec,Foi exibido no Canal Futura em 2005.,Não informado,,Média-metragem
744,Senta a pua!,Erik de Castro ,Brasil,1999,112,BSB Cinema Produções Ltda,"•Festival de Brasília do Cinema Brasileiro – quatro cinemas (Nov/99). •Festival de Recife (Mar/2000). •Festival de Cinema e Vídeo dos Estados Unidos/Chicago (Mar/2000).•Cannes Market – Mostra Paralela de Cinema, durante o Festival de Cannes/França (Mai/2000). •Gramado/RS: Première 2000 – Mostra  Especial de Documentários na Première Gramado 2000 (Ago/2000). •Mostra “Troféu Brasília 40 Anos” – Cine Brasília (Set/2000).•Festival do Rio BR 2000 (Out/2000).•24ª Mostra Internacional de Cinema de São Paulo (Out/2000).•53º Festival Internazionale del Cinema di Salerno, em 18 de novembro de 2000.•European Film Market – Mercado do Festival de Berlim (Fev/2001).•“Recontres Cinèmas d’Amérique Latine de Toulouse (Mar/2001).•3º Festival de Cinema Brasileiro de Paris (Mar/2001).•5º Festival de Cinema , Vídeo e Dcine de Curitiba (Mai/2001).•Mostra “Dias do Filme Brasileiro” do ICBRA – Instituto Cultural Brasil/Alemanha (Mai/2001).•Gold Panda Award for Documentary (Out/2001)•12º Festival de Cinema de Natal (Nov/2001).•1º Festival de Cine e Vídeo da Amazônia (Nov/2001)•Brazilian Film Festival, Estolcolmo, Suécia (Abril/2002) •Brazilian Film Festival, Helsinki, Finlândia (Abril/2002) ","“Excelência Criativa”, no Festival de Cinema e Vídeo de Chicago (Mar/2000).•Troféu Brasília 40 Anos – prêmio concedido pela Câmara Legislativa do Distrito Federal ao melhor longa produzido em Brasília (Set/2000).•Troféu “Coppa Festival del Cinema di Salerno, prêmio concedido pelo 53º Festival Internazionale di Salerno ao melhor documentário (Nov/2000).•Troféu “Boto de Ouro”  - Melhor Filme – Júris Oficial e Popular  - 1º   Festival de Cine-Vídeo da Amazônia, em Porto Velho,RO (Nov/2001).•Troféu “Estrela do Mar” – Melhor Filme e Melhor Montagem – 12º Festival de Cinema de Natal (Nov/2001).",2001-04-27,Longa-metragem
745,"Um canto de força, liberdade e poder (da série Oeste Paulista, do projeto Terra Paulista)",S&eacute;rgio Roizenblit,Brasil,2005,53,Cenpec,Foi exibido pelo Canal Futura em 2005.,Não informado,,Média-metragem
746,Seu pai já disse que isso não é brinquedo,Kiko Mollica,Brasil,2003,15,"Km 70 - Cultura, Arte e Comunicação",- 5º Festival Internacional TIM de Curtas-Metragens de Belo Horizonte (de 25 de setembro a 04 de outubro de 2003);- 13ª Mostra Curta Cinema do Rio de Janeiro (de 27 de novembro a 07 de dezembro de 2003);- 7ª Mostra de Cinema de Tiradentes – MG (de 23 a 31 de janeiro de 2004);- 4ª Goiânia Mostra Curtas (de 12 a 17 de outubro de 2004);- Mostra do Filme Livre 2005 (de 15 a 27 de fevereiro).,"- Roteiro premiado no concurso “Petrobrás Cinema 2002”- Filme eleito um dos dez favoritos do público e menção honrosa da Associação Brasileira dos Documentaristas (ABD) na 14ª edição do Festival Internacional de Curtas-Metragens de São Paulo (de 28 de agosto a 06 de setembro de 2003)- Filme eleito o melhor curta-metragem pela crítica e montagem premiada pelo júri oficial no CINE-PE Festival do Audiovisual de Recife (de 29 de abril a 05 de maio de 2004)- Filme eleito o melhor curta-metragem pelo júri oficial do 1º Festival de Belém do Cinema Brasileiro (de 07 a 13 de junho de 2004). A montagem e o som também foram premiados nesse festival- Prêmio de pesquisa de linguagem no 11º Vitória Cine Vídeo (de 01 a 06 de novembro de 2004)- Melhor Dcine no 8º Festival de Cinema, Vídeo e Dcine de Curitiba (de 06 a 11 de novembro de 2004)",,Curta-metragem
747,X Idéias,Paula Galacini,Brasil,2007,50,Cinema Animadores Ltda.,Não informado,Não informado,,Média-metragem
748,Dona Custódia,Adriana de Andrade,Brasil,2007,13,NOVA FILMES,40º FESTIVAL DE BRASÍLIA DO CINEMA BRASILEIRO - NOV.200715º FESTIVAL DE CINEMA E VIDEO DE CUIABÁ - MAIO 200812º BRAZILIAN FILM FESTIVAL OF MIAMI – JUNHO 2008,"- PRÊMIO ABCV 2007 - 40º FESTIVAL DE BRASÍLIA DO CINEMA BRASILEIRO - NOV.2007- PRÊMIO DE MELHOR ATOR E PREMIO ""DIRETORA REVELAÇÃO"" -15º FESTIVAL DE CINEMA E VIDEO DE CUIABÁ - MAIO 2008- PRÊMIO ESPECIAL DO JURI - 12º BRAZILIAN FILM FESTIVAL OF MIAMI – JUNHO 2008",,Curta-metragem
749,Diário de um novo mundo,PAULO NASCIMENTO,Brasil,2005,94,Panda Filmes e Accorde Filmes,Festival de Gramado 2005,Melhor RoteiroMelhor Filme Júri PopularPrêmio José Lewgoy Melhor Direção de Arte,,Longa-metragem
750,Canto de Cicatriz,La&iacute;s Chaffe,Brasil,2005,37,Atena Produções,"* 9º Festival de Cinema, Vídeo e Dcine de Curitiba (25 a 30 de Outubro de 2005). 37min* FAM 2006 – Florianópolis Audiovisual Mercosul (2 a 9 de junho/2006).18min* Muestra de Cine Documental la Imagen del Sur – Córdoba/Espanha (outubro/2006).37min* Festival de Cine Andalucía Solidaria – Espanha (dezembro/2006)* I Mostra Internacional de Curtas ""Os Diferentes Olhares do Mundo"" – Brasília (10 e 12 de outubro/2006). 18min(42 vídeos nacionais inscritos e 7 escolhidos pela Comissão de Seleção)* Festival Luso-Brasileiro de Curtas-Metragens de Sergipe (28 de abril a 06 de maio de 2007, em Aracaju/São Cristóvão/Estância)* Femina 2007 – Festival Internacional de Cinema Feminino / Rio de Janeiro (19 a 24 de junho de 2007, no Espaço Caixa Cultural.","* Prêmio Direitos Humanos no RS/2005 (UNESCO, Assembléia Legislativa do Estado do Rio Grande do Sul, Fundação Maurício Sirotsky Sobrinho).* Dois prêmios Galgo Alado no XIV Gramado Cine Vídeo (14 a 19 de agosto de 2006): melhor vídeo social e melhor vídeo independente brasileiro. Participaram da mostra competitiva independente 28 produções de nove estados brasileiros, selecionados entre 322 trabalhos inscritos.* Prêmio Destaque Feminino no Tudo sobre mulheres -  II Festival de Cinema Feminino de Chapada dos Guimarães (6 a 10 de setembro de 2006).* Menção honrosa na 33ª Jornada Internacional de Cinema da Bahia (de 8 a 15 de setembro 2006).* Menção especial do júri da Federação Internacional dos Cineclubistas no II Festival Internacional de ATIBAIA/SP, (9 a 13 de janeiro de 2007).",,Média-metragem
751,Animadores,Allan Sieber,Brasil,2008,6,Toscographics Desenhos Animados,Anima Mundi 2008Festival de Curtas de BH 2008Festival Internacional de Curtas-Metragens de São Paulo 2008,Eleito um dos dez favoritos do público no Festival Internacional de Curtas-Metragens de São Paulo - 2008,,Curta-metragem
752,Canto de cicatriz,La&iacute;s Chaffe,Brasil,2005,18,Atena Produções,"* 9º Festival de Cinema, Vídeo e Dcine de Curitiba (25 a 30 de Outubro de 2005). 37min* FAM 2006 – Florianópolis Audiovisual Mercosul (2 a 9 de junho/2006).18min* Muestra de Cine Documental la Imagen del Sur – Córdoba/Espanha (outubro/2006).37min* Festival de Cine Andalucía Solidaria – Espanha (dezembro/2006)* I Mostra Internacional de Curtas ""Os Diferentes Olhares do Mundo"" – Brasília (10 e 12 de outubro/2006). 18min(42 vídeos nacionais inscritos e 7 escolhidos pela Comissão de Seleção)* Festival Luso-Brasileiro de Curtas-Metragens de Sergipe (28 de abril a 06 de maio de 2007, em Aracaju/São Cristóvão/Estância)* Femina 2007 – Festival Internacional de Cinema Feminino / Rio de Janeiro (19 a 24 de junho de 2007, no Espaço Caixa Cultural.","* Prêmio Direitos Humanos no RS/2005 (UNESCO, Assembléia Legislativa do Estado do Rio Grande do Sul, Fundação Maurício Sirotsky Sobrinho).* Dois prêmios Galgo Alado no XIV Gramado Cine Vídeo (14 a 19 de agosto de 2006): melhor vídeo social e melhor vídeo independente brasileiro. Participaram da mostra competitiva independente 28 produções de nove estados brasileiros, selecionados entre 322 trabalhos inscritos.* Prêmio Destaque Feminino no Tudo sobre mulheres -  II Festival de Cinema Feminino de Chapada dos Guimarães (6 a 10 de setembro de 2006).* Menção honrosa na 33ª Jornada Internacional de Cinema da Bahia (de 8 a 15 de setembro 2006).* Menção especial do júri da Federação Internacional dos Cineclubistas no II Festival Internacional de ATIBAIA/SP, (9 a 13 de janeiro de 2007).",,Curta-metragem
753,Km 0,Marcos Guttmann,Brasil,2003,8,Solar Filmes,Festival de Cinema de Recife- 2003Festival Internacional de Curtas de S. Paulo – 2003Vitória Cinevideo – 2003Festival Internacional de Rotterdam (Holanda)– 2004Festival de Cinema de Ribeirão Preto 2004SeNEF – Online Film Festival (Coreia) – 2004Mise-en-scène Genre Film Festival (Coreia) - 2004Festival Internacional de Havana (Cuba) - 2004,Não informado,,Curta-metragem
754,Lapso,Marcos Guttmann,Brasil,1992,11,Solar Filmes,"Gramado, Brasilia, Bahia, Ceará, Rio-Cine, Locarno, Havana, Rotterdam",Melhor direção e Prêmio especial do Juri no Festival de Brasilia;Melhor Montagem na jornada de Cinema da Bahia,,Curta-metragem
755,Numa beira de estrada,Marcos Guttmann,Brasil,1991,13,Solar Filmes,"Brasilia, Locarno, Rotterdam, Havana",Não informado,,Curta-metragem
756,Steinberg,Roman Stulbach,Brasil,1970,12,RA Arte e Comunicação,Não informado,Não informado,,Curta-metragem
757,Aranhas tropicais,Andr&eacute; Francioli,Brasil,2006,20,Cinegrama Filmes,Não informado,Não informado,,Curta-metragem
758,Patativa,&Iacute;talo Maia,Brasil,2001,9,Acesso Produções Culturais,•XI CINE CEARÁ –FESTIVAL NACIONAL DE CINEMA E VÍDEOjunho/2001 – Fortaleza-Ce •12º FESTIVAL INTERNACIONAL DE CURTAS METRAGENS DE SP.23 a 30/agosto/2001  -  São  Paulo-SP•XXVIII JORNADA INTERNACIONAL DE CINEMA DA BAHIA12a 19/setembro/2001 – Salvador-Ba•FESTIVAL INTERNACIONAL DE GRANADA NA ESPANHA – OUTUBRO/2001 •I GOIÂNIA MOSTRA CURTAS -  OUTUBRO/2001•8ª VITÓRIA CINE VÍDEO- NOVEMBRO -2001•FESTIVAL INTERNACIONAL DE CURTAS NO RIO DE JANEIRO – 29/11/2001 A 9/12/2001•23 FESTIVAL INTERNACIONAL DEL NUEVO CINE LATINO AMERICANO EM HAVANA.•FESTIVAL DE CARACAS - FEVEREIRO/2002,•MELHOR FILME DE ANIMAÇÃO XII CINE CEARÁ - –FESTIVAL NACIONAL DE CINEMA E VÍDEO 29/maio a 4/junho/98 – Fortaleza-Ce•MELHOR FILME DE ANIMAÇÃO  XXVIII JORNADA INTERNACIONAL DE CINEMA DA BAHIA •TROFÉU JANGADA OFERECIDO PELA OCIC - ORGANIZAÇÃO CATÓLICA INTERNACIONAL DE CINEMA,,Curta-metragem
759,Humano mar,Juliana Loureiro,Brasil,2006,52,Abaeté Estudos Socioambientais,Exibições: Mostra Nacional de Vídeo Ecológico do Festival de Inverno de Bonito 2006; CineSul 2006; Mostra Internacional do Filme Etnográfico 2007; Fóruns Ambientais do Campo de Polvo 2007; FestCine Amazônia 2007; Mostra do Filme Ambiental e Etnográfico de Rio das Ostras 2007.,"Troféu “Serra da Bodoquena”, referente ao 1º lugar eleito por Júri Técnico na MOSTRA NACIONAL DE VÍDEO ECOLÓGICO do Festival de Inverno de Bonito 2006.",,Média-metragem
760,Cine Tapuia,Rosemberg Cariry,Brasil,2006,90,Cariri Produções Artísticas Ltda.,"O filme CINE TAPUIA teve o lançamento internacional no 13. Kolkata Film Festival de Calcutá – 2007. A estréia nacional foi na Mostra de Cinema de Tiradentes 2007. Participou ainda do 17. Cine Ceará – Festival Ibero-americano de Cinema e Vídeo (hors concurs) e do 4º. Festival de Cinema e Vídeo de Belém - 2007, onde ganhou o prêmio de Melhor filme do Júri popular. ","4º. Festival de Cinema e Vídeo de Belém - 2007,  prêmio de Melhor filme do Júri popular. ",,Longa-metragem
761,Juazeiro - A nova Jerusalém,Rosemberg Cariry,Brasil,2001,98,Cariri Produções Artísticas Ltda.,Não informado,Não informado,,Longa-metragem
762,Lua Cambara - as escadarias do palácio,Rosemberg Cariry,Brasil,2002,98,Cariri Produções Artísticas Ltda.,Não informado,Não informado,,Longa-metragem
763,O caldeirão da santa cruz do deserto,Rosemberg Cariry,Brasil,1985,73,Cariri Produções Artísticas Ltda.,Não informado,Não informado,,Longa-metragem
764,A saga do guerreiro alumioso,Rosemberg Cariry,Brasil,1993,78,Cariri Produções Artísticas ,Não informado,Não informado,,Longa-metragem
765,Passageiros da segunda classe,Luiz Eduardo Jorge,Brasil,2001,21,Asa Cinema e Vídeo,É tudo verdade; 34º festival de Cinema de Brasilia do Cinema Brasileiro; Garnicê; Festival de Cinema de Cuiabá; ,Melhor filme - 34º Festival de Brasilia do Cinema Brasileiro; Melhor Filme GNT (três prêmios); Melhor Filme III Fica; Melhor Filme festival Latinoamericano de cinema e video,2001-04-19,Curta-metragem
1125,Alguma coisa assim,Esmir Filho,Brasil,2006,15,Ioio Filmes,"FESTIVAIS INTERNACIONAIS•Festival de Cannes 2006 – Semana Internacional da Crítica, França, 2006.•51o Festival de Cork, Irlanda, 2006.•15o Festival de Biarritz, de Cinemas e Culturas da América Latina, França, 2006.•47o Festival Internacional de Cinema de Thessaloniki, Grécia, 2006.•11o Festival Internacional de Cinema de Los Angeles, EUA, 2006.•36o Festival Internacional de Cinema de Kiev, Ucrânia, 2006.•51o Festival de Cinema de Cork, Irlanda, 2006.•10o Festival LusoBrasileiro de Santa Maria da Feira, Portugal, 2006.•16o Festival Internacional de Cinema DaKino, Romênia, 2006.•32o Festival de Cinema Iberoamericano de Huelva, Espanha, 2006. •2o Festival del Sol – Festival Internacional de Cinema Gay e Lésbico das Ilhas Canárias, Espanha, 2007.•Festival Internacional de Cinema de Miami, EUA, 2007. •21o Festival Lésbico e Gay de Londres, Inglaterra, 2007.•19o Rencontres Cinemas D’Amerique Latine de Tolouse, França, 2007.•14th   Festival Latino de Filme de São Diego, EUA, 2007.• Festival de Filme Internacional Kino Pavasaris, Lituania, 2007.•Semana Internacional de curta metragens de São Roque, Espanha, 2007.•Festival Dakino de Filme Internacional, Romenia, 2007.•Festival do Filme Latino Americano, Holanda, 2007.•19o Festival do Filme Dresden, Alemanha, 2007.•Festival do Curta de Bruxelas, Bélgica, 2007.FESTIVAIS NACIONAIS•34º Festival de Cinema de Gramado – Cinema Brasileiro e Latino, 2006.•30a Mostra Internacional de Cinema de São Paulo, 2006.•17º Festival Internacional de Curtas Metragens de São Paulo, 2006.•4o Curta Santos – Festival Santista de Curtas Metragens, 2006.•14o Festival MIX Brasil, 2006.•8a Mostra Londrina de Cinema, 2006.•1o Prêmio Itamaraty para o Cinema Brasileiro, 2006.•13o Vitória Cine Video, 2006. •CurtaCinema - Festival Internacional de Curtas do Rio de Janeiro, 2006.•2o Festival de Atibaia Internacional do Audiovisual, 2007.•10a  Mostra de Cinema de Tiradentes, 2007.•4o Festival de Cinema de Campo Grande, 2007.•32o Curta nas Telas, 2007.•Festival Luso-Brasileiro de Curtas Metragens de Sergipe, 2007.","•“PRIX GRAND CRU” – prêmio de melhor roteiro para curta-metragem no FESTIVAL DE CANNES 2006 – Semana Internacional da Crítica.•Melhor Filme, Melhor Direção e Melhor Atriz (Caroline Abras) no 34º. Festival de Cinema de Gramado – Cinema Brasileiro e Latino, 2006.•Melhor Curta Metragem no 15o Festival de Biarritz, de Cinemas e Culturas da América Latina, França, 2006.•Melhor Filme no júri popular no 36° Festival Internacional de Cinema de Kiev, Ucrânia, 2006.•I Prêmio Itamaraty para o melhor curta-metragem brasileiro do ano, 2006.•Prêmio Especial do júri no 32o Festival de Cinema Iberoamericano de Huelva, Espanha, 2006.•Melhor Direção no 4o. Curta Santos – Festival Santista de Curtas Metragens, 2006.•Melhor atriz no Festival de Santa Maria da Feira, Porugal, 2006•Prémio Porta Curtas, por votação do público, no 17º Festival Internacional de Curtas de São Paulo, 2006•Melhor Curta de Ficção e Melhor Atriz no FAM 2007 – Festival Audiovisual Mescosul•Melhor Ator no 6º Santa Maria Vídeo e Cinema 2007•Melhor Curta Metragem no 23º Festival de Torino , Itália, 2008",,Curta-metragem
1181,Uma Camélia Vermelha,Bob Barbosa,Brasil,2009,17,Bob Barbosa Produções Artísticas Ltda,Não informado,Não informado,,Curta-metragem
766,Foliar Brasil,Carolina Paiva,Brasil,2006,98,Flora Filmes e Videos Produções Artísticas LTDA Me,"1.Abriu a XXXIII Jornada de Cinema da Bahia - Setembro 2006 2.Convidado III Amazonas Film Festival - Novembro 2006 3.Convidado Projeto Verão, praia de Atalaia, Aracaju; SE – Fevereiro 2007 4.Competitiva Festival Latino do Chile – Março 2007 5.Longa Convidado Festival Luso Brasileiro Curta-SE – Maio 2007 6.Competitiva Festival de Cinema de Belém, Pará – Julho 20077.Longa Convidado Curta de Cabo Frio, RJ – Setembro 20078.Longa Convidado 5* Curta Santos, SP –  Setembro 2007",Não informado,,Longa-metragem
767,Césio 137 - O Brilho da Morte,Luiz Eduardo Jorge,Brasil,2003,25,UCG/IGPA,"Festival de Cinema e Vídeo Ambiental; Catarina Festival de Documentários, ",Melhor Filme - Catarina festival de documentáriosPrêmo de Incentivo a Produção Goiana - Melhor filme,,Curta-metragem
768,"Bubula, o cara vermelha",Luiz Eduardo Jorge,Brasil,1999,29,IGPA/UCG,Iº Fica; 12 Festival de Curtas Metragens de São Paulo; Festival Internacional de Curtas Metragens de Clermont-Ferrand; XXVI Jornada Internacioanl de Cinema e Vídeo da Bahia; 10º Festival Internacional de Cinema da Austrália; 23º Festival de Brasilia do Cinema Brasíleiro; Festival de Gramado (Latinoamericano);,Meljhor filme Iº FICA Premio Jangada OCICMeljor 12 filme festival de curtas metragens de São PauloMarco Antonio Guimarães - 23º festival de Brasília do Cinema BrasileiroEspecial do Juri 23º Festival de Brasília do Cinema Brasileiro,1999-06-09,Curta-metragem
769,"Kraho, os filhos da terra",Luiz Eduardo Jorge,Brasil,1993,52,Kapei / CAI/IBRACE,Iº festival de Cinema e Video de Povos Indígenas - San Sebastian - 1993Iº FICA - 1999,Melhor Video Festival de Cinema e Video de Povos Indigenas - San Sebastian,,Média-metragem
770,Antecipando o absurdo,Luiz Eduardo Jorge,Brasil,2001,6,Etinia Produções Cinematograficas ,13º VIDEOBRASIL - Festival Internacional de Arte Eletrônica,Menção Honrosa - 13º VIDEOBRASIL,,Curta-metragem
771,Subpapéis,Luiz Eduardo Jorge,Brasil,2007,18,Produção Independente,10º FICA ,Melhor Roteiro - 3º FESTCINE GOIÂNIAMelhor Produção Goiana - Prêmio José Petrillo - 10º FICAMelhor Filme Ambiental - ABD-GO - 10º FICA,,Curta-metragem
772,TODA BRISA,André Carvalheira,Brasil,2003,7,Karibu Cinema,"VI FIC Brasília - Festival Internacional de Cinema de Brasília, 200415º Festival Internacional de Curtas Metragens de São Paulo, 2004XXXI Jornada Internacional de Cinema da Bahia, Salvador, 20044a Goiânia Mostra Curtas, 2004Festival de Cine Independiente de Barcelona - L’Alternativa, 2004L’Enana Marrón, sala de cine independiente – Panorama Internacional de Cine Independiente, Madrid, 2005Mostra do Filme Livre, Rio de Janeiro, 2005Mostra “O Novo Cinema Brasiliense”, CCBB, Brasília, 2005Mostra Ex-alunos – 10o Festival Brasileiro de Cinema Universitário, Niterói, 2005","Mostra Brasília – 36o Festival de Brasília do Cinema Brasileiro, 2004 (Prêmio de melhor curta-metragem 35mm do Distrito Federal)",,Curta-metragem
773,A corrente,Marcelo Toledo,Brasil,1999,13,Cinegrama Filmes,Não informado,Não informado,,Curta-metragem
774,Vício,Jorge Guedes,Brasil,1999,4,Cinegrama Filmes,Não informado,Não informado,,Curta-metragem
775,Todas as mulheres do mundo,Domingos Oliveira,Brasil,1967,92,D.O. Produções Cinematográficas Ltda.,Não informado,Não informado,,Longa-metragem
776,Leila para sempre Diniz,Mariza Le&atilde;o e S&eacute;rgio Rezende,Brasil,1976,9,Alter Filmes e Cinemateca do MAM,Não informado,Não informado,,Curta-metragem
777,O dragão da maldade contra o santo guerreiro,Glauber Rocha,Brasil,1969,99,Mapa Filmes,Não informado,"Melhor Direção, Prêmio da FIPRESCI; Prêmio Luis Buñuel; Prêmio da Confederação Internacional de Cinema de Arte e Ensaio - XXI Festival de Cannes/1969; Primeiro Prêmio - Festival de Cinema de Plovaine, Bélgica; Troféu Coruja de Ouro - Prêmio Adicional de Qualidade - INC/1969, Brasil; Prêmio do Público - Semana Internacional de Cinema de Autor em Banalmadena, Espanha/1969",1969-06-09,Longa-metragem
778,Sábado,Ugo giorgetti,Brasil,1994,85,Iguana Filmes,"Premiado pela APCA-Associação paulista dos Críticos de Arte-1984    -Melhor Diretor - Melhor Roteiro - Melhor Ator Convidado para abertura da Mostra Internacional do Banco Nacional de 1994Mostra em Tübingen, Berlim e Monique organizada pela sociedade Cultural Brasil- Alemanha.",Não informado,,Longa-metragem
779,"Iracema, uma transa amazônica",Jorge Bodanzky e Orlando Senna,Brasil,1975,95,Jorge Robarto Bodanzky,Não informado,Não informado,,Longa-metragem
780,Balada das duas mocinhas de Botafogo,Fernando Valle e Jo&atilde;o Caetano,Brasil,2006,14,Mixer,"- Primeiro lugar na segunda edição do AXN Film Festival (2007).- Prêmio ABC (Associação Brasileira de Cinematografia) 2007-Melhor Fotografia de Curta Metragem.- Seleção Oficial para o International Competition do festival Santiago de Compostela, na Espanha.- Seleção 11º Brasilian Film Festival of Miami 2007 -  Prêmio de Melhor Fotografia de Curta Metragem – Best Cinematografhy-Short Film.- Seleção 5th International Festival Signes de Nuit, Paris 2007.-Seleção Mecal - 10º Festival Internacional de Cortometrajes de Barcelona 2007.- Melhor Trilha, Melhor Atriz, Melhor Direção e Melhor Filme no festival Primeiro Plano, em Juiz de Fora 2007.- Seleção Festival Internacional de São Paulo (2006). Prêmio de melhor filme pela escolha do Público e prêmio Unibanco de melhor filme    - Seleção Festival do Rio (2006)-Prêmio porta curtas de melhor filme.- Seleção 6º Goiania Mostra Curtas (2006)- Prêmio porta curtas de melhor filme.- Seleção Festival Cine e Vídeo de Vitória(2006)- Prêmio da critica de Melhor Filme.- Seleção Festival de Londrina (2006).- Seleção Festival de Brasília 2006.- Seleção Festival Mix Brasil 2006.- Selecção Oficial para o Reeling 2007: The 26th Chicago Lesbian and Gay International Film Festival.- Mostra Curta Pará Cine Brasil 2007.","- Primeiro lugar na segunda edição do AXN Film Festival (2007).- Prêmio ABC (Associação Brasileira de Cinematografia) 2007-Melhor Fotografia de Curta Metragem.- Seleção Oficial para o International Competition do festival Santiago de Compostela, na Espanha.- Seleção 11º Brasilian Film Festival of Miami 2007 -  Prêmio de Melhor Fotografia de Curta Metragem – Best Cinematografhy-Short Film.- Seleção 5th International Festival Signes de Nuit, Paris 2007.-Seleção Mecal - 10º Festival Internacional de Cortometrajes de Barcelona 2007.- Melhor Trilha, Melhor Atriz, Melhor Direção e Melhor Filme no festival Primeiro Plano, em Juiz de Fora 2007.- Seleção Festival Internacional de São Paulo (2006). Prêmio de melhor filme pela escolha do Público e prêmio Unibanco de melhor filme    - Seleção Festival do Rio (2006)-Prêmio porta curtas de melhor filme.- Seleção 6º Goiania Mostra Curtas (2006)- Prêmio porta curtas de melhor filme.- Seleção Festival Cine e Vídeo de Vitória(2006)- Prêmio da critica de Melhor Filme.- Seleção Festival de Londrina (2006).- Seleção Festival de Brasília 2006.- Seleção Festival Mix Brasil 2006.- Selecção Oficial para o Reeling 2007: The 26th Chicago Lesbian and Gay International Film Festival.- Mostra Curta Pará Cine Brasil 2007.",,Curta-metragem
781,Terra em transe,Glauber Rocha,Brasil,1967,107,Mapa Filmes e Difilm,Não informado,"Prêmio da FIPRESCI (Federação Internacional de Imprensa Cinematográfica) e Prêmio Luis Bunuel no XX Festival Internacional do Filme, em Cannes/1967; Golfinho de Ouro para Melhor Filme - Rio de Janeiro/1967; Coruja de Ouro para melhor ator coadjuvante (José Lewgoy) Rio de Janeiro/1967; Prêmio Air France de Cinema para melhor filme e melhor diretor - Rio de Janeiro, 1967; Prêmio da Crítica, Grande Prêmio Cinema e Juventude - Locarno, Itália; Prêmio da Crítica (Melhor Filme) - Havana, Cuba; Melhor Filme, Menção Honrosa (Melhor Roteiro), Melhor Ator Coadjuvante (Modesto de Sousa), Prêmio Especial a Luiz Carlos Barreto (pela fotografia e produção) - Juiz de Fora (MG);",2005-05-20,Longa-metragem
782,PÁTIO,Glauber Rocha,Brasil,1959,11,-,Não informado,Não informado,,Curta-metragem
783,A pessoa é para o que nasce,Roberto Berliner,Brasil,1998,6,TvZERO,"No Brasil: Projeto Curta nas Telas - Prefeitura de Porto Alegre - (exibido durante duas semanas) - 1999 Mostra Usina Brasil - Espaço Unibanco Savassi e Usina Unibanco de Cinema - Porto Alegre - 1999 Festival Nacional de Cinema de Recife - 1999 Festival Internacional de Gramado - 1999 Festival do Filme Documentário e Etnográfico de Belo Horizonte - 1999 Festival de Cinema e Vídeo de Cuiabá - 1999 Festival Internacional de Cinema e Vídeo Ambiental - Goiânia - 1999 Vitória Cine e Vídeo - 1999 Curtas no Estação – Exibido com outros dois Curtas – Rio de Janeiro - 1999 Mostra Internacional do Filme Etnográfico - Rio de Janeiro - 1999 XXVI Jornada Internacional de Cinema da Bahia - 1999 Festival de Cinema de Tiradentes - (mostra em Homenagem ao Diretor Roberto Berliner com apresentação de diversos trabalhos) - Tiradentes – 1999II Festival Internacional de Cinema da Amazônia - Festival Fluvial - 1999 Festival do Rio - 1999 Festival Internacional de Documentários ""É Tudo Verdade"" - Rio e São Paulo -1999 Festival Internacional de Curtas Metragens de São Paulo - 1999 Mostra Curta Cinema / CCBB - Rio de Janeiro – 1999 Sala de Cinema - P.F Gastal (três semanas em cartaz - antes de ""Nós Que Aqui Estamos Por Vós Esperamos"" - Novembro / Dezembro – 1999 Curta o Rio – Espaço Unibanco SP e Instituto Moreira Salles, Rio - 2000Projeto Curta às Seis - Espaço Unibanco de Cinema - São Paulo (exibido com outros curtas premiados por duas semanas) - 2000 Festival de Cinema e Vídeo de Curitiba - 2000 Projeto Cinema nas Ruas – Campina Grande - (exibido junto com filmes paraibanos) - 2000 III Festival Latino Americano Campo Grande – 2002No Exterior: IDFA - International Documentary Festival of Amsterdam - Holanda - 1999 Shorts International Film Festival - Nova Iorque - EUA - 1999 Festival de Cinema Luso-Brasileiro - Santa Maria da Feira - Portugal - 1999Festival Internacional del Nuevo Cine Latino Americano - Havana – Cuba - 1999 Festival Internacional de Cine Documental y Cortometrage de Bilbao - Espanha - 1999 Festival de Cinema de Toulouse - França - 1999 Mostra ""Betraying Amnesia: Latin American Video Portraiture"" - Exibida no Center for Photography , Woodstock e na Society for Cinema Studies Conference em Chicago - 1999 San Antonio Cinefestival - EUA - 2000 San Francisco International Film Festival - EUA – 2000International Film Festival Rotterdam - Convidado (não pode ir pois não era inédito na Holanda) - 2000 Toronto International Film Festival - Canadá - 2000 Taiwan International Documentary Festival - 2000 United Nations Association Film Festival - Stanford Univesity - Califórnia - EUA - 2000 Festival de Lussas - França - 2000 – Convidado Festival Internacional du Film Vídeo de Gaillard - França - 2000. JVC Tokyo Vídeo Festival - 1999. New York Film Festival - 2000 Festival Internacional de Cinema de Biarritz – França – 2000 – (Filme indicado pelo Consulado francês no Rio de Janeiro) Incluído em 2000 como parte do Catálogo permanente do Video Data Bank, que se tornou nosso distribuidor nos EUA, sem exclusividade. Este banco de imagem atende ao circuito Universitário americano, ligado à School of The Art Institute, de Chicago - EUA Segundo Goiânia Mostra Curta - 2002Programa Imagens Brasil Telecom – 2002JVC Tokyo Vídeo Festival - 2003.","Melhor Filme Latino AmericanoFestival Internacional de Bilbao / Espanha - 99Melhor Documentário BrasileiroFestival de documentários ""É Tudo Verdade"" / São Paulo, Brasil - 99Melhor Curta Metragem BrasileiroFestival do Rio / 99Júri Popular e Prêmio Especial do Júri para Curta MetragemFestival de Recife / Brasil -99Certificado de Mérito – Categoria Curta DocumentárioSan Francisco International Film Festival –2000Melhor Vídeo Documentário  - III Festival Latino Americano Campo Grande – 2002Melhor Direção de Documentário  - III Festival Latino Americano Campo Grande – 2002Honra ao mérito – JVC Tokyo Vídeo Festival – 2003",,Curta-metragem
784,Esta noite encarnarei no teu cadáver,Jos&eacute; Mojica Marins,Brasil,1967,107,Ibéria Filmes,Não informado,Não informado,1967-03-13,Longa-metragem
795,Marcelo Zona Sul,Xavier de Oliveira,Brasil,1970,104,LESTEPE PRODUÇÕES CINEMATOGRÁFICAS LTDA,"Festival Internacional de San Sebastian, Espanha - 1970","- “Placa de Prata” no Festival Internacional de San Sebastian, Espanha - 1970.- “Prêmio de Qualidade” dado pelo Instituto Nacional do Cinema - INC - aos melhores do ano - 1970.",1970-02-11,Longa-metragem
786,Uma nação de gente,Margarita Hern&aacute;ndez e Tibico Brasil,Brasil,1999,17,Bucanero Filmes,Não informado,"Prêmio á Melhor Produção Cearense, Melhor Edição,Melhor Trilha sonora no IX Cine Ceará, junho 1999Prêmio Espaço Unibanco na X Mostra Internacional de Curta metragem de São Paulo, outubro de 1999 Tatu de ouro ao Melhor documentário na XXII Jornada Internacional da Bahia, setembro e 1999.Melhor documentário no VII Festival de cinema e vídeo de Cuiabá, Matogrosso, outubro de 1999. Melhor filme 16 mm  do XXXII Festival de Brasília do Cinema Brasileiro, novembro , 1999  India Catalina de Oro ao melhor curta metragem no gênero documentário no XXXX Festival Internacional de Cine de Cartagena, Colombia, março 2000.Melhor trilha sonora original no   Festival de Recife, abril 2000Melhor Documentário do XXIII  Festival Guarnicê de Cine -Vídeo de Maranhão, junho de 2000 Melhor Filme segundo o júri técnico do XXIII Festival Guarnicê de Cine – Vídeo de Maranhão, junho de 2000Prêmio Unesco ao Melhor Filme Nacional do  XXIII Festival Guarnicê de Cine – Vídeo de Maranhão, junho de 2000Melhor Montagem do  XXIII Festival Guarnicê de Cine – Vídeo de Maranhão, junho de 2000",,Curta-metragem
787,O corintiano,Milton Amaral,Brasil,1966,100,PRODUTORA E DISTRIB DE FILMES CINEMATOGRÁFICOS PAM FILMES LTDA,Não informado,Não informado,,Longa-metragem
788,A mulher do atirador de facas,Nilson Villas Boas,Brasil,1988,10,Cinematográfica Superfilmes,"Melhor Curta de Ficção no Festival de Havana.Melhor Direção, Atriz e Música no Festival de Gramado.Melhor Filme e Roteiro na Jornada do Maranhão.Melhor Cenografia no Rio Cie Festival.",Não informado,,Curta-metragem
789,A garota das telas,Cao Hamburger,Brasil,1988,15,Cinematográfica Superfilmes,"Melhor Curta (Júri Oficial e Popular), Montagem e Música no Festival de BrasíliaFestival de HavanaFest RioFestival de BrasíliaFestival de Gramado",Não informado,,Curta-metragem
790,Greve!,Jo&atilde;o Batista de Andrade,Brasil,1979,37,Raiz Produções Cinematográficas,Não informado,Não informado,,Média-metragem
791,Migrantes,Jo&atilde;o Batista de Andrade,Brasil,1972,7,RAIZ PRODUÇÕES CINEMATOGRÁFICAS,Não informado,"Prêmio ""Universidade Federal da Bahia"" como melhor filme em 16mm na Jornada Nordestina de curta-metragem em 1973.",,Curta-metragem
792,Os anos JK - uma trajetória política,Silvio Tendler,Brasil,1980,110,Caliban Produções Cinematográficas Ltda,Não informado,Não informado,,Longa-metragem
793,Calango!,Al&ecirc; Camargo,Brasil,2007,7,OZI Escola de Audiovisual de Brasília,"Cine Ceará 2007, Mostra de Cinema Infantil de Florianópolis 2007, Festival Internacional de Curtas Metragens de São Paulo 2007, Granimado 2007, Animadrid 2007, Curta Santos 2007, Festival de Cinema Independent de Barcelona 2007, Festival Internacional de Curtas do Rio de Janeiro - Curta Cinema 2007, Festival Internacional del Nuevo Cine Latinoamericano 2007, Fest Cine Amazônia 2007, Curta Cinema 2007, Mostra Cinema Conquista 2007.","AnimaMundi 2007 (Melhor Animação em Curso Internacional 3º Lugar, Prêmio Especial - Melhor Animação em Curso Brasileira), Mostra Mosca 2007 (Melhor Animação - 1º Lugar), Festival Nacional Cortometrajes Cusco 2007 (Melhor Animação).",,Curta-metragem
794,Rua das tulipas,Al&ecirc; Camargo,Brasil,2007,10,OZI Escola de Audiovisual de Brasília,5º Festival de Cinema de Campo Grande 2008 / Festival Internacional de Cine en Guadalajara 2008 / SIGGRAPH 2008 / AnimaMundi 2008 / Cine Sul 2008 / Mostra de Cinema Infantil de Florianópolis 2008 / Curta Cabo Frio 2008 / Sapporo Film Festival 2008 / Festival Internacional Cinematográfico El Ojo Cojo 2008 / CINEMAISSI 2008 - Finlândia.,"Curta SE 2008 (Melhor Vídeo, Melhor Vídeo de Animação e Prêmios Espcial do Festival de Atibaia) / Festival Guarnicê 2008 (Melhor Trilha Original) / Stoke Your Fires 2008 - Inglaterra (Best Student Film) / Mostra Mosca 2008 (Melhor Animação).",,Curta-metragem
796,Noel por Noel,Rog&eacute;rio Sganzerla,Brasil,1981,10,Rogério Sganzerla Produções Cinematográficas,Não informado,Não informado,,Curta-metragem
797,Mãos de vento e olhos de dentro,SUSANNA LIRA,Brasil,2008,14,Modo Operante Produções Culturais Ltda,1.FEMINA FESTIVAL JUNHO 20082. FAM 20083. 7ª MOSTRA INTERNACIONAL DE CINEMA INFANTIL 20084.GRAMADO CINE VÍDEO5. FICI 20086. FATU 2008 7. ACEITA CULTURAL8. IV CURTA CANOA QUEBRADA9. GOIÂNIA MOSTRA CURTAS (Melhor filme)10. FESTIVAL DE TRÊS RIOS11. FESTIVAL DE TERESÓPOLIS12. LOS ANGELES CHILDREN´S FILM FESTIVAL13. MOSTRA DE CINEMA DE OURINHOS-SP,Melhor Filme na Mostrinha do Goiânia Mostra Curtas 2008.,2008-06-01,Curta-metragem
798,As coisas que moram nas coisas,Bel Bechara e Sandro Serpa,Brasil,2006,14,Macondo Filmes,Não informado,&#61607;Projeto vencedor do Edital “Curta Criança” – Minc &#61607;Prêmio Portacurtas – Festival de Curtas de São Paulo 2006&#61607;Prêmio Especial do Júri – Festival de Maringá 2007&#61607;Melhor Filme – Júri Popular – Mostrinha – Goiânia Mostra Curtas 2007&#61607;Prêmio Ruy Guerra – Júri Popular – Festival de Cinema de Curitiba - 2007,,Curta-metragem
799,O vento,Pedro Pazelli,Brasil,2007,4,Prodarte,Festival Ambiental da Película - Flórida - Estados Unidos;Festival Sabbis-Garibaldi-RS-2007;Mostra Baixada Animada -2007;Festival Videvídeo da UFRJ – 2007;6ª Mostra do Cinema Infantil de Florianópolis 2007;Animaserra 2007; MUMIA- Mostra Udigrudi Mundial de Animação-2007;Festival de Juiz de Fora -2007; Curta á Tarde – Centro Cultural da Justiça Federal-2008;  ,Festival Sabbis-Garibaldi-RS-1º lugar (juri popular);Animaserra 2007 -3º lugar;,,Curta-metragem
800,Loucos de futebol,Halder Gomes,Brasil,2007,22,ATC Entretenimentos,"* Seleção Oficial em competição - Amazonas Film Festival,  (AM/Brasil); * Seleção Oficial em competição - Mostra Tiradentes de Cinema, 2008 (MG/Brasil);           * Seleção Oficial em Competição - Mostra do Filme Livre do Rio 2008 - (RJ/Brasil)                                                                           * Seleção Oficial em Competição - Dawson City International Film Festival 2008, (Canadá); * Seleção Oficial em competição  - Corto In Bra Int. Film Festival 2008, (Itália);* Seleção  Oficial em competição - Latin American Film Festival Utrecht, 2008, (Holanda);* Seleção Oficial em competição - International Film Fest in The Palace, 2008, (Bulgária);* Seleção Oficial em competição Cinesul - Festival Íbero-Americano de Cinema e Vídeo, 2008, (SP/Brasil);* Melhor Documentário Júri Oficial / Melhor Documentário Júri ABD (Assoc. Bras. Documentaristas) / Melhor Documentário Júri Especial - Festival Guarnicê de Cinema, 2008, (MA/Brasil);* Exibição Hours Concours - Cine Ceará, Festival Íbero-Americano de Cinema e Vídeo, 2008, (CE/Brasil);* Seleção Oficial em competição  - Yerevan Int. Film Festival, 2008, (Armênia);* Melhor Documentário – Montecatini International Short Film Festival, 2008, (Itália);* Exibição especial – Panorama Recife de Documentários, 2008; (PE/Brasil);* Mostra Itinerante Cine Ceará, 2008; (CE/Brasil)* Seleção Oficial em competição – Stolac International Short Film Festival, 2008 (Bósnia – Herzegovina);* Seleção Oficial em competição – Magma Mostra di Cinema Breve, 2008 (Itália);* Seleção Oficial Video Festival Cittá Imperia, 2008 (Itália);* Seleção Oficial em competição – Gramado Cine Vídeo, 2008 (RS/Brasil);* Seleção Oficial Mostra de Filmes Etnográficos de Rio das Ostras, 2008 (RJ/Brasil);* Seleção Oficial Festival Latino Americano de Curtas-Metragens de Canoa Quebrada, 2008 (CE/Brasil);* Seleção Oficial Mostra Paulista de Filmes Nordestinos, 2008 (SP/Brasil);* Seleção Oficial em competição Goiânia Mostra Curtas, 2008 (GO/Brasil);* Seleção Oficial em competição Toronto Brazilian Film Festival, 2008 (Canadá);* Seleção Oficial em competição Interfilm Berlin, 2008 (Alemanha);* Seleção Oficial em competição Mostra Campinas de Curtas 2008 (Brasil);* Seleção Oficial 21st Weisbaden Exground Film Fest, 2008 (Alemanha);* Seleção Oficial em competição Short Cuts Cologne, 2008 (Alemanha);* Seleção Oficial em competição Araribóia Cine, 2008 (RJ/Brasil);* Seleção Oficial em competição Mostra Internacional do Filme Etnográfico, 2008 (RJ/Brasil);* Prêmio Cidade de Évora Melhor Filme de Língua Portuguesa - FIKE – Festival Internacional de Curtas de Évora, 2008 (Portugal);* Seleção Oficial em competição Festival de Palmas Chico 2008 (TO/Brasil);* Seleção Oficial em competição Festcine Teresina 2008 (PI/Brasil);* Seleção Oficial Festcine Amazônia Mostra de Cinema Ambiental 2008 (AM/Brasil);* Mostra Itinerante Guarnicê 2008 (MA/Brasil); * Seleção Oficial em competição Psarokokalo International Film Festival 2009 (Grécia) ","* Roteiro 1o. colocado no IV Edital Ceará de Cinema e Vídeo*Melhor Documentário Júri Oficial / Melhor Documentário Júri ABD / Melhor Documentário Júri Especial -  Festival Guarnicê de Cinema 2008 - São Luís, Maranhão* Melhor Documentário Montecatini International Film Festival 2008 - Montecatini, Itália* Melhor Filme de Língua Portuguesa - FIKE Festival Internacional de Évora 2008 - Évora, Portugal",,Curta-metragem
801,Casa de cachorro,Thiago Villas Boas,Brasil,2001,26,Não informado,Não informado,Melhor Filme - México International Film SchoolMelhor Curta-Metragem - É Tudo verdade,,Curta-metragem
802,A ordem dos penitentes,Petrus Cariry,Brasil,2002,20,Iluminura Filmes,Não informado,Melhor Produção Cearense - Festival  Cine Ceará 2002Prêmio Especial do Júri - É Tudo Verdade 2003Menção Honrosa - Cine-Vídeo Gramado 2003,,Curta-metragem
803,Gilda e Gilberto,&Eacute;rica Valle,Brasil,2003,8,Universidade Federal de São Carlos,"Anima Mundi 2003, Goiania Mostra Curtas 2003, Vide Vídeo 2003, Video Festival São Carlos 2003, II Festival de Cinema de Ribeirão Preto","Melhor Direção de Arte e melhor Direção de Fotografia no II Festival de Cinema de Ribeirão Preto, melhor Animação pelo Juri Técnico e pelo Juri Popular no Vide Vídeo 2003, melhor Ficção pelo Juri Popular e melhor vídeo pelo Juri Técnico no Video Festival São Carlos 2003.",,Curta-metragem
804,A hora vagabunda,Rafael Conde,Brasil,1998,16,Filmegraph ltda,"Vila do Conde, PortugalClermond Ferrand, etc.","Um dos 10 mais votados pelo público; Prêmio aquisição Canal  Brasil e Estação Unibanco de Cinema no 9º Festival Internacional de Curtas Metragens de São Paulo, 1998.Prêmio da Crítica de Melhor FilmePrêmio de Melhor Ator (André Brasil) – Júri Oficialno XXXI Festival de Brasília do Cinema Brasileiro, 1998.Menção Honrosa do Júri Oficialno 2º Encontro de Cinema Luso-Brasileiro de Santa Maria da Feira – Portugal, 1998.Melhor Curta – Ficçãono III Festival de Cinema do Recife, 1999.Prêmio de Melhor Filme pelo Júri Popularno 22o Festival Guarnicê de Cine-Vídeo do Maranhão, 1999.Prêmio Especial ABDeC RJI Festival Internacional do Rio, 1999. ",,Curta-metragem
805,Brasil,Rog&eacute;rio Sganzerla,Brasil,1981,13,Rogério Sganzerla Produções Cinematográficas,Não informado,"melhor Montagem, Festival de Brasília",,Curta-metragem
806,Marimbás,Vladimir Herzog,Brasil,1963,11,Não informado,Não informado,Não informado,,Curta-metragem
807,Na pista do apito,Daniel Chaia,Brasil,2008,13,Cinegrama Filmes Ltda,Não informado,Não informado,,Curta-metragem
808,"Boleiros, era uma vez o futebol",Ugo giorgetti,Brasil,1998,97,SP Filmes de São Paulo Ltda,Festival internacional de Amiens- França- 1998Associação  Paulista de Criticos de Arte,Melhor Diretor (Amiens)Melhor Diretor(APCA),,Longa-metragem
809,Onde São Paulo acaba,Andr&eacute;a Seligmann,Brasil,1995,12,Cinematográfica Superfilmes,"Prêmio Estímulo 1993 - Secretaria de Estado da CulturaMelhor Filme Curta-Metragem (Crítica) e Melhor Som no Festival de Brasília/95Melhor Argumento no Festival de Cuiabá/95Melhor Filme, Trilha Sonora e Direção no Festival de Curitiba/97Festival de Havana/95, Rotterdam/96, Barcelona/96, Fribourg/96, St. Petersburg/96, Chicago Latino Festival/96, Mediawave-Hungary/96, Philadelpia/96, Melbourne/96, Jerusalem/96, San Francisco-Cine Latino/96, Cork/96, Santiago/96, San Jose/97.",..,,Curta-metragem
810,A peste da Janice,Rafael Figueiredo,Brasil,2007,15,Casanova Filmes," “A Peste da Janice”, direção de Rafael Figueiredo, produzido com o apoio do FUMPROARTE, “A Peste da Janice” ( Melhor direção, fotografia e montagem na Mostra Gaúcha do Festival de Gramado; melhor direção na Jornada Internacional de Cinema da Bahia e no Festival de Cine Iberoamericano de Huelva/ Espanha; menção honrosa e Prêmio Porta Curtas no Curta Cinema – Festival Internacional de Curtas-metragens do Rio de Janeiro; menção especial no Festival de Cartagena – Colômbia; melhor atriz no Festival de Atibaia e no Curta-SE – Aracaju)    ",Não informado,,Curta-metragem
811,Morte.,Jos&eacute; Roberto Torero,Brasil,2002,14,Cinematográfica Superfilmes,12º Mostra Curta Cinema (Brasil/2002)Festival do Rio BR (Brasil/2002)Toronto Latino Film & Vídeo Festival (2002)35º Festival de Brasília do Cinema Brasileiro (Brasil/2002)9º Festival Vitória Cine Vídeo - Prêmio de Melhor Ator (Brasil/2002)6º Mostra de Cinema de Tiradentes (Brasil/2002)32º International Film Festival Rotterdam (Rotterdam/2003,Não informado,,Curta-metragem
812,O bloqueio,Cl&aacute;udio Luiz de Oliveira,Brasil,2002,10,"Associação Curta Minas, Virtual Cinema e Vídeo",Não informado,Não informado,2002-07-09,Curta-metragem
813,Castelo Rá-tim-bum - O filme,Cao Hamburger,Brasil,1999,105,AF CINEMA E VIDEO LTA. / CESSIONARIA: POLITHEAMA E FILMES LTDA.,"·The Chicago International Childrens Film Festival, 2000, ·Associação de Críticos de Arte de São Paulo, 2000. ·Carrousel International du Film de Rimouski - Quebec, Canadá, 2001. ·Sprockets Toronto International Film Festival for children, 2000. ·I Mostra Internacional de Cinema Infantil de Florianópolis, 2002. ·Grande Prêmio Cinema Brasil, Melhor Direção de Arte","·The Chicago International Childrens Film Festival, 2000, Melhor Filme Internacional·Associação de Críticos de Arte de São Paulo, 2000. Melhor Filme para Criança·Carrousel International du Film de Rimouski - Quebec, Canadá, 2001. Melhor Filme·Sprockets Toronto International Film Festival for children, 2000. Melhor Filme·I Mostra Internacional de Cinema Infantil de Florianópolis, 2002. Melhor Filme ·Grande Prêmio Cinema Brasil, Melhor Direção de Arte",,Longa-metragem
814,O mistério do cachorrinho perdido,Fl&aacute;vio Colombini,Brasil,2006,23,Interrogação Filmes,Festival Internacional de Curtas de Belo Horizonte (2006)   II Festival de Cinema e TV Infanto-juvenil – Aracaju SE (2006)18º Festival Internacional de Curtas-Metragens de São Paulo (2007)Festival Chileno Internacional del Cortometraje (2007)I Curta Mairiporã (2007)7ª Mostra de Cinema Infantil de Florianópolis (2008)V Festival Cinema de Arte de Salvador (2008),Melhor Filme na 7ª Mostra de Cinema Infantil de Florianópolis (2008),,Curta-metragem
815,O mundo segundo Silvio Luiz,Andr&eacute; Francioli,Brasil,2000,6,ECA/USP,"Brasilia, Gramado, SP, Curitiba, Curta Cinema, Jornada da Bahia, Guarnicê, Belo Horizonte, etc.",Melhor Direção - 33 Festival de Brasilia (2000)Prêmio Revelação - 11 Festival Internacional de Curtas de SPMenção Especial do Júri - Festival de Gramado 2000Prêmio Pesquisa de Linguagem e prêmio ABD&C  - Festival Universitário da UFF (2000)Prêmio Revelação - Festival Internacional de Curtas de BH (2000),,Curta-metragem
816,Rádio gogó,Jos&eacute; Araripe ,Brasil,1999,20,Truq Cine TV e Vídeo,Festival de RecifeFestival Internacional de Curta de São PauloNew short International Festival,Melhor direção Festival de cinema e Vídeo de CuritibaMelhor filme de temática popular da Jornada Internacional de Cinema,2000-07-02,Curta-metragem
817,Gaviões,Andr&eacute; Klotzel,Brasil,1981,25,Brás Filmes,Não informado,Não informado,,Curta-metragem
818,Clandestinos,Patricia Moran,Brasil,2001,11,Filmegraph,"&#8594; Circuito Mineiro Audiovisual. Divinópolis, Coronel Fabriciano, Juiz de Fora,  Montes Claros, Uberlândia. outubro de 2006.&#8594; Tampere Film Festival – Finlândia, março de 2006.&#8594; 10o Festival de Cinema e Vídeo de Cuiabá&#8594; Semana  Minas Gerais - Comemorações do Ano Brasil-França. Paris, 2005.&#8594; Projeto DOC.&#8594; Curta Cinemateca – Cinemateca Brasileira. São Paulo, agosto de 2005.&#8594; Mostra Made in Brazil- 3 décadas de vídeo brasileiro, Organização de Arlindo Machado. 2004.&#8594; Argos Festival. Bélgica, outubro de 2003.&#8594; 4o Festival Internacional de Curtas Metragens de Belo Horizonte. Junho de 2002.&#8594; Short Film Festival Worldwide. Toronto, 2002.&#8594; I Panorama Brasil Coisa de Cinema. Salvador.&#8594; V Festival Internacional de Cine y Video de Derechos Humanos, Buenos Aires e -Santiago del Estero, 2003.&#8594; Zoom Cine Esquema Novo – Festival de Cinema de Porto Alegre. 2003.&#8594; VII Muestra Euroamericana de Cine, Video y Arte Digital, Buenos Aires, 2002.&#8594; XXIX Jornada Internacional de Cinema da Bahia. Salvador, setembro de 2002.&#8594; II Circuito Universitário de Cultura e Arte de Minas Gerais - UNE e UMG. Ouro Preto, agosto de 2002.&#8594; Brazil on Film – Novo Cinema Novo. Institute of Contemporary Arts (ICA). Londres, outubro de 2002.&#8594; Mostra Panorama do Berlinale. 52o Festival Internacional de Cinema de Berlim. 2002&#8594; 4o Toronto Latino Film Festival. Dezembro de 2002.&#8594; 5a Mostra de Cinema de Tiradentes. Janeiro de 2002.&#8594; Festival de Havana. Dezembro de 2001. (sem comprovação)&#8594; Festival Internacional de Curtas Metragens de São Paulo. Agosto de 2001.&#8594; 13o Festival Internacional de Arte-Eletrônica Videobrasil. Setembro de 2001.&#8594; Festival do Rio BR 2001  - Sessão Especial de Curtas. setembro de 2001.&#8594; 1a Mostra de Curtas de Goiana -   outubro de 2001&#8594; I Prêmio Estímulo ao Curta – Metragem em Minas Gerais, Associação Curta Minas.&#8594; 5o Festival Internacional de Cortometrajes de Barcelona.","&#8658;Winner of the First Short Film Production Contest promoted by the Curta-minas Association, State Culture Secretariat and Cemig. Belo Horizonte, October, 2000.&#8658;Selected for the Berlin Panorama Exhibition. Berlin International Film Festival. 2002.&#8658;Best Documentary at the Caracas International Festival. 2002. &#8658;Awarded the Golden ET for Best Documentary at the Varginha Festival. 2002.&#8658;Best Documentary at the Itajaí Festival – Santa Catarina. 2002&#8658;Best Documentary at the Jornada de Cinema in Bahia. 2002&#8658;Silver Caravel at the Bilbao International Festival. Spain. 2002",,Curta-metragem
819,Uma história de futebol,Paulo Machline,Brasil,1999,21,Um Filmes,Não informado,"Indicação ao Oscar de Curta-metragem de Ficção, 2001Best Drama, Festival de Curtas de New York. 2000Melhor Curta-metragem, Silver Elephant, Festival de Mumbai, India, 2000Melhor Filme, Festival de Curtas de Chicago, 2000Prêmio Especial do Juri, Festival de Gramado, 1999Melhor Filme de Curta-metragem, voto popular, Festival de Brasília, 1998",1998-11-15,Curta-metragem
820,Minha rainha,Cecilia Amado,Brasil,2008,11,Maga Filmes,MIFF – Miami International Film Festival 2008FEMINA – 2008Festival Guarnicê de Cinema7a Mostra de Cinema Infantil de FlorianópolisSapporo International Short Film FestivalLUCAS - International Children's Film FestivalCarrousel International du Film de RimouskiCurta Cinema – Festival Internacional de Curtas do Rio de Janeiro,Festival Internacional de Curtas do Rio – Premio ASCINE – RJ ,,Curta-metragem
821,Tira os óculos e recolhe o homem,Andr&eacute; Luiz Sampaio,Brasil,2008,20,Inventarte e Carcará Filmes,"Curta Santos, Festival do Rio, Mostra Londrina de Cinema, Tiradentes, Cine BH, Curta Cinema, Festival de Curtas SP, Festival Universitário, Festival do Paraná, Goiânia","Melhor Ator Jards Macalé Curta Santos 2008, Melhor Ator Jards Macalé e melhor Filme no Festival do Paraná 2008, Melhor Filme ABDeC Curta Cinema 2008 e Melhor Roteiro Londrina 2008",,Curta-metragem
822,O povo atrás do muro,Marconi Loures,Brasil,2007,7,Marconi Loures,"12ª Mostra de Cinema de TiradentesAnim!arte 2008Maranhão na Tela 2008Dia Internacional da Animação (2008)6ª Mostra Udigrudi Mundial de Animação - MUMIA15º Vitória Cine VídeoCine BH 20085º Festival Cinema de Arte de SalvadorAfrica Animation - Celebration of Brazilian AnimationPrimeiro Plano 2008 -  Mostra Competitiva NacionalCurta Cinema 2008 - Festival de Cinema do Rio de Janeiro3ª Mostra Curta Fantástico5º Curta Cinema VotorantimAnimaráANIMAMUNDI 20087ª Mostra de Cinema Infantil de FlorianópolisDIVERCINE 2008 (UNICEF , UNESCO)Curta-SE 2008 - 1ª Mostra InformativaFestival Locomotiva 2008Festival Internacional de Quadrinhos (FIQ) 2007",2º Lugar - Júri Profissional no Anim!Arte 2008.3º Lugar - Júri Popular no Anim!Arte 2008.Melhor Concepção Sonora no Primeiro Plano - Festival de Cinema de Juiz de Fora.Melhor Animação de Estudante Brasileiro no ANIMAMUNDI 2008 (SP).2º Lugar na 7ª Mostra de Cinema Infantil de Florianópolis.Melhor Animação Infantil (Júri técnico) no Festival Locomotiva 2008.Menção Honrosa do Juri - 3ª Mostra Curta Fantástico,,Curta-metragem
823,Greve de março,Renato Tapaj&oacute;s,Brasil,1979,35,Tapiri cinematográfica Ltda,Não informado,Não informado,,Média-metragem
824,Tocaia no asfalto,Roberto Pires,Brasil,1962,101,Rex Schindler Filmes,Não informado,Não informado,,Longa-metragem
825,O poeta do Castelo,Joaquim Pedro de Andrade,Brasil,1959,11,Saga Filmes ,Não informado,Não informado,,Curta-metragem
826,Couro de gato,Joaquim Pedro de Andrade,Brasil,1960,15,Saga Filmes,"Oberhausen Festival, Germany, 1961. Sestri Levanti Festival, Italy, 1961. CAIC Quality Award, Brazil, 1962. ","Prêmio do Festival Oberhausen, Alemanha, 1961.Prêmio de Qualidade CAIC, Rio de Janeiro.Prêmio do Festival de Sestri Levanti, Itália.Eleito um dos cem melhores curtas-metragens dos últimos tempos pelo Festival de Clermont-Ferrand.",,Curta-metragem
872,"Mauro Shampoo - jogador, cabeleireiro e homem",Leonardo Cunha Lima e Paulo Henrique Fontenelle,Brasil,2006,22,Paulo Henrique Fontenelle e Leonardo Cunha Lima,CINE PE 2006-  Hours COncoursFestival Latino Americano de Florianopolis (FAM)Festival Guarnicê de Cine Video Mostra CineSulFestival de Canoa Quebrada Festival do RIO 2006 (Premiere Brasil)CORK film festival (irlanda)Work Dignity film Festival (Polônia)Amazonas Film FestivalVitória CineVideoGoiânia Mostra CurtaFestival Latino Americano de Cinema Independente de St Petersburg (EUA) Festival du Cinema de Bruxelles 200610 Mostra de CInea de Tiradentes1 Festival Pop de Cinema Curta-SE 2007Cineport 2007Festivalissimo (Canadá)Chicago Film Festival (EUA),Festival Latino Americano de Florianopolis (FAM) - Prêmio Especial do JuriFestival Guarnicê de Cine Video - Prêmio Melhor Trilha Sonora Festival do RIO 2006 (Premiere Brasil) - Prêmio De Melhor Curta Metragem pelo Juri PopularPrêmio Portacurtas PetrobrasPrêmio de Melhor Curta-Metragem pela ABD e CGoiânia Mostra Curta - Prêmio de Melhor Filme pelo Juri PopularFestival Latino Americano de Cinema Independente de St Petersburg (EUA) - Prêmio de Melhor Documentário (Best Documentary Short Film)Festival du Cinema de Bruxelles 2006 - Mension Especiale. 10 Mostra de CInea de Tiradentes - Melhor Video1 Festival Pop de Cinema - Melhor Curta Metragem.Grande Prêmio do CInema Brasileiro - Melhor Curta Documental - 2005/2006.Curta-SE 2007 - Melhor Curta Metragem                         Melhor Curta Metragem pelo Juri Popular                         Melhor Documentario 2 International Film Fashion - Melhor Documentário ,,Curta-metragem
827,A estória de Clara Crocodilo,Cristina Santeiro,Brasil,1980,11,Grama Produções Ltda,X Jornada Brasileira de Curta-Metragen - 1981 - Salvador - BAV Mostra Internacional de Cinema de São Paulo - 1981I Festival Nacional das Mulheres nas Artes - 1983Latin American Women Artists Series - Central Hall Artists Gallery - New York - USA - 1983,Não informado,,Curta-metragem
828,Ele,150 alunos da rede municipal de ensino de fundamental de Vit&oacute;ria - ES ,Brasil,2007,13,Instituto Marlin Azul - Projeto Animação,"•IV Curta Canoa (CE)- 2008•Mostra Cine BH (MG)- 2008•Castelli Animatti - Festival Internacional de Animação - (Itália)- 2008•8º Goiânia Mostra Curtas (GO) - 2008•Festival Latino-Americano de Canoa Quebrada - IV Curta Canoa (CE) - 2008•35ª Jornada Internacional de Cinema da Bahia (BA) – 2008•6º Curta Santos (SP) - 2008•Visões Periféricas (RJ) – 2008•16º Gramado Cine Vídeo (RS) – 2008 - Prêmios: Melhor Vídeo Experimental e Melhor Vídeo Independente brasileiro•V MoVA Caparaó - Mostra de Vídeo Ambiental do Caparaó (ES) - 2008•Anima Mundi (RJ/SP) – 2008•Curta Cultura – Associação Cultura Inglesa (SP) - 2008•7ª Mostra de Cinema Infantil de Florianópolis (SC) – 2008•MOSCA 4 - Mostra Audiovisual de Cambuquira (MG) – 2008 – Competitiva e Infanto-juvenil•IV Mostra de Música da Juventude (MA) - 2008•Cinesul – Festival Ibero-americano de Cinema e Vídeo (SP) – Mostra Paralela de Animações - 2008•CINEOP – 3ª Mostra de Cinema de Ouro Preto (MG) - 2008•12º Florianópolis Audiovisual Mercosul – FAM (SC) – 2008 – Prêmio: Menção Honrosa 35mm Júri Oficial•31º Festival Guarnicê de Cinema (MA) – 2008 – Prêmios: Melhor Filme de Animação, Melhor Montagem e Melhor Trilha Sonora Adaptada•2º Festival de Cinema na Floresta (MT)•Projeto Cinema na Praça – Ibiraçu (ES) - 2008•Festival Ibero-Americano de Curtas Metragens de Sergipe - Curta-Se 8 (SE) – 2008 – Prêmio: Menção Honrosa 35mm Júri Oficial•14º Vitória Cine Vídeo - Cine Galpão Itinerante (ES) – 2007","•IV Curta Canoa (CE)- 2008•Mostra Cine BH (MG)- 2008•Castelli Animatti - Festival Internacional de Animação - (Itália)- 2008•8º Goiânia Mostra Curtas (GO) - 2008•Festival Latino-Americano de Canoa Quebrada - IV Curta Canoa (CE) - 2008•35ª Jornada Internacional de Cinema da Bahia (BA) – 2008•6º Curta Santos (SP) - 2008•Visões Periféricas (RJ) – 2008•16º Gramado Cine Vídeo (RS) – 2008 - Prêmios: Melhor Vídeo Experimental e Melhor Vídeo Independente brasileiro•V MoVA Caparaó - Mostra de Vídeo Ambiental do Caparaó (ES) - 2008•Anima Mundi (RJ/SP) – 2008•Curta Cultura – Associação Cultura Inglesa (SP) - 2008•7ª Mostra de Cinema Infantil de Florianópolis (SC) – 2008•MOSCA 4 - Mostra Audiovisual de Cambuquira (MG) – 2008 – Competitiva e Infanto-juvenil•IV Mostra de Música da Juventude (MA) - 2008•Cinesul – Festival Ibero-americano de Cinema e Vídeo (SP) – Mostra Paralela de Animações - 2008•CINEOP – 3ª Mostra de Cinema de Ouro Preto (MG) - 2008•12º Florianópolis Audiovisual Mercosul – FAM (SC) – 2008 – Prêmio: Menção Honrosa 35mm Júri Oficial•31º Festival Guarnicê de Cinema (MA) – 2008 – Prêmios: Melhor Filme de Animação, Melhor Montagem e Melhor Trilha Sonora Adaptada•2º Festival de Cinema na Floresta (MT)•Projeto Cinema na Praça – Ibiraçu (ES) - 2008•Festival Ibero-Americano de Curtas Metragens de Sergipe - Curta-Se 8 (SE) – 2008 – Prêmio: Menção Honrosa 35mm Júri Oficial•14º Vitória Cine Vídeo - Cine Galpão Itinerante (ES) – 2007",2007-11-14,Curta-metragem
829,Tim Maia,Fl&aacute;vio R. Tambellini,Brasil,1986,14,Tambellini Filmes e Produções Audiovisuais Ltda.,Não informado,Melhor Filme - Festival de Fortaleza 1988,,Curta-metragem
830,Mutantes,Antonio Carlos da Fontoura,Brasil,1970,7,Canto Claro Produções Artísticas,Não informado,Não informado,,Curta-metragem
831,Heitor dos Prazeres,Antonio Carlos da Fontoura,Brasil,1965,13,Não informado,Festival de Cinema de Brasília (1965)I Bienal de Arte Negra de Dakar (1965),Não informado,,Curta-metragem
832,Ver ouvir,Antonio Carlos da Fontoura,Brasil,1966,20,Canto Claro Produções Artísticas,Bienal de Arte Jovem de Paris (1996)Festival de Brasília (1996),Festival de Brasília 1966 - Melhor Curta MetragemPrêmoi Instituto Nacional de Cinema 1966 - Melhor Curta Nacional,,Curta-metragem
833,Meus amigos chineses,Sergio Sbragia,Brasil,2006,15,Serpente Filmes,"Cine Ceará, I Mostra de Ouro Preto, Festival de Florianópolis (infato-juvenil), 30a Mostra Internacional de São Paulo, Festival do Rio, Curta Cinema 2006, Amazonas Film Festival, VII Araribóia, 7a Goiânia Mostra Curtas, Curta SE 2007, Mostra do I Prêmio Itamaraty para o Cinema Brasileiro + Festivais internacionais na Turquia, Rússia, Itália e Espanha.",Melhor Vídeo de Ficção no Curta SE 2007,,Curta-metragem
834,Onde estás felicidade?,Mesquitinha,Brasil,1939,86,Cinédia,Não informado,Não informado,,Longa-metragem
835,O jovem tataravô,Luiz de Barros,Brasil,1936,77,Cinédia,Não informado,Não informado,,Longa-metragem
836,Bartô,Luiz Botosso e Thiago Veiga,Brasil,2006,7,Fóton Filmes,"- VIII Festival Internacional de Cinema Ambiental/FICA, Goiás/GO – 2006;- 8ª Mostra Curtas – Goiânia/GO - 2006;- II Fest Cine – Goiânia/GO - 2006;- CineEco 2006 – XII Festival Internacional de Cinema e Vídeo de ambiente da Serra da Estrela/Portugal;- I Festival de Curtas de Cabo Frio – 2006;- 1º Anima Mogi – 2006;- 1º Festival de Cinema Ambiental – Cuiabá/MT – 2007;- II Mostra Curta Audiovisual – 2007 – Campinas;- 2º Festival de Cinema e Vídeo de Muriaé – M.G./2007;- 11ª Mostra de Cinema de Tiradentes/2008 – M.G.;- 7ª Mostra de Filme Livre/2008 – Rio de Janeiro- 1º Câmera Mundo – Rotterdam – Holanda/2008- 6º Desbitola – Circuito de cinema goiano – Goiânia – Goiás/2008- 2º Festival de Cinema na Floresta – Alta Floresta – MT/2008;- 7º Mostra de Cinema Infantil – Florianópolis/2008;- Festival Nacional de Cinema e Vídeo Ambiental – Pacoti/CE – 2008;- 2ª Mostra Ambiental e Etnográfico de Rio das Ostras – RJ – 2008;- 1º Festival de Cinema Ambiental do Jardim Botânico do Rio de Janeiro – RJ – 2008;        - Festival de Cinema e Vídeo Ambiental – Porto Velho – RO/2008;- VI Festival Internacional Cinema de Arouca – Rossas Arouca – Portugal/2008;    - 4ª Mostra Audiovisual de Cambuquira – Minas Gerais/2008;                                        ",Troféu João Bênio – VIII Festival Internacional de Cinema Ambiental/FICA como melhor produção goiana.Menção Honrosa – Cine Fest Ambiental – Pacoti/CE – 2008.,,Curta-metragem
837,"Paraíso, Juarez",Thomaz Farkas,Brasil,1971,5,Thomaz J. Farkas,Não informado,Não informado,,Curta-metragem
838,Os óculos do vovô,Francisco Santos,Brasil,1913,5,Guarany Fábrica de Fitas Cinematográficas,Não informado,Não informado,,Curta-metragem
839,Soldado de Deus,S&eacute;rgio Sanz,Brasil,2004,80,Não informado,Não informado,Não informado,,Longa-metragem
840,Docinhos,Frederico Pinto e Jos&eacute; Maia,Brasil,2002,7,Armazém de Imagens,"Mostra Curta Cinema, o Animamundi, Festival de Curitiba, o Festival Brasil Plural (Alemanha / Suiça), Festival Internacional de Curtas de Santiago (Chile), o Festival de Havana (Cuba)  , Festival Internacional de Curtas de Belo Horizonte.", Prêmio Prawer-Aptc de melhor técnico gaúcho (José Maia) pela direção de animação do filme - Gramado de 2002,2002-08-08,Curta-metragem
841,Tratado de Liligrafia,Frederico Pinto,Brasil,2008,14,Armazém de Imagens,"Mostra Infantil de Florianópolis, Mostra Cinema de Arte- Salvador.",Não informado,,Curta-metragem
842,Peixe frito,Ricardo de Podest&aacute;,Brasil,2005,19,Mandra Filmes,"XIV Festvídeo14º Festival de Vídeo de Teresina - Piauí – Dezembro.http://www.fcmc.pi.gov.br/base.asp?ID=964CINECIEN 2006Festival de Cine e Vídeo Científico do  Mercosul – Rio de Janeiro - Dezembro.http://www.mct.gov.br/index.php/content/view/44245.htmlFestival. Percepções 1º Festival de Cinema e Vídeo de Muriaé – Minas Gerais - Novembro. http://www.faminas.edu.br/cinefestival/index.php?menu=homeCineamazônia IV Festival de Cinema e Vídeo Ambiental – Porto Velho - Rondônia - Novembro. - www.cineamazonia.comET de Ouro 5ª Festival de Cinema de Varginha – Minas Gerais – Novembro.http://www.etdeouro.com.br/paginas.asp?pag=historicoPrimeiro PlanoFestival de Cinema de Juiz de Fora - Outubro.http://www.luzesdacidade.art.br/index.phpMostra GoiásVI Goiânia Mostra Curtas - Outubro. - http://www.goianiamostracurtas.com.br/index.phpMostra Curta ParáIII Mostra Curta Pará Cine Brasil - Outubro. - http://www.centralcinevideo.com/Curta Canoa II Festival Latino-Americano de Curta de Canoa Quebrada – Ceará – Setembro.http://www.curtacanoa.com.br/Anima Mundi14 - Festival Internacional de Animação do Brasil – Mostra Competitiva – RJ / SP - Julho.http://www.animamundi.com.br/I ANIMAJU Mostra de Animação de Aracaju – Sergipe – Julho.Festival de Vídeo Festival Nacional de Vídeo de Colatina - Espírito Santo - Junho.http://www.culturacolatina.com.br/projetos_festivalvideo.htmlMostra ABDMostra De curtas Goianos da ABD Goiás – Cidade de Goiás – Junho.http://www.vilavelha.es.gov.br/noticias/2006/12/05/4574791716597.ntcCurta-SEVI Festival Luso-brasileiro de curtas Metragens de Sergipe – Aracaju – Abril.http://www.casacurtase.org.br/CINE CURUPIRAFestival Nacional de Cinema do Amazonas – Manaus – Fevereiro.http://www.amazonasfilmfestival.com.br/Vitória Cine VídeoIX Mostra Competitiva De Curta Metragens – Vitória - Espírito Santo – Novembro / 2005.http://www.vitoriacinevideo.com.br/vcv14/2momento/Muri Cine Vídeo Mostra Internacional de Cinema e Vídeo Ambiental de Nova Friburgo - RJ – Novembro.http://www.ibama.gov.br/rj/index.php?id_menu=147&id_arq=66EcoCineXII Festival Internacional de Cinema e Vídeo de Ambiente da Serra da Estrela – Portugal – Nov.http://alentejomagazine.com/?p=907    / www.cineeco.orgFestcinepacoti Festival de Cinema e Vídeo de Pacoti  - Ceará – Outubro. - www.festcinepacoti.com.brEcocine - I Ecocine Cabo Frio – RJ - Setembro.Festinbonito6 Festival de Inverno de Bonito – Mato Grosso – Agosto. http://www.festinbonito.com.br/VIII FICA VIII Festival Internacional de Cinema e Vídeo Ambiental – Cidade de Goiás - Junho.  - www.fica.art.brFestival AmbientalFestival Ambiental de Vila Velha – Espírito Santo – Junho.http://www.pcrc.utopia.com.br/tiki-read_article.php?articleId=203 III MOVA CAPARAÓ Mostra Itinerante de vídeo ambiental - Espírito Santo - Julho. - http://www.maes.es.gov.br/movaFestival Internacioanl de Cinema Infantil Rio de Janeiro – São Paulo – Brasília – Curitiba – Aracaju – Campinas – Belo Horizonte – Niterói – Recife – Dezembro.www.festivaldecinemainfantil.com.brFestcine Goiânia - MostrinhaII Festival de Cinema Brasileiro de Goiânia – Novembro.www.festcinegoiania.com.brMostra InfantilXXXIII Jornada Internacional de Cinema da Bahia – Salvador - Setembro.www.jornadabahia.comFestivalzinhoVII Vítória Cine Vídeo – novembro / 2005.http://www.vitoriacinevideo.com.br/vcv14/2momento/Seminário Diferentes DiferençasCaminhos de uma Educação de Qualidade para Todos – MEC – Brasília – Novembro.http://mundoacademico.unb.br/conteudos/?cod=111141669I Fórum Nordestino de EcotuismoEcoturismo e combate à desertificação e mitigação – Recife – Pernambuco – Novembro.http://200.199.240.204/activity_vista.php?id=193Nas Asas do CinemaMostra Itinerante de Curtas Metragens Nacionais – MG / SP – jun à fev/2007 - www.nasasasdocinema.com.brII InteratividadeCOOP DOC – Educação Ambiental no Cinema – Barra do Garça – MT – Outubro.MOSTRA FESTCINE GOIÂNIA OUROMostra de curtas goianos da Secretaria de Cultura de Goiânia – Junho à Agosto.IX Encontro Ambientalista da UGC – Goiânia – Junho.PROJETO CINEMA NOS BAIRROS - Colatina – Espírito Santo - JunhoProjeto realizado pela Superintendência de Cultura da Prefeitura Municipal de Colatina, mostras gratuitas de obras audiovisuais de origem nacional nos bairros da cidade.http://www.camaracolatina.es.gov.br/noticias_online.asp?id_noticia=3743 Empório Sebrae Fica de Cinema e Vídeo – Cidade de Goiás – Junho.Semana do Meio AmbienteNova Petrópolis exibe o “Peixe Frito” nas escolas da rede municipal. Rio Grande do Sul – Maio.http://www.novapetropolis.rs.gov.br/det_noticias.php?id=212Semana da Água - Semana de Educação Ambiental da Semarch – Goiânia – Março.Mostra de Curtas - Unioeste/Campus de Toledo - Universidade Estadual do Oeste do Paraná – Janeiro.Cinema nos Bairros - Mostra de Curtas Metragens do Cineclube de Vila Velha – Espírito Santo – Janeiro.Mostra Mandra FilmesMostra de Curtas nas Atividades Culturais do Colégio MÁXIMUS – Goiânia – Nov/2005.Escola Estadual ""Aflordízio Carvalho”Mostra de Curtas Nacionais no colégio - Vitória – Espírito Santo.Seminário Diferentes DiferençasCaminhos de uma Educação de Qualidade para Todos – MEC – Brasília – Novembro.http://mundoacademico.unb.br/conteudos/?cod=111141669I Fórum Nordestino de EcotuismoEcoturismo e combate à desertificação e mitigação – Recife – Pernambuco – Novembro.http://200.199.240.204/activity_vista.php?id=193Nas Asas do CinemaMostra Itinerante de Curtas Metragens Nacionais – MG / SP – jun à fev/2007 - www.nasasasdocinema.com.brII InteratividadeCOOP DOC – Educação Ambiental no Cinema – Barra do Garça – MT – Outubro.MOSTRA FESTCINE GOIÂNIA OUROMostra de curtas goianos da Secretaria de Cultura de Goiânia – Junho à Agosto.IX Encontro Ambientalista da UGC – Goiânia – Junho.PROJETO CINEMA NOS BAIRROS - Colatina – Espírito Santo - JunhoProjeto realizado pela Superintendência de Cultura da Prefeitura Municipal de Colatina, mostras gratuitas de obras audiovisuais de origem nacional nos bairros da cidade.http://www.camaracolatina.es.gov.br/noticias_online.asp?id_noticia=3743 Empório Sebrae Fica de Cinema e Vídeo – Cidade de Goiás – Junho.Semana do Meio AmbienteNova Petrópolis exibe o “Peixe Frito” nas escolas da rede municipal. Rio Grande do Sul – Maio.http://www.novapetropolis.rs.gov.br/det_noticias.php?id=212Semana da Água - Semana de Educação Ambiental da Semarch – Goiânia – Março.Mostra de Curtas - Unioeste/Campus de Toledo - Universidade Estadual do Oeste do Paraná – Janeiro.Cinema nos Bairros - Mostra de Curtas Metragens do Cineclube de Vila Velha – Espírito Santo – Janeiro.Mostra Mandra FilmesMostra de Curtas nas Atividades Culturais do Colégio MÁXIMUS – Goiânia – Nov/2005.Escola Estadual ""Aflordízio Carvalho”Mostra de Curtas Nacionais no colégio - Vitória – Espírito Santo.Seminário Diferentes DiferençasCaminhos de uma Educação de Qualidade para Todos – MEC – Brasília – Novembro.http://mundoacademico.unb.br/conteudos/?cod=111141669I Fórum Nordestino de EcotuismoEcoturismo e combate à desertificação e mitigação – Recife – Pernambuco – Novembro.http://200.199.240.204/activity_vista.php?id=193Nas Asas do CinemaMostra Itinerante de Curtas Metragens Nacionais – MG / SP – jun à fev/2007 - www.nasasasdocinema.com.brII InteratividadeCOOP DOC – Educação Ambiental no Cinema – Barra do Garça – MT – Outubro.MOSTRA FESTCINE GOIÂNIA OUROMostra de curtas goianos da Secretaria de Cultura de Goiânia – Junho à Agosto.IX Encontro Ambientalista da UGC – Goiânia – Junho.PROJETO CINEMA NOS BAIRROS - Colatina – Espírito Santo - JunhoProjeto realizado pela Superintendência de Cultura da Prefeitura Municipal de Colatina, mostras gratuitas de obras audiovisuais de origem nacional nos bairros da cidade.http://www.camaracolatina.es.gov.br/noticias_online.asp?id_noticia=3743 Empório Sebrae Fica de Cinema e Vídeo – Cidade de Goiás – Junho.Semana do Meio AmbienteNova Petrópolis exibe o “Peixe Frito” nas escolas da rede municipal. Rio Grande do Sul – Maio.http://www.novapetropolis.rs.gov.br/det_noticias.php?id=212Semana da Água - Semana de Educação Ambiental da Semarch – Goiânia – Março.Mostra de Curtas - Unioeste/Campus de Toledo - Universidade Estadual do Oeste do Paraná – Janeiro.Cinema nos Bairros - Mostra de Curtas Metragens do Cineclube de Vila Velha – Espírito Santo – Janeiro.Mostra Mandra FilmesMostra de Curtas nas Atividades Culturais do Colégio MÁXIMUS – Goiânia – Nov/2005.Escola Estadual ""Aflordízio Carvalho”Mostra de Curtas Nacionais no colégio - Vitória – Espírito Santo.MOSTRA MUMIA 20075ª MUMIA – Mostra Udigrudi Mundial de Animação – Belo Horizonte - Novembro. http://abcamg.blogspot.com/Festival CONTATOFestival Multimídia de Radio, TV, Cinema e Arte Eletrônica – São Carlos – SP - Novembro.http://www.contato.ufscar.br/10º Festival de Cinema, Vídeo e DCine de Curitiba - Novembro.http://fcvdc.blogspot.com/2007/11/programao-completa-do-festival_07.htmlIV MoVA Caparaó Mostra de Vídeos Ambientais do Caparaó - Mostra Infantil – Espírito Santo - Setembro.http://www.maes.es.gov.br/mova/6ª Mostra de Cinema Infantil de Florianópolis – Julho.http://www.mostradecinemainfantil.com.br/noticias2007c.htmMOSTRA ECOADVENTUR DE CINE E VÍDEOA Mostra Ecoadventur de Cine e Vídeo – Caraguatatuba – SP - Julho.http://www.litoralvirtual.com.br/noticias/2007/06/25.htm3ª Mostra Petrobras de Cinema de Culturas TradicionaisVII Encontro de Culturas Tradicionais da Chapada dos Veadeiros - Julhohttp://www.encontrodeculturas.com.br/2007/hotsites/cinema/index.phpGuará - Festival de Cinema AmbientalCuiabá, Barra do Garças, Sinop e na cidade de Cáceres - Junho. www.festivalguara.com.br1ª Mostra Curtas Cariri – Mostrinha – Ceará - Maio.http://www.urca.br/coloquioimago/Festival cultural na Marinha - I Festival Cultural Almirante TamandaréEvento na Escola de Aprendizes Marinheiros do Espírito Santo – Vila Velhahttp://www.vilavelha.es.gov.br/noticias/2006/12/05/4574791716597.ntcMostra do Filme LivreO Festival mais democrático do país - Rio de Janeiro – Janeiro.http://www.mostradofilmelivre.com/inscritos.phpMostra Curta Popular no 3° FESTISESIUma seleção especial de filmes e curta-metragem – Taguatinga – Brasília - Janeiro.http://www.festisesi.com.br/mostracinema.phpBaixada Animada 2008Terceira Mostra de Cinema de Animação da Baixada Fluminense, nos municípios de Duque de Caxias, Mesquita e Nova Iguaçu - Rio de Janeiro – Abril / 2008.Cinema Circulante -  AMAV/ABD-MT - Percorre comunidades rurais, aldeias indígenas e antigos quilombos, facilitando o acesso aos bens culturais às populações que vivem distantes dos grandes centros.  - Quilombo de Mata Cavalo - MThttp://www.diariodecuiaba.com.br/detalhe.php?cod=297899&edicao=11918&anterior=1CIRCUITO TELA VERDE – Organizado pela Cinemateca Brasileira é um evento do  Ministério da Cultura e Ministério do Meio Ambiente para celebrar o dia do Meio Ambiente com exibições gratuitas em 250 salas por todo o país.http://educom-socioambiental.blogspot.com/2007_08_14_archive.htmlCurta o Curta no Parque Lage –  O site Curta o Curta, promove um final de semana todo especial, num dos espaços mais bonitos da cidade maravilhosa, o Parque Lage, exatamente embaixo do Corcovado, na rua Jardim Botânico.http://www.eavparquelage.org.br/nat/nat4-cc.htmhttp://www.curtaocurta.com.br/jornal.php?p=2&c=1329Programa Caravana do Esporte da ESPN Brasil.A Caravana do Esporte é um projeto social que promove atividades com crianças de escolas públicas em todo o Brasil e utiliza como ferramenta de formação o esporte educacional. E além das atividades esportivas, faz exibições de curtas-metragens.http://www.bolasolidaria.com.br/noticias2ed.asp?noticia=Caravana_do_Esporte_da_ESPN_Brasil_chega_ao_ParaCurtas-metragens premiados são exibidos no Museu da UFPA -JulhoO público paraense vai ganhar mais uma terça-feira de curtas-metragens nas dependências do Museu da Universidade do Pará. http://www.portalorm.com.br/plantao/noticia/default.asp?id_noticia=275277Semana do Meio AmbienteSESI-SP unidade de Santo André – Prof. Simone – Junho -  cas08@sesisp.org.brO projeto Colônia de Férias da Prefeitura de São José dos Campos Traz como novidade a apresentação de curtas-metragens para moradores em asilos.http://www.sjc.sp.gov.br/sel/noticias.asp?id=2025Mostra de Filmes UEGMostra de filmes do curso de Comunicação Social/Audiovisual da UEG, que integra a programação do Dia da Ação Voluntária. Uma parceria da UEG Goiânia/Laranjeiras e Fundação Bradesco - Março.Sessão Pipoca Mostra de filmes da Toctao Engenharia no Tocantins, nos municípios de Dianópolis, Novo Jardim e Ponte Alta do Bom Jesus, incluindo escolas rurais.Projeto Cine B - uma parceria entre a Brazucah produções e o sindicato dos bancários de São Paulo, Osasco e região.http://www.brazucah.com.br/brazucah/CineB%20-%20jaguare.aspAnima Pequi – Mostra de animações nas escolas de Goiânia.http://www.sebraego.com.br/site/site.do?idArtigo=2865Mostra de curtas goianos em Senador Canedo - 2006 / 2007http://cianovoato.blogspot.com/Universidade Federal de Pernambuco - MaioExibido para os alunos do Curso de Turismo, na disciplina educação ambiental. Prof Vanice Selva Vila Propício – Exibido na praça da cidade, pela Secretaria de Turismo – Outubro.Projeto Biblioteca - Mostra com 12 filmes das edições 2005 e 2006 do Festival Internacional de Cinema Ambiental – FICA. No auditório da Biblioteca Central - Campus 2 -  Goiânia",Jurí Popular - Mostra Infantil - Festival de Cinema e Vídeo de MuriaéMelhor Montagem - Festival de Cinema de Varginha - 2006Especial do Júri - II Festival de Curta-Metragens de Canoa QuebradaJúri Popular - Serra da Bodoquena - 6° Festival de Inverno de Bonito - 2006Júri Popular - Troféu Pico da Bandeira - III MOVA CAPARAÓ - 2006Melhor Animação - Festival Ambiental de Vila Velha - 2006Especial do Júri - VI Festival Luso-Brasileiro de Curta Metragens de SergipeMelhor Roteiro - Pedra Goiana - Mostra De curtas Goianos da ABD Goiás - 2006Troféu Jangada - Jangada OCIC/SIGNIS Brasil - XII Vítória Cine Vídeo - 2005,,Curta-metragem
843,Raul da ferrugem azul,Gabriel Costa,Brasil,2004,31,Arcanjo Filmes,Não informado,Não informado,,Média-metragem
844,Euphrasia,Jom Tob Azulay,Brasil,2009,10,Não informado,Não informado,Não informado,,Curta-metragem
845,Ilha Grande,Jom Tob Azulay,Brasil,2009,10,Não informado,Não informado,Não informado,,Curta-metragem
846,"Duralex, sedlex","Henrique Silveira, Luciana Tanure e Mar&iacute;lia Rocha",Brasil,2001,13,Leroy Estúdio,"JVC Tokyo Video Festival, Toronto Film Festival, Festival Internacional de Brasilia, Festival Brasileiro do Filme Universitario, Cine Ceará, Festival de Curitiba, Festival Internacional de Curtas de São Paulo, Mostra de Tiradentes ","Best Social Commentaries and Artistic Contribution - JVC International Tokyo Video Festival ; Melhor Filme e Contribuição Artistica - Festival Brasileiro Universitario, RJ; Melhor Son CineCeara, Melhor DCine, Festival de Curitiba",,Curta-metragem
847,Pintinho,Jom Tob Azulay,Brasil,2009,12,Não informado,Não informado,Não informado,,Curta-metragem
848,O homem que bota ovo,Rafael Conde,Brasil,2006,13,VT3 Cinema e Vídeo,Não informado,Não informado,2006-08-02,Curta-metragem
849,Pajerama,Leonardo Cadaval,Brasil,2008,9,Neoplastique Entretenimento,"Prêmio de Melhor Curta-metragem para a juventude no Festival Internacional de Oberhausen 2008; Prêmio de Melhor Curta-metragem (júri oficial) no Festival Internacional de Curtas-metragens de Belo Horizonte 2008; Prêmio de Melhor Curta de Animação no Festival de Curtas de Sergipe – Cine SE; Prêmio de Melhor Curta-metragem de Animação e Melhor Trilha Sonora Original no Festival Audiovisual do Mercosul – FAM 2008; Prêmio de Melhor Curta-metragem de Animação no Festicine Amazônia 2008; Selecionado para a mostra paralela Jeune Public, do Festival de Curtas-metragens de Clermont-Ferrand; Melhor Trilha Sonora Original no Festival Guarnicê de Cinema (MA) 2008; Melhor Edição de Som no Festival de Cinema e Vídeo de Cuiabá 2008; Melhor Trilha Original no Granimado 2008; Seleção Oficial do Festival de Cinema de Cartagena das Índias 2009 (Colômbia); Seleção Oficial do Festival de Animação Animadrid 2008. ","Prêmio de Melhor Curta-metragem para a juventude no Festival Internacional de Oberhausen 2008; Prêmio de Melhor Curta-metragem (júri oficial) no Festival Internacional de Curtas-metragens de Belo Horizonte 2008; Prêmio de melhor curta de animação no Festival de Cinema de Cartagena 2009 (juri oficial); Prêmio de Melhor Curta de Animação no Festival de Curtas de Sergipe – Cine SE; Prêmio de Melhor Curta-metragem de Animação e Melhor Trilha Sonora Original no Festival Audiovisual do Mercosul – FAM 2008; Prêmio de Melhor Curta-metragem de Animação no Festicine Amazônia 2008; Selecionado para a mostra paralela Jeune Public, do Festival de Curtas-metragens de Clermont-Ferrand; Melhor Trilha Sonora Original no Festival Guarnicê de Cinema (MA) 2008; Melhor Edição de Som no Festival de Cinema e Vídeo de Cuiabá 2008; Melhor Trilha Original no Granimado 2008; Seleção Oficial do Festival de Cinema de Cartagena das Índias 2009 (Colômbia); Seleção Oficial do Festival de Animação Animadrid 2008. ",,Curta-metragem
850,O sapo,Adolfo Sarkis,Brasil,2006,17,Fora do Eixo Filmes,Não informado,Não informado,,Curta-metragem
851,Cada um com seu cada qual,Flavia Castro,Brasil,2006,15,Batoque Filmes ,"Festival de Cinema Infantil de FlorianópolisFestival Internacional de  curtas de Belo Horizonte,Festival de Cinema de TiradentesCurta Cinema",2º lugar Festival de Cinema Infantil de Florianópolis,,Curta-metragem
852,"Bom dia, senhoras!",Erika Bauer,Brasil,1998,21,Asa Cinema e Vídeo,"festival de brasilia do cinema brasileiro, festival de recife, festival de curtas de sao paulo","melhor produção DF, premio aquisição canal brasil",,Curta-metragem
853,Ícarus,Victor-Hugo Borges,Brasil,2007,10,Neoplastique Entretenimento,Festival de Curtas de Sergipe – CURTA SEFestival de Curtas de Pernambuco – CINE PEFestival de Cinema Fantástico do Rio de Janeiro – RIOFANFAM – Florianópolis Audiovisual MercosulFestival Internacional de HuescaFestival Guarnicê de Cinema 7ª Mostra de Cinema Infantil de FlorianópolisAnimamundiFestival de GramadoGranimadoFestival de Curtas-Metragens de São PauloCentros de Atividade SESI (em 8 cidades do interior de SP)Curta Santos1º Festival de Animação do EquadorGoiânia Mostra CurtasFestival de Cinema de Quito – Cero LatitudFilmini – Short Film Festival (Sofia – Bulgária)Festival Internacional de Cinema Infantil – CinemarKCurta Pará Festival Curtas Premiados – CCBB BrasíliaFajr International Film Festival – Tehran (Iran)1º. Brazilian Film Festival of Vancouver (Canadá),Prêmio de melhor Direção de Arte no FAM 2008;Prêmio de melhor Direção de Arte em Guarnicê 2008;Prêmio de melhor Direção de Arte no Granimado 2008.,,Curta-metragem
854,Tyger,Guilherme Marcondes,Brasil,2006,4,Não informado,Não informado,Não informado,,Curta-metragem
855,Vala comum,Jo&atilde;o Godoy,Brasil,1994,32,Kawy Produções,Não informado,Não informado,,Média-metragem
856,Um filme de Marcos Medeiros,Ricardo Elias,Brasil,1999,19,Quark Filmes,Não informado,Não informado,,Curta-metragem
857,"Walter Franco, muito tudo",Bel Bechara e Sandro Serpa,Brasil,2000,25,Macondo Filmes,Não informado,• Melhor Doc. Nacional (Tv Cultura) - É Tudo Verdade - 2000 • Melhor Documentário - Mostra Mis de Vídeo - 2000 • Melhor Documentário (Júri Técnico) - Festival de Londrina 2001• Melhor Vídeo (Júri Popular) - Festival de Londrina 2001 • Menção Honrosa - Vide Vídeo 2000,,Curta-metragem
858,Santana dos pescadores,Jom Tob Azulay,Brasil,2009,18,Não informado,Não informado,Não informado,,Curta-metragem
859,"Vietname, viagem no tempo",Edgard Telles Ribeiro e Jom Tob Azulay,Brasil,1980,25,Não informado,Não informado,Não informado,,Curta-metragem
860,Mais feliz ainda,Jom Tob Azulay,Brasil,2009,6,Não informado,Não informado,Não informado,,Curta-metragem
861,Mato eles?,Sergio Bianchi,Brasil,1983,34,Agravo Produções Cinematográficas LTDA,"Melhor Direção no Festival de Gramado (1983);Melhor Filme, Melhor Roteiro, Melhor Filme do Júri Oficial e do Júri Popular no Festival de Brasília (1983);Prêmio Martin Fierro, Melhor Filme (1983);Prêmio São Saruê, Federação dos Cineclubes do Rio de Janeiro 1984);Primeiro Prêmio no Festival de Cinema do México (1985);","Festival de Gramado - Rio Grande do Sul: 1983;XVI Festival de Brasilia do Cinema Brasileiro: 1983;Festival de Cinema do México: 1985;Ciclo ""Le Cinéma Brésilien""- Centre Georges Pompidou - Paris: 1987; Brazil Why ? - Ciclo brasileiro do The Public Theater - Nova Yorque : 1989; 9º Festival de Cinema de Clermont Ferrand: 1988;""Amazon Week""- New York University : 1990; XXXII Festival Dei Popoli - Firenze : 1991;Tampere Film Festival - Finlândia: 1991;4th. Interamerican Film Festival of Indigenous People - Peru: 1992;Mostra de Vídeos Internacionais sobre Subdesenvolvimento e Meio Ambiente - Rio de Janeiro : 1992;Mostra de Vídeo Internacional sobre Desenvolvimento e Meio Ambiente - Rio de Janeiro : 1993;MoMA - New York - Ciclo Cinema Novo and Beyond - EUA – 1998;Festival Internacional de Documentários ""'É tudo verdade"", S.Paulo e Rio de Janeiro -  2000;11º Festival Internacional de Curta Metragens - São Paulo – 2000;16o Festival du Film, Paris, França – 2001;Retrospectiva Sergio Bianchi – Lincoln Center Film Society – N.York – 2002;3º Muestra Internacional de Cine Independente de Mar del Plata – outubro -  2006;",,Média-metragem
862,INFERNOS,Frederico Machado,Brasil,2006,14,Frederico da Cruz Machado,Fest. Int. de Cinema de Valença - Espanha 2008Guarnicê Cine e Video 2006Fest. Int. TRANSE - AR 2008Curta Cinema - Rio de Janeiro 2007Mostra de Cinema Goiania 2007Indicado para o grande prêmio VIVO do Cinema Brsileiro - Melhor Curta Documentario do ano 2008,Melhor Filme - Fest. Int. de Cinema de Valença - Espanha 2008Melhor Filme (juripopular) - Guarnicê Cine e Video 2006Troféu São Luis - 2006,,Curta-metragem
863,Exposição craô,Jom Tob Azulay,Brasil,2009,10,Não informado,Não informado,Não informado,,Curta-metragem
864,Paisagem,Jom Tob Azulay,Brasil,2009,20,Não informado,Não informado,Não informado,,Curta-metragem
865,Mademoiselle cinema,Helena Lustosa,Brasil,1996,10,Gávea Filmes,"Festival Internacional de CM de São Paulo, 1996Festival de CM de Clairmont-Ferrand, 1996",Não tem,,Curta-metragem
866,"Carioca, suburbano, mulato, malandro - João Nogueira",Jom Tob Azulay,Brasil,1979,13,AeB Produções,Não informado,Não informado,,Curta-metragem
867,Frankstein punk,Cao Hamburger e Eliana Fonseca,Brasil,1986,12,Vertigo Produções,"Apresentado na mostra NEW FILMS NEW DIRECTORS MOMA, Nova York, 1986.Apresentado em várias mostras e festivais nos EUA, Canadá e Europa.","Fest Rio 1986: melhor curta metragem.Festival de Gramado 1986: melhor filme (júri popular), melhor fotografia, melhor som, prêmio especial de animação.",,Curta-metragem
868,Caramujo-flor,Joel Pizzini,Brasil,1988,20,Pólo Cinematográfica,"Festivais de Brasília, Gramado, Riofilme, Jornada do Maranhão, da Bahia, Huelva (Espanha),Curitiba, entre outros.",Prêmios:Melhor Direção - Festival de Brasília 1988 Melhor Fotografia - Festival de Brasília 1988Prêmio Especial da UNB - Festival de Brasília 1988Melhor Montagem - Rio Cine 1989Melhor Filme (Júri Oficial) - Festival de Huelva (Espanha) 1988Menção Honrosa - Festival de Curitiba 1989Melhor Filme - Jornada do Maranhão 1989Melhor Fotografia - Jornada do Maranhão 1989Melhor Trilha Original - Jornada do Maranhão 1989,,Curta-metragem
869,Terminal,Leonardo Cadaval,Brasil,2002,7,D FILMS,FESTIVAL DE GRAMADOFESTIVAL INTERNACIONAL DE CURTAS DE SÃO PAULOFESTIVAL DE CINEMA DE TEHRAN,Não informado,,Curta-metragem
871,No passo da véia,Jane Malaquias,Brasil,2001,15,Conexão Latina e SET Produções Audiovisuais,"Cine PE,Cine Ceará,Vitória, Tiradentes,Garnicé,Mostra de Curtas de SP,Sta Maria da Feira,Toulouse, Paris,Clermont Ferrand, Granada, Capalbio, Egito etc, etc","Melhor filme em Miami, Pernambuco,Maranhão e VitóriaMelhor atriz em Pernambuco e no MaranhãoPrêmio revelação e da crítica em Sta Maria da FeiraPrêmio ABD nacional na Mostra de Curtas de São PauloMenção honrosa em Toulouse",2001-01-01,Curta-metragem
873,A bruxinha Lili,Leonardo Copello,Brasil,2008,5,Braszil Design Ltda,7ª Mostra de Cinema Infantil de Florianópolis - 200819º Festival Internacional de Curtas-Metragens de São Paulo - 20084ª Mostra de Curtas de Ourinho/SP - 2008Exibições no Centro Cultural Banco do Nordeste -2008V Festival de Cinema de Arte de Salvador - 2008III Mostra Curtas Audiovisual (Campinas/SP) 2008Convidado para participar em 2009:Festival Internacional de Leitura de Campinas (18 a 26/04/2009)III Animaí (03 a 09/08/2009),Menção Honrosa no 3º Festival de Animação de Gramado - Granimado (2008),,Curta-metragem
874,O batedor de carteiras ,Aloisio T. de Carvalho ,Brasil,1958,84,Aloisio T. de Carvalho Produções Artísticas ,Não informado,Não informado,,Longa-metragem
875,Vida,Paula Gait&aacute;n,Brasil,2008,65,Aruac Produções,Festival do Rio,Não informado,,Média-metragem
876,A fila,Katia Maciel,Brasil,1993,4,Terceira Margem Produções,Não informado,Não informado,,Curta-metragem
877,Álbum de música,S&eacute;rgio Sanz,Brasil,1974,11,DAC/MEC,Não informado,Não informado,,Curta-metragem
878,Jornada Kamayurá,Heinz Forthmann,Brasil,1966,12,Instituto Nacional de Cinema Educativo - INCE,Não informado,Não informado,,Curta-metragem
879,Soneto do desmantelo blue,Cl&aacute;udio Assis,Brasil,1993,9,Parabólica brasil,Festival de Brasília - 1992Festival do Rio - 1992Festival do Ceará - 1993Festival Guarnicê do Maranhão - 1993,Melhor Direção - Guarnicê 1993Melhor Roteiro - Guarnicê 1993,,Curta-metragem
1345,A menina do mar,Mauro D’Addio,Brasil,2010,14,Realejo Filmes,Festival Intenacional de Curtas de São Paulo 2010,Não informado,,Curta-metragem
1346,Enciclopédia,Bruno Gularte Barreto,Brasil,2009,14,Okna Produções,Não informado,Não informado,,Curta-metragem
1347,Mundo mudo,Márcio Vieira,Brasil,2008,5,Não informado,Não informado,Não informado,,Curta-metragem
1348,Zica e os camaleões,Ari Nicolosi Mota,Brasil,2009,11,Conteúdos Diversos Produções LTDA.,Não informado,Não informado,,Curta-metragem
1349,O muro,Diego Florentino,Brasil,2009,5,Diego Florentino; Processo Multiartes,"- Seleção Oficial II Festival do Júri Popular- Seleção Oficial I Festival de Cinema de Ribeirão Pires- Seleção Oficial II Mostra de Cinema da Escola Superior Sul-Americana de Cinema e TV- Seleção Oficial V Festival de Jovens Realizadores do Mercosul- Seleção Oficial Festival de Cinema de Santa Maria 2009- Seleção Oficial V FestCine Aruanda- Seleção Oficial IV Festival de Cinema e Vídeo dos Sertões- Seleção Oficial I Mostra Juliette de Cinema- Seleção Oficial REC (Rumo Estação Cinema)- Seleção Oficial Cinefoot- Seleção Oficial 21° KINOFORUM – Festival Internacional de Curtas metragens de São Paulo (São Paulo/SP, 2010)- Seleção Oficial 12ª Mostra Londrina de Cinema (Londrina/PR, 2010)- Seleção Oficial 1ª Mostra de Cinema Infanto Juvenil de Blumenau (Blumenau/SC, 2011)- Seleção Oficial no 9&#730; Festival Internacional de Cinema Infantil – FICI 2011","- Prêmio REC 2009 de Melhor Vídeo no REC (Rumo Estação Cinema)- Prêmio de Melhor Roteiro no IV Festival de Cinema e Vídeo dos Sertões- Prêmio de Melhor Fotografia na 12ª Mostra Londrina de Cinema (Londrina/PR, 2010)",2009-11-01,Curta-metragem
1350,O primeiro João,André Castelão,Brasil,2006,6,Não informado,Não informado,Não informado,,Curta-metragem
1351,Um vestido para Lia,Hermano Figueiredo e Regina Barbosa,Brasil,2009,14,Manguaba Produções,- Canoa Quebrada 2010- Mostra Nordestina de cinema  Paulista - 2010,Não informado,2010-03-15,Curta-metragem
1352,Brisa,Cinema Nosso,Brasil,2009,3,Não informado,Não informado,Não informado,,Curta-metragem
881,O brilho dos meus olhos,Allan Ribeiro,Brasil,2006,10,Universidade Federal Fluminense,"Aspen (EUA), Cartagena (Colômbia), Belgrado (Sérvia), Cancun (México), Moscou (Rússia), Santiago (Chile), Short Shorts Film Festival Tóquio (Japão), Brasília, Tiradentes, Canoa Quebrada-CE, Manaus, Mostra do Filme Livre, Goiânia, Internacionais do RJ e BH, entre outros.  ","Melhor Filme no 11º Festival Intern. de Cine de Punta del Este – Uruguai.- Melhor Roteiro no Short Film Festival of LOS ANGELES – EUA- Melhor Filme Nacional, Melhor Ficção, Melhor Roteiro e Melhor Trilha Sonora Adaptada no 30º Festival Guarnicê de Cinema – São Luís - MA.- Prêmio Revelação no 18º Festival Internacional de Curtas de SP.- Melhor curta-metragem no IV Mostra Curta Pará Cine Brasil – Belém – PA.- Prêmio da Crítica no III Festival Internacional de Atibaia –SP.- Melhor ator no III Festival Internacional de Atibaia –SP.- Menção especial da FICC – Federação Internacional de Cineclubes, no III Festival Intern. de Atibaia –SP.- Melhor direção no 6º Nóia – Fortaleza – Ceará.- Melhor roteiro no 1º Festival de Itu – SP.- Melhor ficção no II Festival 2º Perro Loco –GO.",,Curta-metragem
882,Doce Turminha e o Bom Samaritano,Eduardo Drachinski,Brasil,2007,10,Drachinski Estúdio,"Fam - Florianópolis Audiovisual Mercosul (SC),Locomotiva - Festival Nacional de Animação (RS),Curta-SE - Festival Luso-Brasileiro de Curtas-Metragens de Sergipe (SE),Mumia - Mostra Udigrudi Mundial de Animação (MG),Mostra Curtas Cariri (CE),Cinesul - Festival Ibero-Americano de Cinema e Vídeo (RJ),Catavídeo - Mostra de Vídeos Catarinenses (SC),Mosca - Mostra Audiovisual de Cambuquira (MG),Mostra de Cinema Infantil de Florianópolis (SC),Anim!Arte - Festival Brasileiro Estudantil de Animação (RJ),Festival de Cinema de Cascavel (PR),Animará - Festival Internacional de Cinema e Animação (MG),Festival do Paraná de Cinema Brasileiro e Latino (PR),Curta Cultura - Sessão Espacial de Dia das Crianças - Cultura Inglesa (SP),AnimaSerra - Festival Nacional de Cinema de Animação, Quadrinhos e Games da Região Serrana do Rio de Janeiro (RJ),Mostra do Filme Ambiental e Etnográfico de Rio das Ostras (RJ),Festival Brasilidades – Feira de Santana (BA),FestCine Amazônia - Festival de Cinema e Vídeo Ambiental (RO),Baixada Animada - Mostra de Cinema de Animação da Baixada Fluminense (RJ)e Festival Cinema de Arte de Salvador (BA).","Melhor Curta Infantil (júri popular) - Mosca - Mostra Audiovisual de Cambuquira (MG),Prêmio Maurice Capovilla (Capô) de Melhor Linguagem - FestCine Amazônia - Festival de Cinema e Vídeo Ambiental (RO),2º Lugar (vencedores 2D – entre mais de 400 obras de todo o Brasil) - AnimaSerra - Festival Nacional de Cinema de Animação, Quadrinhos e Games da Região Serrana do Rio de Janeiro (RJ),2º Lugar na Categoria: Universitários (júri popular) - Anim!Arte - Festival Brasileiro Estudantil de Animação (RJ)e 3º Melhor Filme/Vídeo Nacional (júri popular) - Mostra de Cinema Infantil de Florianópolis (SC). ",,Curta-metragem
883,Mulheres de Mamiraua,Jorane Castro,Brasil,2008,40,Cabocla Produções,"3° Mostra Amazônica do Filme Etnográfico – Manaus, Outubro 20085° Mostra Curta Pará Cine Brasil -  Belém, Outubro 200813° Mostra Internacional do Filme Etnográfico – Rio de Janeiro, Novembro 20083° Festival de la Memoria, Tepoztlán, Morelos, México, Maio 20099ª Muestra Documentales y Fotografías de América Latina, Albacete, Espanha, abril 2009.1° Amazon Doc, Belém, Pará, Abril 2009 – Mostra Olhares Paralelos.6° FEMINA - Festival Internacional de Cinema Feminino, Rio de Janeiro, RJ, junho 2009.1° Festival do Filme etnografico de Recife, PE, Junho 2009.Cinesul 2009, Rio de Janeiro, RJ, junho 2009.",Não informado,,Média-metragem
884,Paralelos,Alexandre Basso,Brasil,2007,15,Doc Filmes Produções Audiovisuais Ltda.,"Festival de Cinema de Cuiabá, Festival de Cinema do Ceará, Festival de Cinema de Londrina, Festival de Cinema de Goiania, Festival de Cinema de Campo Grande, Festival de Cinema de Vitória, Pará Cine Vídeo, Festival Internacional de Curtas de São Paulo, Grande Prêmio do Cinema Brasileiro, ",Melhor Desenho de Som e Trilha Sonora - Cuiabá 2007;Melhor Direção - Cine Ceará 2007Melhor Som - Cine Ceará 2007Melhor filme pelo juri popular - Londrina 2007Melhor filme pelo juri popular - Campo Grande 2008Grande prêmio do cinema brasileiro 2008 - finalista,,Curta-metragem
885,Poeira,David Alves e Luciano Oliveira,Brasil,2007,7,NERAMA - Núcleo de Estudos e Realziações Audiovisuais Monte Azul,Estréia no 18º. Festival Internacional de Curtas de São Paulo (Ago -2007) Aquisição do Prêmio de Distribuição pelo site CurtaoCurta por um ano em festivais nacionais.,Não informado,,Curta-metragem
886,Poema Cidade,Francisco C&eacute;sar Filho e Tata Amaral,Brasil,1986,11,Star Filmes Ltda. e Anhangabaú Produções Ltda ME.,III FESTRIO - Rio de Janeiro/1986XV JORNADA DE CINEMA DA BAHIA - Salvador/86,MELHOR FILME - X Jornada de Cinema e Vídeo do Maranhão/1987MELHOR SOM - II Rio Cine Festival/1986,,Curta-metragem
887,O burrico e o bem-te-vi,Maur&iacute;cio Squarisi,Brasil,2008,6,Núcleo de Cinema de Animação de Campinas,01- 6º MUMIA – MOST UDIGRUDI MUNDIAL DE ANIMAÇÃO – 2008.02- ANIMAGE – I Fest Internacional Cine de Animação de Pernambuco03- 12º Mostra de Cinema de Tiradentes04- IV Mostra de Cinema de Animação da Baixada Fluminense05- 8ª MOSTRA DO FILME LIVRE06- XXVII FEST INE INTERNACIONAL DEL URUGUAY07-1 º CINE GRANDES CURTAS 2009 FEST NAC DE PELOTAS08- 8ª Mostra de Cinema Infantil de Florianópolis09- 32º Festival  Guarnicê de Cinema,Roteiro selecionado no FICC - Fundo de Investimentos Culturais de Campinas,2009-09-04,Curta-metragem
888,Disputa entre o diabo e o padre pela posse do cênte-fór na festa do santo mendigo ,Eduardo Duval e Frata Soares,Brasil,2006,11,"""-""","ANIMAMUNDI 2007 , Granimado 2007 , Curta Cinema 2007 , Mostra do Dia Internacional da Animação 2007 , Goiânia Mostra Curta 2007 , Festival do Cinema Livre 2008, Curta na Tela -Porto Alegre 2010   ",Não informado,,Curta-metragem
889,Terra,S&aacute;vio Leite,Brasil,2008,5,Leite Filmes,- II Festival de Cine Social y Antisocial de La Pintana – Santiago – Chile – 2008.- V Festival Internacional de Cortometrajes y Escuelas de Cine – El Espejo - Bogotá – Colômbia – 2008.- 16° Festival Internacional de Cortometrajes de Santiago – Chile – 2008.- Cero Latitud – 6° Festival de Cine de Quito – Ecuador – 2008- 30° Festival Internacional del Nuevo Cine Latinoamericano de Havana – Cuba – 2008.- FENAVID – Festival Internacional de Vídeo – Santa Cruz de la Sierra - Bolívia – 2008.- V Festival Internacional de Cortometrajes de Cusco - FENACO - Peru – 2008.- 31th Clermont-Ferrand Short Film Festival – França – 2009.-12° Festival de Cinema Luso Brasileiro de Santa Maria da Feira – Portugal – 2008.- Los Angeles Brazilian Film Festival – USA – 2009.-39th Tampere International Film Festival – Finlândia – 2009.-Annecy 2009 – Festival Internacional do Filme de animação – França – 2009.- CAMERA MUNDO – 2º Festival de Filmes independentes – Rotterdan – Holanda – 2009.-2nd Brazilian Film Festival of Vancouver – Canadá – 2009.- Signes de Nuit – Festival Internacional de Création Audiovisuelle  et Cinématographique – Paris – França – 2009.-Festival CINE / B – Santiago – Chile – 2009.- 11° FAM – Festival Audiovisual Mercosul – Florianópolis – SC – Brasil - 2008- 19° Festival Internacional de Curtas Metragens de São Paulo – Brasil -2008.- 4a Mostra de Cinema de Ourinhos – SP – Brasil - 2008.- 9º Festival de Penedo - AL – Brasil - 2008- Animará - Festival Internacional de Animação – Sabará – MG – Brasil - 2008.- 8° Goiânia Mostra Curtas – GO – Brasil – 2008-CineEsquemaNovo – Festival de Cinema de Porto Alegre – Brasil – 2008.- 5° Curta Votorantim – São Paulo – Brasil – 2008.-3° GRANIMADO - Festival de Animação de Gramado – Brasil – 2008.-Curta Cinema 2008 – Festival Internacional de Curtas metragens do Rio de Janeiro – Brasil.- 10a Mostra Londrina de Cinema – Brasil – 2008.- 5° Amazonas Film Festival – Brasil – 2008.- Jornada Internacional de Cinema do Recife - Brasil - 2008.- Mostra CINE BH – 2008 – Brasil- 15° Vitória Cine Vídeo – 2008 – Brasil- VII Araribóia Cine - Festival de Cinema de Niterói – Brasil – 2008.- 16° FESTVÌDEO – Festival Nacional de Vídeo de Teresina – PI – Brasil - 2008 - 1 Festival do Juri Popular – 19 capitais brasileiras – Brasil – 2009.- 9ª Mostra do Filme Livre – Rio de Janeiro – Brasil – 2009. -4ª Mostra Felco – Festival Latinoamericano da Classe Obrera – Belo Horizonte – Brasil – 2009.-4º Locomotiva – Festival Nacional de Animação – Garibaldi/RS – 2009.-4º CINEPORT – Festival de Cinema de Países de Língua Portuguesa – João Pessoa – Brasil – 2009.- ANIMA MUNDI – 17º Festival Internacional de Animação do Brasil – 2009.-4º CINE OP – 4ª Mostra de Cinema de Ouro Preto – MG – Brasil – 2009.- Curta-se – 9º Festival Ibero-americano de Cinema de Sergipe – Brasil – 2009.,-Melhor Filme Humano - Cachaça Cinema Clube - 19° Festival Internacional de Curtas Metragens de São Paulo – 2008.-Melhor Curta Mineiro - Festival Internacional de Cinema de Animação - Sabará - MG - Brasil - 2008.-Prêmio Especial do Júri - VII Araribóia Cine - Festival de Cinema de Niterói – Brasil – 2008.-Menção Honrosa - 9ª Mostra do Filme Livre – Rio de Janiero – Brasil – 2009.-Finalista do Grande Prêmio Vivo do Cinema Brasileiro – Academia Brasileira de Cinema – 2009.-     Prêmio Originalidade - 4º Locomotiva – Festival Nacional de Animação –             Garibaldi/RS – 2009.-     Indicado ao 14º Prêmio SESC/SATED como melhor curta metragem – Belo Horizonte – Brasil – 2009.- Melhor Animação – Festival do Júri Popular – Brasil – 2009- Melhor Animação - 4º CINEPORT – Festival de Cinema de Países de Língua Portuguesa – João Pessoa – Brasil – 2009.,,Curta-metragem
935,Queremos as Ondas no AR,Francisco C&eacute;sar Filho,Brasil,1986,11,Anhangabau Produções ,- Festival de Oberhausen (Alemanha)- Festival Jornada de Cinema da Bahia,- GRANDE PRÊMIO DO JÚRI DO FESTIVAL DE OBERHAUSEN - Alemanha/88- MELHOR CURTA-METRAGEM - Salvador/87- TROFÉU MACUNAÍMA - concedido pela Federação Nacional de Cineclubes/87- MELHOR FILME - Júri Popular - Maranhão/87-MELHOR ROTEIRO - Maranhão/87MENÇÃO ESPECIAL DO JÚRI - Fortaleza/87,,Curta-metragem
890,Profetas da chuva e da esperança,Marcia Paraiso,Brasil,2007,15,Plural Filmes,"Festival de Goiânia, Festcine Amazônia, Curta Cabo Frio, Fest de Cine e Video de Atibaia, Fest Curta Vídeo Votorantim, FEMINA, Mostra Nacional de vídeo ambiental de Vila Velha, Festival do Paraná, Catarina Fest de Documentário, Festival de Cinema de Ouro Preto, Festival de Ribeirão Preto, Curta Canoa, Curta Lençois, Fest de Cine Ambiental de Nova Friburgo","Festcine Amazonia - melhor curta, melhor documentário, melhor fotografia, melhor montagemFest Curta Vídeo Votorantim - melhor filmeFEMINA - melhor direçãoFest do Paraná - Melhor fotografiaMostra Nacional de vídeo ambiental de Vila Velha - Melhor documentárioCatarina Fest de Documentario - melhor documentario, melhor fotografia, melhor trilha sonora originalCurta Canoa - melhor fotografia, melhor trilha sonora",,Curta-metragem
891,A minha maneira de estar sozinho,Gustavo Galv&atilde;o,Brasil,2008,14,400 Filmes,"Até junho de 2009: do 41º Festival de Brasília do Cinema Brasileiro (Nov/2008) e 32º Festival Guarnicê de Cinema (São Luís, Jun/2009).",Não informado,2008-11-23,Curta-metragem
892,Um certo esquecimento,Andr&eacute; Carvalheira,Brasil,2008,16,400 Filmes,"41º Festival de Brasília (Nov/2008) e Panorama Coisa de Cinema (Salvador, Mar/2009).",Não informado,2008-11-23,Curta-metragem
893,O sangue pelos filhos,Flavio Barollo,Brasil,2009,18,Mamba Produções,"- Mostra Curta Cinemateca 2009- Mostra Rain 2009- Mostra ABC 2009- Festival Cinema Grandes Curtas de Pelotas- Festival BrasilCine de Estocolmo, Suécia- Festival Cineme-se, Santos",Não informado,,Curta-metragem
894,Véio - uma história de Alberto Barollo,Flavio Barollo,Brasil,2008,20,Mamba Produções,Festival de Cascavel 2008QuickFlickTV Cultura,Vencedor de melhor filme no Festival de Cascavel 2008,,Curta-metragem
895,A arquitetura do corpo,Marcos Pimentel,Brasil,2008,20,Não há,"“41º Festival de Brasília do Cinema Brasileiro” (Brasil, novembro 2008)  - Prêmio: Melhor Montagem“12º Festival de Cinema Luso-Brasileiro de Santa Maria da Feira” (Portugal, Dezembro 2008) – Prêmio: Menção honrosa da crítica“13º Festival LA FILA de Curta-metragens de Valladolid” (Espanha, março de 2009) - Prêmio: Melhor Fotografia“14º  É tudo verdade - Festival Internacional de documentários” (Brasil, abril de 2009) “Prêmio SESC / SATED 2009” (Minas Gerais, abril de 2009) - Prêmio: Melhor Direção – categoria Curta-metragem“06º  Panorama Recife de Documentários” (Brasil, maio de 2009) “7º  CRONOGRAF - Festival Internacional de Documentários” (Moldávia, Europa Oriental, maio de 2009) “Femina 09 – Festival Internacional de Cinema Feminino” - Sessão Masculino – Feminino (Brasil, junho de 2009)“37º  Festival Internacional de Cinema de Huesca” (Espanha, junho de 2009) „23º Pärnu International Documentary Film Festival“ (Estônia, julho de 2009)","“41º Festival de Brasília do Cinema Brasileiro” (Brasil, novembro 2008)  - Prêmio: Melhor Montagem“12º Festival de Cinema Luso-Brasileiro de Santa Maria da Feira” (Portugal, Dezembro 2008) – Prêmio: Menção  honrosa da crítica“13º Festival LA FILA de Curta-metragens de Valladolid” (Espanha, março de 2009) - Prêmio: Melhor Fotografia“Prêmio SESC / SATED 2009” (Minas Gerais, abril de 2009) - Prêmio: Melhor Direção – categoria Curta-metragem",2008-11-21,Curta-metragem
896,Cemitério da memória,Marcos Pimentel,Brasil,2003,10,Não há,"Exibido no 14º Festival Internacional de Curtas-metragem de São Paulo (2003), no 5º Festival Internacional TIM de Curtas-metragem de Belo Horizonte (2003), I Panorama Recife de Documentários (2004), 3ª Mostra Curta Minas (BH / 2003), 2º Festival Primeiro Plano de Curtas-Metragem (Juiz de Fora / 2003), Mostra Curta Cinema (RJ / 2003), Programa “Curta Circuito” –  Curta Minas (BH / 2004), Porta Curtas Petrobrás, Projeto “Curta Petrobrás às 6” (2004). ","Prêmio melhor documentário Festival Primeiro Plano (Brasil), menção honrosa Mostra Curta Minas (Brasil), finalista do Grande Prêmio TAM do Cinema Brasileiro, promovido pela Academia Brasileira de Cinema (Brasil - 2004)",,Curta-metragem
897,Zé do sertão contra a fera do mar,Sergio Sbragia,Brasil,2005,16,Serpente Filmes,CinesulOBS - o filme foi inscrito em apenas 3 festivais,Concurso Riofilme 2003 (2º lugar),,Curta-metragem
898,Moleque de rua,M&aacute;rcio Ferrari,Brasil,1991,10,Anhangabau Produções e Tata Amaral,Festival de Havana; - Festival Figueira da Foz; Festival Singapura; - Festival Tampere;- Festival Leipzig; - Festival Augsburg;- Festival São Luís e- Festival Clermont-Ferrand.,- Prêmio de melhor Música no Festival de Brasília / 91 - Prêmio especial do Júri no Festival de Gramado / 91,,Curta-metragem
899,Buzula Baby,Luiz Felipe Fontoura,Brasil,2003,2,Moro Comunicação Ltda.,Não informado,Não informado,,Curta-metragem
900,Noites curitibanas - episódio 1,Diana Moro,Brasil,2002,28,Moro Comunicação Ltda.,Não informado,Não informado,,Curta-metragem
901,Sobre Viver,Luiz Felipe Fontoura,Brasil,2003,2,Moro Comunicação Ltda.,Não informado,Não informado,,Curta-metragem
902,Brazil com S,Diana Moro,Brasil,1996,8,Moro Comunicação Ltda.,Não informado,Não informado,,Curta-metragem
903,Bioma Brasil - Chapada dos Veadeiros,Havita Rigamonti,Brasil,2005,33,Moro Comunicação Ltda.,Não informado,Não informado,,Média-metragem
904,Bioma Brasil - Guaraqueçaba,Havita Rigamonti,Brasil,2005,25,Moro Comunicação Ltda.,Não informado,Não informado,,Curta-metragem
905,Bioma Brasil - Pantanal,Havita Rigamonti,Brasil,2005,23,Moro Comunicação Ltda.,Não informado,Não informado,,Curta-metragem
906,Bioma Brasil - aves do Brasil Central,Havita Rigamonti,Brasil,2009,20,Moro Comunicação Ltda.,Não informado,Não informado,,Curta-metragem
907,"Dia sim, dia não",Eveline Costa,Brasil,2008,8,Sequencia Filmes,"10º Festival de Cinema Brasileiro em Paris – 27/05/08.Fundação Casa Rui Barbosa - Cineclube ABDeC-RJ –  31/05/08.Estação Central do Brasil - Dia Mundial do Meio Ambiente, promovido pelo Sesc Rio de Janeiro – 05/06/08.Canal Brasil – 02/07/08 às 20h30min e 06/07/08 às 12h00min.Mostra de Curtas da Casa da Gávea – Rio de Janeiro - 16/9/2008.Mostra de Curtas da Escola de Cinema Darcy Ribeiro- 2008.                     Ateliê da Imagem – Urca – Rio de Janeiro – 03/10/2008.3º Festival de Cinema do Paraná – Curitiba – out./2008.Dia Nacional da Cultura- Teatro Sesi- Rio de Janeiro – 5/11/2008. Cine Glória – novembro e dezembro 2008 e janeiro 2009 – RJ Official Selection of New York Short Film Festival – march 2009Mostra do Filme Livre – Centro Cultural do Banco do Brasil – Rio de Janeiro – abril de 2009.FEMINA Festival Internacional de Cinema Feminino – Caixa Cultural – Rio de Janeiro – 1 a 7/6/2009ATTITUDE- 5th Festival Internacional de video art e filme experimental  - Centro de Artes Públicas Contemporâneas - Macedonia – 26 a 30/6/2009",*Rio Criativo/FIRJAN - prêmio de melhor documentário – Sesi – Rio de Janeiro - 2008. *Entretodos – 2º Festival de Cinema de Direitos Humanos- prêmio de curadoria e prêmio de público - São Paulo – SP - Sesc Vila Mariana - 02/12/2008 a 10/12/2008.,,Curta-metragem
908,Rapsódia do absurdo,Claudia Nunes,Brasil,2006,16,não,"CamboFest Film and Vídeo Festival of Camboja 2008Zinebi 2008 (50th Bilbao IF of Documentary and Short Films) – Experimental Image y SonidoAluCine Toronto Latin Festival 2008Aiace Invideo 2008 (Itália)14th Ismailia International for Doc and Short Films (Egito)Fenavid 2007 (Festival Internacional de Vídeo de Santa Cruz - Bolívia)IDA Awards – Associação Internacional de Documentários (indicado aos prêmios Pare Lorentz e ABC News)CineEco (Portugal)Signes de Nuit 2008 (França)Festival Internacional de Cine de Viña del Mar (Chile)2º International Short Film Festival Psarokokalo 2008 (Grécia)&#8194;&#8194;&#8194;&#8194;Fenaco (Peru)Alternative Film/Video 2007 (Serbia)15º San  Diego Latino Film Festival 2008 (EUA)2º Festival de Cine Social e DH (CineOtro 2008 Valparaíso)7º Muestra de Nuevos Realizadores (ICAIC Cuba)Short Film Market of 23º Clermont Ferrand Film FestivalPsarokokalo Film Festival 2008 (Grécia)Al Jazeera Film Festival 2008 (Qatar)Tiburon Film Festival 2008 (EUA)Tampere Film Festival  2008 (Finlândia)10th Thessaloniki International DocMarket (Grécia)  Special Programm of the Signes de Nuit Festival in theOpen Cinema Festival (St. Petersburg – Russia)Special Programm fof Signes de Nuit in the 1st Interntional Budapest Video Art and Cin/Diff FestivalRefect Festival in Roterdam 2009 (Signes de Nuit)Grande Prêmio Vivo do Cinema Brasileiro (Academia Brasileira de Cinema) 3º Mostra de Cinema de Itabira11º Cine PE 2007 Festival de CuiabáCineSul 2007II Mostra de Ouro PretoCine Esquema Novo 200739º Festival de Inverno da UFMGVII Encontro de Culturas Tradicionais da Chapada dos VeadeirosII Festival Latino-Americano de São Paulo 11º FAMMostra ABD Cine Goiás 2007FICA 2007Festival Internacional de Cinema Feminino 200718º Festival Internacional de Curtas de São PauloIII Tudo sobre Mulheres7º Goiânia Mostra Curtas4º Amazonas Film Festival14º Vitória Cine VídeoFLÔ 2007I Mostra de Cinema e Vídeo do Triângulo Mineiro 2007II Muricine Cine Vídeo Ambiental (novembro 2007)1º Iguacine 2008 (Nova Iguaçu – Rio de Janeiro)Mostra Cinema Conquista (novembro de 2007 – Vitória da Conquista, Bahia) Mostra do Filme Livre 2008","11º Festival Audiovisual do Mercosul 2007-melhor musica e melhor montagemMostra ABD Cine 2007-melhor musica, melhor montagem e melhor curta-metragemFestival Internacional de Meio-Ambiente (FICA) 2007-melhor produção goianaFestival Internacional de Cinema Feminino (Fêmina) 2007 (Rio de Janeiro)-menção especial competitiva de documentários nacionais Festival Internacional de Vídeo de Santa Cruz (Fenavid – Bolívia) 2007-melhor curta-metragem, melhor documentário, melhor edição, melhor musica original e menção especial reportagem denúncia (jurí de direitos humanos)11º Ismailia International Festival for Shorts and Docs (Egito)-menção especialIII Tudo sobre Mulheres 2007 (Mato Grosso)-melhor  experimentalMostra do Filme Livre 2008-menção honrosa4º Signes de Nuit Film Festival 2008 (França)-Prix de NuitRecine 2008-Melhor Concepção SonoraCamboFest 2008-Premio Human Rights Showcase",,Curta-metragem
909,Brincadeira dos velhos tempos?,Ramon Alvarado,Brasil,1977,11,Ramon Alvarado Produções Cinematográficas,Festival de Gramado,Nenhum,,Curta-metragem
910,Floresta da Tijuca,Ramon Alvarado,Brasil,1980,8,Ramon Alvarado Produções Cinematográficas,de Brasília; do Rio,Nenhum,,Curta-metragem
913,Faça Sua Escolha,Paulo Miranda,Brasil,2006,7,SW-VG 94 Produtora,"29º Festival Guarnicê de Cinema, Palm Springs Short Fest 2006, 63º Festival de Filmes de Veneza (Itália), Curta Santos, Festival de Filmes de Havana (Cuba), Festival de Cartágena (Colômbia), San Diego Latino Film Festival, Los Angeles Short Film Festival","Melhor Roteiro, Melhor Filme e Melhor Direção (Curta Canoa 2006), Melhor Filme Júri Popular (Festival de Campo Grande 2007), Menção Especial do Júri (Festival de Filmes de Larissa, na Grécia, em 2007)",2006-04-05,Curta-metragem
912,Dois em um,Lu&iacute;s Carlos Soares,Brasil,2003,9,Bambu Produtora e Distribuidora de Filmes Ltda.,"Exibido na 7ª Mostra de Cinema de Tiradentes, em jan/2004; exibido na 17ª Mostra Audiovisual Paulista em abr/2004; no 8º FAM em Floripa, em jun/2004, no 27º Festival Guarnicê de Cinema, São Luis no MA, em Jun/2004; 6º Festival Internacional de Curtas de BH, em Julho/2004; 4º Portobello Film Festival, em Londres, em Agosto/04; 15º Festival Internacional de Curtas Metragens de SP, em ago/2004;  XXXI Jornada Internacional de Cinema da Bahia, em set/2004; 4ª Goiânia Mostra Curtas, out/04; 6º Filmar em América latina, in Genebra, Suíça, nov/04, Festival de Biarritz (França); 15º Ljubljana International Film Festival, na Eslovênia, em nov/2004; Muestra Internacional de Cortometrajes Cusco no Peru, de 11 a 13 de Nov/04; Festival Um Amazonas 2004; e a 2º Mostra de Cinema de Campo Grande, no MS, em janeiro/2005; Curta o Curta no Sesc Pompéia, em 30/06/2005; na Mosca, em Cambuquira, MG, em julho de 2005; 2º Festival de Cinema de Maringá, no PR, em jul/2005; Prêmio CineFavela de Curta Metragem, em Heliópólis, São Paulo, em ago/2005; Tudo sobre Mulheres, I Festival de Cinema Feminino da Chapada dos Guimarães, em MT, em Set/2005; no CurtaTaquary, em PE, em set/out de 2005; ParatyCine - II Festival de Cinema de Paraty, de 19 a 23 de out/2005; 9º Festival de Cinema, Vídeo e DCine, de 25 a 30 de Out/2005; III Cineamazônia – Mostra Internacional de Cinema e Vídeo Ambiental, Porto Velho, RO, de 16 a 19 Novembro/2005; 13º Festival de Vídeo de Teresina, PI,  de 5 a 10 de dezembro de 2005; IV Curta Santos, de 25 a 29 de set/2006, Santos, SP. ","TATU DE OURO – Melhor Filme de FicçãoXXXI JORNADA INTERNACIONAL DE CINEMA DA BAHIA, Salvador – set/2004Melhor filme Prêmio Cine Favela de Curta Metragem 2005Melhor ator (2º Lugar) Gustavo Dias – Prêmio Cine Favela de Curta Metragem 2005Agosto de 2005, Favela de Heliópolis, São Paulo - SPPREMIO ESPECIAL DO JURI – para filme de ficção no III Cineamazônia – Mostra Internacional de Cinema e Vídeo Ambiental, Porto Velho, RO, em nov/2005.",,Curta-metragem
914,Mestre Humberto,Rodrigo Savastano,Brasil,2005,20,Não informado,Não informado,"Seleção oficial para o International Shortfilm Festival of Oberhausen 2006Special Jury Mention, Cine Las Americas International Film Festival, Austin, USA – Maio 2006 Prêmio Juri-Popular do Festival Brasil Plural (Alemanha) - 2006   Prêmio Melhor direção e Melhor montagem no Festival Primeiro Plano 2005  Prêmio Júri Popular do Festival Internacional de Curtas de São Paulo 2005, como um dos 10 curtas mais votados pelo público  Prêmio aquisição Canal Brasil, no Festival Internacional de Curtas de São Paulo 2005 Prêmio Riofilme de Video-digital 2003",,Curta-metragem
915,A sintomática narrativa de Constantino,Carlos Dowling,Brasil,2000,23,Abba Produções,"Estreou no 11o Festival Internacional de Curtas-metragem de São Paulo e já recebeu o prêmio de Curta-Metragem Revelação no 5o Festival de Cinema Luso-Brasileiro de Santa Maria da Feira/Portugal, além dos prêmios de melhor Roteiro, melhor Direção, Prêmio Especial da ABD-RJ e Prêmio Oficial pela Contribuição Técnica no VI Festival Brasileiro de Cinema Universitário.","Estreou no 11o Festival Internacional de Curtas-metragem de São Paulo e já recebeu o prêmio de Curta-Metragem Revelação no 5o Festival de Cinema Luso-Brasileiro de Santa Maria da Feira/Portugal, além dos prêmios de melhor Roteiro, melhor Direção, Prêmio Especial da ABD-RJ e Prêmio Oficial pela Contribuição Técnica no VI Festival Brasileiro de Cinema Universitário.",,Curta-metragem
917,Exu Mangueira,Jom Tob Azulay,Brasil,2009,45,Não informado,Não informado,Não informado,,Média-metragem
918,Caminhos da diplomacia brasileira,Jom Tob Azulay,Brasil,2009,15,Não informado,Não informado,Não informado,,Curta-metragem
919,Debret,Jom Tob Azulay,Brasil,2009,29,Não informado,Não informado,Não informado,,Curta-metragem
920,Torneio Amilcar Cabral,Jom Tob Azulay,Brasil,2009,27,Não informado,Não informado,Não informado,,Curta-metragem
921,São,Pedro Severien,Brasil,2009,15,Orquestra Cinema ,XII Mostra de Cinema de Tiradentes6º Festival de Cinema de Maringá 2° Festival de Cinema de Triunfo CINEME-SE 2009,Nenhum até o momento.,,Curta-metragem
922,Contatos siderais antes do colegial,Ale McHaddo,Brasil,2009,14,44 Toons,Não informado,Não informado,,Curta-metragem
923,Gineceu,Helena Lustosa,Brasil,2009,7,Não informado,Não informado,Não informado,,Curta-metragem
924,Cemitério São Luiz,Ana Paul,Brasil,2003,13,Bambu Filmes,•Santa Maria Vídeo e Cinema - Festival Nacional de Vídeo e Mostra de Cinema -2a. Feira do Audiovisual – Santa Maria/RS - julho 2003•16ª Mostra do Audiovisual Paulista – São Paulo/SP - julho 2003•Mostra Olhar Brasil – Recife/PE – agosto 2003•II Panorama Brasil Coisa de Cinema – Salvador/BA – agosto 2003•2º Catarina Festival de Documentário – Balneário Camboriú/SC - agosto 2003•Projeto Fazer Acontecer – exibições na periferia paulistana – agosto 2003•14o Festival Internacional de Curtas-metragens de São Paulo – agosto 2003•MostraVídeo Itaú Cultural – Belo Horizonte/MG – outubro 2003•2ª Mostra de Cinema de Ribeirão Preto – Ribeirão Preto/SP - outubro 2003•Mostra de Vídeos do IX Fenart - Festival Nacional de Artes de João Pessoa – João Pessoa/PB - novembro 2003•13 ª Mostra Curta Cinema/Festival Internacional de Curtas do Rio de Janeiro – Rio de Janeiro/RJ – novembro/dezembro 2003•10o Vitória Cine Vídeo – Vitória/ES – dezembro 2003•Carnaval Revolução – Belo Horizonte/MG – fevereiro 2004•44o Festival Internacional de Cine de Cartagena – Cartagena/Colômbia – março 2004•FAM Festival Audiovisual do Mercosul – Florianópolis/SP – julho 2004•Festival Interncional de Cinema de Karachi (Paquistão) – 2005•Programa Curta Brasil (canal de televisão Rede Brasil) outubro 2005•Imagens da Periferia/Da Margem ao Centro – São Paulo/SP – novembro 2006,quarto concurso Mídias Digitais doprograma Petrobrás Cinema.,,Curta-metragem
925,Osmar - A Primeira Fatia do Pão-de-Forma,Ale McHaddo,Brasil,2008,11,44 TOONS,Não informado,Não informado,,Curta-metragem
926,Risco,bernardo gebara,Brasil,2004,15,cinema artezanal -bernardo gebara,Cinesul - Rio de Janeiro-BrasiliaVer-O-Peso - BelémSanta Maria - Rio Grande do SulCatarina - CamboriúSalvadorGoiâniaVitória-ESTiradentesSanto AndréParalela Premiere Brasil RIOCurta Cinema-RioManausCongresso de Psiquiatria BahiaMostra do Filme LivreAtacadão dos filmesGuarnicê - São Luis do Maranhão,RioFilme - Prefeitura do Rio de JaneiroMelhor Roteiro - BelémMelhor Documentário – Catarina - 2004Menção Honrosa – Catarina - 20043ºlugar festival 5 minutos Bahia - PRÊMIO CARLOS ATHAÍDEMelhor Documentário – ManausMelhor filme – Congresso de psiquiatria BahiaPremio Rio Livre – Mostra do Filme Livre – RJ - 2005Melhor Filme – Atacadão dos Filmes – Circo Voador Rio de JaneiroPrêmio ABD-do Maranhão (Guarnicê)Prêmio Jangada-(Guarnicê),,Curta-metragem
927,"Minha Tia, Meu Primo",Douglas soares,Brasil,2008,9,3 Moinhos Produções Artísticas Ltda ME,41º Festival de Brasília;31º Festival Guarnicê de Cinema;Curta Cinema 2008;7º Santa Maria Video e Cinema;FestCine Amazônia 2008;Mostra do Filme Livre 2008;II Festival POPular de Cinema de Itapeva;XI Vide Video;FBCU 2008;2º Perro Loco;III Mostra Curta Audivisual de Campinas;XVI Festival de Vídeo de Teresina;7º Festival Nacional de Cinema de Varginha;I Iguacine 2008;I Miau - Mostra Independente do Audiovisual;Festival Ratoeira 2008;Festival Encurta 2008,Melhor Filme “Um Homem Só” - Iguacine 2008;Melhor Documentário - I MIAU;Prêmio ABDeC-RJ para documentário - Festival Ratoeira;Melhor Documentário - Festival Encurta 2008,,Curta-metragem
928,Autofagia,Lu&iacute;s Roberto Carvalho,Brasil,2007,6,Filme Independente,- Festival Tela Digital – Parceria entre a Associação Kinoforum e TV Brasil / 2009- Festival Ratoeira/ Cine Clube Beco do Rato – Rio de Janeiro / 10 a 12 de julho de 2008  • Prêmio de Melhor Curta-metragem experimental;- 7 Mostra do Filme Livre - Rio de Janeiro / 19/02 a 09/03 2008;- 21 Mostra do Audiovisual Paulista – São Paulo / 11 a 16 de dezembro2007;- Mostra de curtas metragens da Academia Internacional de cinema – São Paulo / 2 de dezembro 2007.,- Festival Ratoeira/ Cine Clube Beco do Rato – Rio de Janeiro / 10 a 12 de julho de 2008  • Prêmio de Melhor Curta-metragem experimental;,,Curta-metragem
929,Isto não é um Filme,Loli Menezes,Brasil,2006,22,Vinil Filmes,FAM - Florianópolis Audiovisual Mercosul - 2006Festival Latino Americano de vídeo de Rosario - 2006,"Finalista do AXN Film Festival 2007, exibido em toda a América Latina.",,Curta-metragem
930,A CAUDA DO DINOSSAURO,Francisco Garcia,Brasil,2008,17,Kinoosfera Filmes e Muiraquitã Filmes,"“Finalista do Prêmio Fiesp 2008”“Seleção Festival de Cinema de Sergipe – Curta-SE 2008”“Seleção 19 Festival Internacional de Curtas-Metragens de São Paulo”“Seleção FANRIO 2008”“Seleção Festival de Cinema de Maringá”“Seleção Festival de Curtas Metragens de Goiânia 2008”“Seleção Festival BrasilNoar de Barcelona 2008”“Seleção Festival Mix Brasil 2008”“Seleção Mostra Londrina de Cinema 2008”“Seleção Mostra Cinema Conquista 2008”“Seleção Oficial 3º Mostra de Cinema em Leipzig, Alemanha 2009”“Seleção Los Angeles Brazilian Film Festival 2008”",“Prêmio ABC de Melhor Fotografia 2008”“Prêmio de Melhor Direção de Arte – FAM 2008”“Prêmio Canal Brasil – FAM 2008”“Prêmio de Melhor Fotografia Curta Santos 2008”“Prêmio de Melhor Atriz Curta Santos 2008”,2007-12-20,Curta-metragem
931,DESEQUILÍBRIO,Francisco Garcia,Brasil,2004,21,Kinoosfera Filmes e Muiraquitã Filmes,"“Melhor Fotografia Festival Latino e Brasileiro de Gramado 2004”“Seleção Festival Internacional de Curtas Metragens de São Paulo 2004’’“Seleção Festival do Cinema Brasileiro de Brasília 2004”“Prêmio Especial do Júri no Festival Luso Brasileiro de Cinema de Sta. Maria da Feira 2004”“Seleção Festival Ultramarino Tirant-Guarnicê de Valência 2005”“Seleção Festival Internacional de Cinema do Uruguay 2005”“Seleção Festival Internacional de Cinema de São Francisco 2005”“Melhor Filme, Melhor Fotografia, Melhor Direção de Arte e Melhor Atriz Festival Lobo de Prata de Cinema Universitário”“Seleção Goiânia Mostra Curtas 2005”“Seleção 29o Mostra Internacional de Cinema de São Paulo 2005”“Melhor Fotografia e Melhor Atriz Festival de Cinema de Curitiba 2005”“Seleção Oficial Festival de Cinema de Vitória 2005”“Mostra Melhores Filmes Paulistas da Retomada CCSP – 2006”","“Melhor Fotografia Festival Latino e Brasileiro de Gramado 2004”“Prêmio Especial do Júri no Festival Luso Brasileiro de Cinema de Sta. Maria da Feira 2004”“Melhor Filme, Melhor Fotografia, Melhor Direção de Arte e Melhor Atriz Festival Lobo de Prata de Cinema Universitário”“Melhor Fotografia e Melhor Atriz Festival de Cinema de Curitiba 2005”",2004-08-01,Curta-metragem
932,NANOILUSÃO,Francisco Garcia,Brasil,2005,19,Kinoosfera Filmes e Muiraquitã Filmes,“Seleção Festival Internacional de Curtas Metragens de São Paulo 2005”“Seleção Mostra Audiovisual Paulista 2005”“Prémio de Melhor Fotografia e Melhor ator no Curta Santos 2006”“Seleção 30 Mostra Internacional de Cinema de São Paulo”“Festivalissímo / Festival de Cinema Ibero-Latinoamericano de Montreal 2007”“Seleção Festival de Cinema e Tecnologia de Nova York 2007”,“Prémio de Melhor Fotografia e Melhor ator no Curta Santos 2006”,2005-08-01,Curta-metragem
933,O Rapto da Lua,Fábio Escovedo e Vinicius Pereira,Brasil,2008,19,UFF,"1)13º Festival Brasileiro de Cinema Universitário - Rio de Janeiro, RJ2)41º Festival de Brasília do Cinema Brasileiro – Brasília, DF3)10th International Student Film Festival - Belgrado, Sérvia4) Mostra UFFILME 20086) Festival Perro Loco",Não informado,2008-08-03,Curta-metragem
934,LOCOMOTIVA,"JASON SANTA ROSA, MATEUS BRANDÃO e RAFAEL ALMEIDA SANTOS",Brasil,2009,21,SANTA ROSA BUREAU CULTURAL,Não informado,Não informado,2009-05-14,Curta-metragem
936,Final de Linha,Juliana Milheiro,Brasil,2007,9,UFF,13° Festival Brasileiro de Cinema Universitário – FBCU 2008 – Rio de Janeiro19° Festival Internacional de Curtas de São Paulo – 2008 - São PauloMoLa 2008 – Mostra Livre de Artes – Rio de Janeiro1ª Mostra de Cinema Moviola – 2008 – Niterói1° Festival Ratoeira – 2008 – Rio de JaneiroCurta à Tarde – 2008 – Rio de JaneiroMovimento Arte Jovem Brasileira. – 02/12/2007 - NiteróiCurta Caroline - 2009 - Rio de Janeiro,Não Há,,Curta-metragem
937,Bucaneiro,Juliana Milheiro,Brasil,2009,17,UFF,Inédito,Não Há,,Curta-metragem
2016,De saco cheio,Davi Mello,Brasil,2012,16,Não informado,Não informado,Não informado,,Curta-metragem
938,Seleção brasileira,Malouh gualberto,Brasil,2008,5,Ecolambelambe,Não informado,Não informado,,Curta-metragem
939,O guardador,Diego Benevides,Brasil,2007,7,Labroarte,"FESTIVAIS E MOSTRAS:*3º mostra SESC de arte eletrênica - mostra competitiva de vídeo - joão Pessoa 2007.*MOSTRA ERECOM N/NE - 2008 - MOSTRA AUDIOVISUAL.*MOSTRA DE VÍDEO ENCONTRO PARA A NOVA CONSCIÊNCIA (enc) CAMPINA GRANDE FEV.2008.*3º Fest Aruanda do audiovisual Universitário Brasileiro.*12º CINE PE - RECIFE/ ABRIL/MAIO 2008.*1º MOSTRA INTERESTADUAL PARAÍBA /RIO DE JANEIRO - 2008.*1º FESTIVAL MIAU - GO - MAIO 2008.*CINE VOLANTE 2008 - ABRIL 2008 - PREFITURA MUNICIPAL DE JOÃO PESSOA.*3º CINE OP - Ouro Preto/MG* Curta Cultura - Mostras 2008 - São Paulo/SP.* 12ºFESTIVAL BRASILEIRO DE CINEMA UNIVERSITÁRIO - Rio de Janeiro /Agosto 2008.*""CURTA LIBRE"" - FESTIVAL REC - VITÓRIA/ES  - Agosto, 2008.* Mostra TRASH 2008 - Goiania/GO - Setembro 2008.* 4ª MOSTRA MOSCA - MOSTRA AUDIOVISUAL DE CAMBUQUIRA/MG - JULHO/2008.* 5º Santa Maria - Cinema e vídeo - Santa Maria/RS - Novembro 2008 -* Curta Vídeo Votorantim 2008 - Votorantim/SP - Setembro 2008* III Mostra Curta Audiovisual – Campinas/SP  - 2008* CURTA NATAL – CINEMADA – Natal/RN – Outubro 2008.* II cinema Mundo – Itu/SP – Out 2008.* I mostra de cinema de Marilia – Marília/SP – Novembro 2008. * 10ª. Mostra londrina de cinema – Londrina /PR – Dez.2008.* 1o Festival do Júri popular (em 19 cidades simultaneamente no Brasil) fevereiro, 2009. * 4º CINEPORT (Fest. Internacional de Países de Língua portuguesa) - maio/2009.* 6º FESTIVAL DE CINEMA DE MARINGÁ - MARINGÁ/PR - JULHO/2009.* 2º FESTIVAL DE CINEMA DE TRIUNFO - TRIUNFO/PE - AGOSTO/2009.","PRêMIOS:MELHOR VÍDEO PARAIBANO - Troféu Rodrigo Rocha - (III Fest Aruanda) - dez.2007;PRÊMIO ESPECIAL DA CRÍTICA - 12º CINE PE - Maio.2008;PRÊMIO ESPECIAL DO JÚRI - 12º CINE PE - Maio.2008;PRÊMIO DE AQUISIÇÃO DO CANAL BRASIL - 12º CINE PE - Maio.2008;""MENÇÃO HONROZA"" - FESTIVAL REC 2008/VITÓRIA-ES - Agosto 2008.",,Curta-metragem
940,cabaceiras,ana b&aacute;rbara ramos,Brasil,2007,15,las luzineides coletivo audiovisual,"CINE PE 2007, Curta – SE, Cineport, Guarnicê de Cinema e Vídeo, Femina 2007, Mostra de Cinema de Ouro Preto, Festival Brasileiro de Cinema Universitário, Jampa Fest, Festival do Rio e 2º Festival do Paraná de Cinema Brasileiro e Latino, Curta Cinema 2007, Mostra de Cinema de Tiradentes",Melhor curta 35mm  júri popular no CINE PE 2007 (abril 2007)Melhor direção documentário no Jampa Fest (agosto 2007)Melhor curta metragem 35mm prêmio ABD&C no Festival do RioMelhor curta metragem paraibano 35mm Fest Aruanda 2007,,Curta-metragem
941,Sweet Karolynne,ana b&aacute;rbara ramos,Brasil,2009,15,Las Luzineides Coletivo Audiovisual,"4 cineport, 4 mostra de cinema de ouro preto, 19º cine ceará e 2º festival de triunfo",Não informado,2009-04-30,Curta-metragem
942,O TEATRO E A MÚSICA DE VALDEMAR DE OLIVEIRA,Sandra Ribeiro,Brasil,1998,20,SR CINEMA & NVÍDEO PRODUÇÕES LTDA,"GRAMADO; GUARNICÊ, CINE PE, MIS-SP, ENTRE OUTROS.",Primeiro lugar festival de TeresinaFinalista do Prêmio Cristina Tavares de JornalismoJúri Popular do Festival Vive Vídeo –Rio de JaneiroMenção Honrosa do Fest Cine de Belo Horizonte ,,Curta-metragem
943,AI DEU SODADE,Sandra Ribeiro,Brasil,1999,5,SR CINEMA & NVÍDEO PRODUÇÕES LTDA,"GRAMADO, VÍDEO-PE, MIS-SP, ENTRE OUTROS.","Melhor ficção do Guarnicê Cine Vídeo do Maranhão.Melhor Direção de Arte do Guarnicê Cine Vídeo do Maranhão. Menção Honrosa Experimental da IV Mostra MIS de Vídeo de São Paulo. Melhor Direção da VII Fenart, João Pessoa.Segundo lugar da VII Fenart, João Pessoa.3° lugar, ficção do Festival de Vídeo do Recife.Prêmio JVC de Vídeo, Tókio, Japão.",,Curta-metragem
944,Negros de cedro,Manfredo Caldas,Brasil,1997,17,Folkino Produções Audiovisuais Ltda.,Jornada Internaciona de Cinema da Bahia / Festival de Brasília do Cinema Brasileiro / Vitória Cine e Vídeo / Cine Ceará / Guarnicê de Cinema e Vídeo. ,"Melhor Roteiro - XXVª Jornada de Cinema da Bahia -1998Melhor Documentário, Prêmio Paulo Emílio Sale Gomes, Prêmio Camara Legislativa para Melhor Produção Brasiliense, Prêmio Kodak - XXXIº Festival de Brasília do Cinema Brasileiro - 1998.Troféu Marlin Azul - Vº Vitária Cine e Vídeo -1999Prêmio Especial do Júri - IXº Cine Ceará - 1999Prêmio UNESCO - XXIIº Guarnicê de Cinema e Vídeo -1999. ",,Curta-metragem
1428,O pagador de promessas,Anselmo Duarte,Brasil,1962,91,Cinedistri Produção e Distribuição Audiovisual Ltda,Não informado,Não informado,,Longa-metragem
945,O Guarani,Cl&aacute;udio Marques e Mar&iacute;lia Hughes,Brasil,2008,19,Coisa de Cinema,Não informado,Não informado,,Curta-metragem
946,"MARABAIXO,CILCLO DE AMOR ,FÉ E ESPERANÇA",Thomé azevedo,Brasil,2008,20,Target Produção,Não informado,Não informado,2008-05-17,Curta-metragem
947,Um pé de Chinelo,Ariel Schvartzman,Brasil,2008,5,FAAP,"FAM Florianópolis Audiovisual do Mercosul,PUTZ Festival Universitário de CuritibaCurta Santos - Festival de Curtas de SantosArgentinishe Filmtage - Mostra de Cinema Argentino na AlemanhaFCBU - Festival Universitário Brasileiro de Cinema",Não informado,,Curta-metragem
948,Tarabatara,Julia Zakia,Brasil,2007,23,Cinematográfica Superfilmes, Festival de Cinema de Triunfo - Prêmio de Melhor FotografiaVII Festival Internacional de Cine Documental del Outro Cine – Equador 2008 Feminina fest20th Rencontres Cinémas D'Amérique Latine de Toulouse 200814º Festival de Cinema e Vídeo de CuiabáFestival Internacional de Documentários 2008Festival de Brasília do Cinema Brasileiro 2007Festival Internacional de Curtas de Belo Horizonte19º Curta Kinoforum - Festival Internacional de Curtas-Metragens de São Paulo8º Goiânia Mostra de CurtasMostra Internacional do Filme Etnográfico 200815 Vitória Cine Vídeo 2008,..,,Curta-metragem
949,Remédios do amor,Jo&atilde;o Vargas Penna,Brasil,2003,19,Itabira Comunicações Ltda,Não informado,Não informado,2003-01-28,Curta-metragem
950,Tempo de ira,Gisella de Mello,Brasil,2003,15,Fita Gomada Produções Artísticas,"Festival de Vitória, 2001Festival Internacional de Curtas de São Paulo, 2001Guarnicê do Maranhão,2001Festival de Cinema, Vídeo e D-Cine de Curitiba 2001Festival Internacional de Cinema do Algarve – Portimão , PortugalFestival Internacional de Cinema de Melbourne – AustráliaFestival Cinema e Culturas da América Latina – Biarritz, FrançaFestival Internacional de Cine Santo Domingo – Republica DominicanaBrazilian Film Festival – Estocolmo e Helsinki, Suécia e FinlândiaMediawave Internacional– Györ , Hungria","Melhor Filme, montagem, roteiro, pesquisa cinematográfica - Festival de Cinema, Vídeo e D-Cine de Curitiba 2001Melhor Direção de Arte e Trilha Sonora Adaptada- Guarnicê do Maranhão,2001Prêmio TV Cultura - Festival Internacional de Curtas de São Paulo, 2001Melhor Atriz (dividido entre as duas protagonistas) - Festival de Vitória, 2001",,Curta-metragem
951,Célia e Rosita,Gisella de Mello,Brasil,2000,14,Fita Gomada Produções Artísticas,Não informado,"Melhor Filme, Montagem, Roteiro e Pesquisa Cinematográfica, Curitiba 2001; Melhor Trilha Sonora Adaptada e Direção de Arte, Guarnicê, São Luís 2001.",,Curta-metragem
952,O GALO DA MADRUGADA,Sandra Ribeiro,Brasil,1999,5,SR CINEMA & NVÍDEO PRODUÇÕES LTDA,"5 MINUTOS, GRAMADO, VÍDEO PE, GUARNICÊ, ENTRE OUTROS.",1-Terceiro Lugar Melhor Ficção Festival A Imagem em 5 Minutos  (Bahia) 2- Prêmio do Júri Popular do Festival São José dos Campos (São Paulo) 3- Prêmio Guarnicê (São Luís) de melhor atriz para Itacy Henriquez. 4- Melhor Ficção do Gramado Cine Vídeo (Gramado)5- Melhor edição do Gramado Cine Vídeo (Gramado)6- Prêmio Quanta de Luz do Gramado Cine Vídeo (Gramado),,Curta-metragem
953,Neguinho e Kika,Luciano Vidigal,Brasil,2005,18,Nós do Morro e Cavídeo,Não informado,Melhor curta de ficção no Festival de São Carlos 2006 / Melhor curta de ficção no Festival Curta Cinema 2006 / Melhor curta no Festival Internacional de Marselhe-França / Melhor direção no Festival de Londrina 2006 ,,Curta-metragem
954,A alma do negócio,Jos&eacute; Roberto Torero,Brasil,1996,8,Cinematográfica Superfilmes,"Melhor Ator e Melhor Atriz na Jornada da Bahia/96Melhor Diretor no Festival do Recife/97Prêmio do Público no Festival de Curitiba/97Prêmio do Público no Festival do Guarnicê/97Participação nos Festivais de Santiago/96, Havana/96, Rotterdam/97, Fribourg/97, Arcipelago (Itália)/97, Montreal/97, Palm Spring/97, Drama/97, IMPUT/97",...,,Curta-metragem
955,COMO COMER UM ELEFANTE,JANSEN RAVEIRA,Brasil,2008,5,3 moinhos produções artísticas,2008VII Animarte I Mostra ABI dos Estudantes de CinemaI EnCurta 2008 2009IV Mostra de Cinema de Animação - Baixada Animada16º Fest. Ibero-Americano de Cinema e Vídeo - Cine Sul6º Putz - Fest. Univ. de Cinema e Vídeo de Curitiba8° Mostra de Cinema Infantil de Florianópolis  17º Anima Mundi - Rio de Janeiro/São PauloPRÓXIMOS FESTIVAIS:14º Festival Brasileiro de Cinema Universitário3° Perro Loco7° Festival Internacional de Cinema Infantil  12th Auburn In’t Film Festival for Children and Young Adults - Sidney/Austrália 6th ANONIMUL International Independent Film Festival - Romênia3rd Int'l Festival of Animation ANIMANIMA - Sérvia,PRÊMIOS:Melhor Animação - Prêmio do Público – Animarte 2008Melhor Animação - Prêmio do Júri – Animarte 2008Melhor Animação – I Mostra ABI Melhor Animação – I EnCurta 2008Melhor Atriz (Dubladora) - I EnCurta 2008Melhor Animação – Baixada Animada 2009,,Curta-metragem
1906,1ª CONCLAT - Conferência Nacional da Classe Trabalhadora,-,Brasil,1981,29,Tatu Filmes,Não informado,Não informado,,Curta-metragem
956,Caligrama,Eliane Caff&eacute;,Brasil,1995,30,Cinematográfica Superfilmes,Melhor Documentário de Curta-Metragem no Festival de Brasília/95Festival de Melbourne/96Festival de Leipzig/96Festival de Havana/96Festival de Biarritz/96,..,,Média-metragem
957,FÚRIA,Marcelo Laffitte,Brasil,2006,18,LAFFILMES CINEMATOGRÁFICA,Não informado,Não informado,,Curta-metragem
958,ARMORiALMA,Sandra Ribeiro,Brasil,2009,15,SR CINEMA & NVÍDEO PRODUÇÕES LTDA,FILME INÉDITO,Não informado,,Curta-metragem
959,El Dia Que Me Quieras,Ana Moravi e Dellani Lima,Brasil,2009,5,Ana Moravi & Dellani Lima,"XXVIII edition of AsoloArtFilmFestival, Itália, 2009Festival de Vídeo Tela Digital, TV Brasil, Kinoforum, 20093ª Edição da Mostra Curtas Cariri, CE, 2009",Não informado,,Curta-metragem
960,Banquete,Marcelo Laffitte,Brasil,2002,8,Laffilmes Cinematográficas,Não informado,Não informado,,Curta-metragem
961,VIDIGAL,Cavi Borges e Gustavo Melo,Brasil,2008,5,CAVIDEO PRODUÇÕES,Não informado,Não informado,,Curta-metragem
962,Meninos,Ernesto Molinero,Brasil,2007,5,Plano 3 Cinema e Vídeo,"XI Festival Nacional de vídeo imagem em 5 minutos2ª Mostra de vídeo independente da UFMTFestival (evento mundial) Pangea Day, Los Angeles, EUA16º Gramado Cine Vídeo 5º Curta Vídeo Votorantim3ª Mostra Curta Audiovisual de CampinasCurta Natal 20085º Festival Iberoamericano de Cortos “Imágenes Jóvenes en la Diversidad Cultural3º Festival de Cinema e Vídeo de MuriaéV Festival Internacional de Cortometrajes del CuscoFestlatino Buenos Aires 20083º Mostra de Cinema de Itabira - Pedra que Brilha8º Mostra de Cinema Infantil de FlorianópolisFestival Chulpicine - 8a edición",Melhor Filme eleito pelo Juri popular no XI Festival Nacional de vídeo imagem em 5 minutosMención Especial del Jurado Joven no 5º Festival Iberoamericano de Cortos Imágenes Jóvenes en la Diversidad Cultural,,Curta-metragem
963,Ópera curta,Marcelo Laffitte,Brasil,2004,15,Laffilmes Cinematográficas,Não informado,Não informado,,Curta-metragem
964,Retrato,Ernesto Molinero e Paula Gomes,Brasil,2008,5,Plano 3 Cinema e Vídeo,"XII Festival Nacional de Video Imagem em 5 Minutos3º Mostra de Cinema de Itabira - Pedra que BrilhaMostra Pizza Birra y Cortos - Sindicato de la Industria Cinematográfica ArgentinaFestival de Vídeo Tela Digital, TV Brasil",Melhor Filme eleito pelo Júri popular no XII Festival Nacional de Video Imagem em 5 Minutos,,Curta-metragem
965,Distraída para a morte,Jeferson De,Brasil,2001,14,Cinematográfica Superfilmes,Não informado,Não informado,,Curta-metragem
1436,Visão de Juazeiro,Eduardo Escorel,Brasil,1970,19,Thomaz Farkas Filmes Culturais,Não informado,Não informado,,Curta-metragem
966,Pornographico,Haroldo Borges e Paula Gomes,Brasil,2008,17,Plano 3 Cinema e Vídeo,"36º Festival Internacional de Cinema do Algarve25º Festival de Cine de Bogotá 3º Festival de Cinema do Paraná7º Santa Maria Video e CinemaCurta Natal 2008IV Curta CanoaII Festival Internacional San Luis Cine5º Festival Internacional de Cortometrajes del CuscoFestlatino Buenos Aires 2008Festival de Cinema e Vídeo de Muriaé 200815º Vitória Cine Video7º  Festival Internacional de Cine Digital de Viña del MarV Panorama Internacional Coisa de Cinema1º Cine Grandes Curtas, Pelotas, RS","Melhor Ficção e Melhor Edição no 7º Santa Maria Video e Cinema2º Lugar Geral no Curta Natal 2008Mejor Cortometraje no II Festival Internacional San Luis CinePremio ElDrako no Festlatino Buenos Aires 2008Menção Honrosa no 7º  Festival Internacional de Cine Digital de Viña del MarPrêmio do júri-popular no Panorama Internacional Coisa de CinemaMelhor Edição no 1º Cine Grandes Curtas, Pelotas, RS",,Curta-metragem
967,Até quando?,Gustavo Moraes,Brasil,2008,17,55 Cine,"Vitoria cine Vídeo, Campo Grande, Amazonia",-,2008-08-22,Curta-metragem
968,Como se fosse ontem,Gustavo Moraes,Brasil,2005,6,55 Cine,&#61607;33º Festival de Gramado de Cinema Brasileiro e Latino&#61607;32ª Jornada de Cinema da Bahia&#61607;5º Goiânia Mostra Curtas &#61607;4º Festival de Cinema de Varginha&#61607;12º Vitória Cine Vídeo&#61607;1º Festival de Campinas  Cinema e Vídeo Internacional ,-,,Curta-metragem
969,O bolo,Jos&eacute; Roberto Torero,Brasil,1995,13,Cinematográfica Superfilmes,Melhor Filme (Júri Popular) no Festival de Gramado/95Melhor Filme (Júri Popular) no Festival de Cuiabá/95Melhor Atriz (Wanda Lacerda) no Festival de Cuiabá/95,..,,Curta-metragem
970,Ofusca,Flavio Frederico,Brasil,2002,12,Cinematográfica Superfilmes,Festival Internacional de Oberhausen (Germany/2002)Festival Internacional Del Nuevo Cine Latino (Cuba/2002)Exground Filmfest (Germany/2002)21º Uppasala International Short Film Festival (Germany/2002)Internationales Film Festival Manheim-Heidelberg (Germany/2002)6º Festival Santa Maria da Feira (Portugal/2002)6º Mostra de Cinema de Tiradentes (Brasil/2003)Festival International Short Film Festival ÉVORA (Portugal/2002)15º Film Fest Dresden (Germany/2003)2º Festival de Cinema de Varginha (Brasil/2003)13º Festival Internacional de Curtas Metragens de SP (Brasil/2002)10º Festival de Cinema de Cuiabá (Brasil/2003),..,,Curta-metragem
971,Baseado em estórias reais,Gustavo Moraes,Brasil,2002,15,LCA Produções,"NacionaisMostra Retrata : Cinema & Direitos Humanos – Belo Horizonte – MG5º Festival TIM Internacional de Curtas-Metragens de Belo Horizonte - MGMostra Itinerante Petrobrás 2003 - Rio de Janeiro, Recife, Santos e Porto Alegre14º Festival Internacional de Curtas Metragens de São Paulo - SP 3º Curta-se - Festival Luso- Brasileiro de Curtas-Metragens de Sergipe - SE  1º Mostra de Ribeirão Preto - SP 1º Mostra do Audiovisual Paulista – Osasco - SP 2º Festival de Varginha – MG 6º Mostra de Cinema de Tiradentes - MG  12ª Mostra Curta Cinema - 8º Festival Internacional de Curtas do Rio de Janeiro 35º Festival de Brasília do Cinema Brasileiro - DF9º Vitória Cine Vídeo – Vitória - ES 2º Goiânia Mostra Curtas - GO Primeiro Plano Festival de Cinema de Juiz de Fora - MG 3º Festival Latino Americano de Campo Grande - MS 13º Festival Internacional de Curtas Metragens de São Paulo - SP  Internacionais3º Tekfestival – maio 2004 - Roma / ItáliaMuestra de Cine Mexicano e Iberoamericano en Puerto Vallarta – abril 2004 – MéxicoFestival de Cine Iberoamericano en Guadalajara – março 2004 - MéxicoClermont-Ferrand Film Festival 2004 - Jan / Fev 2004 – Mercado -  França 8º Siena International Short Film Festival – Novembro 2003 - Itália5º AluCine Toronto Latino Film & Video Festival  2003 – Novembro 2003 - Canadá8º Tehran International Short Film Festival – Outubro 2003 - Irã15º Festival International de Cine de Vina del Mar - Outubro 2003 - Chile 7º Rhode Island International Film Festival - Agosto 2003 - EUA7º Los Angeles Latino Film Festival  – Julho 2003 - Los Angeles - EUA31º Festival de Cine de Huesca – Junho 2003 - Espanha World Wide Short Film Festival – Maio 2003 - Toronto - Canadá Columbia University Film Festival – Abril 2003 - Nova York - EUA 5º Short Shorts International Film Fest – Abril a Junho 2003 - Japão / EUA / Singapura15º Angers Premiers Plans Film Festival Hors Concurs - Jan 2003- Angers - França 4º Festival Internacional de Cine y Vídeo de Derechos Humanos – DerHumALC – Novembro 2002 - Buenos Aires e La Plata - Argentina 5º Brasil Plural (Munique e Frankfurt, entre outras cidades) – Out. 2002 - Alemanha ","•Melhor Filme, Júri Popular - 2003 Austin Film Festival - Austin - EUA •Prêmio Cacho Pallero - Ibero Americano - 31º Festival de Cine - Huesca - Espanha•Melhor Diretor de Filmes de Curta Metragens -  2º Festival de Varginha – MG •Diretor do Ano - 5º Short Shorts Film FestIval, pela Fuji Filmes - Califórnia - EUA •National Board Of Review Film Award – Nova York – EUA•Kim's Video Award - Columbia University Film Festival -  Nova York - EUA•Melhor Direção de Arte 2003 - Columbia University Film Festival - Nova York - EUA•Faculty Honors 2003 - Columbia University Film Festival -  Nova York - EUA •Hors Concurs - 15º Angers Premiers Plans Film Festival - Angers – França•Melhor Primeiro Filme - Prêmio Primeiro Plano, oferecido pelo Consulado da França no Brasil durante a 12ª Mostra Curta Cinema - 8º Festival Internacional de curtas do RJ •Melhor Filme, Júri Popular - 9º Vitória Cine Vídeo – Vitória - ES •Melhor Ator, Menção Honrosa - 9º Vitória Cine Vídeo – Vitória - ES •Menção Honrosa, Curta Mostra Brasil - 2º Goiânia Mostra Curtas - GO •Melhor Roteiro, 1º Plano - Festival de Cinema de Juiz de Fora - MG •Melhor Filme de Ficção - 3º Festival Latino Americano de Campo Grande - MS ",2002-08-25,Curta-metragem
972,Amerika,OCT&Aacute;VIO BEZERRA,Brasil,1979,8,Octávio Bezerra Prod. Cinematográficas LTDA,FESTIVAL DE MOSCOU54º FESTIVAL DO CINEMA NORTE- AMERICANO , MENSÃO HONROSA NO FESTIVAL DE HAVANA 1982,,Curta-metragem
973,O postal branco,Philippe Barcinski,Brasil,1997,18,Cinematográfica Superfilmes,"Melhor roteiro III Brazilian Festival of Miami (EUA, mai/99)",..,,Curta-metragem
974,O nariz,Eliane Caffé,Brasil,1988,10,Raiz Produções,Não informado,"Melhor Curta-metragem em 1989 no Festival Internacional de Cinema de Oberhausen, Alemanha, pelo Júri da Cinemateca da Juventude / Melhor curta-metragem de ficção em 1988 na XII Jornada Internacional de Cinema da Bahia e na XI Jornada de Cinema e Vídeo no Maranhão - Prêmio de melhor ator para Carlos Gregório.",,Curta-metragem
975,Arabesco,Eliane Caff&eacute;,Brasil,1990,15,Raiz Produções Cinematográficas,Não informado,"Melhor Curta, Fotografia, Cenografia, Som e Prêmio do Júri Popular no Festival de Gramado 1990 / Melhor Curta-metragem em 1992 no Festival Internacional de Cinema realizado por mulheres / Melhor Curta-metragem pelo Júri Popular em Madri.",,Curta-metragem
976,Cana amarga,Alice de Andrade,Brasil,2004,17,Paula Fabiana,Festival de Trieste Italia 2003Festival de cinema e video de Gramado 2004Mostra Goiania Curtas 2003Festival Guarnice 2004Festival Luso Brasileiro de cinema 2004,Premio BNB de cinema 2004 - Festival Luso Brasileiro de ciema.Premio Melhor diretor Mostra Goiania 2003.Premio melhor video captado em super 8 - Mostra Super 8 Campinas SP 2003Premio Guarnice de cinema - Melhor video.,,Curta-metragem
977,Intolerancia,Alice de Andrade,Brasil,2002,7,Paula Fabiana,Festival do Porto 2003Festival FAM Mercosul 2002Jornada Internacional de cinema da Bahia 2003Mostra Super 8 de Campinas 2002,Melhor ilme Experimental FAM 2003Melhor filme video super 8 Mostra Campinas 2002Melhor Fotografia Gramado 2003,,Curta-metragem
978,O despejo ou... memórias de Gabiru,Sergio Glenes,Brasil,2008,7,Gabiru Studio,    * FIC Brasilia 2008    * Cinanima 2008    * 19 São Paulo Short Film Festival    * Festanca 2008    * Animamundi 2008    * Zagreb Fim Festival 2008,Prêmio Itamaraty - FIC Brasília 2008,,Curta-metragem
979,Negócio da china,Jo&atilde;o Vargas Penna,Brasil,1995,11,Itabira Comunicações Ltda,Não informado,Não informado,,Curta-metragem
1029,Babaú na casa do Cachaça - verde e rosa blues,Luiz Guimar&atilde;es de Castro,Brasil,2005,19,Artifício Cinematográfico e Produções Ltda.,Não informado,Não informado,,Curta-metragem
980,Suga-humano,Rwanyto Oscar Santos,Brasil,2008,0,Não informado,Não informado,Não informado,,Curta-metragem
981,Chico Rei,Walter Lima Júnior,Brasil,1985,115,Não informado,Não informado,Não informado,,Longa-metragem
982,O pescador de sonhos,Igor Pitta Sim&otilde;es,Brasil,2006,10,Zeppelin Filmes,20066º CURTA-SE - Festival Luso-brasileiro de Curtas-metragens de Sergipe – Brasil – Abril 2006 - Selecionado para Competiçãowww.curtase.org.br,"ANIMATU - Festival de Animação Digital – Beja – Portugal – Novembro 2006Prêmio ANIMATU - Melhor FilmeGRANIMADO  - Festival de Animação de Gramado – Brasil – Agosto 2007Menção HonrosaANIMASERRA – Festival de Cinema de Animação e Quadrinhos da Região Serana do RJ – Brasil – 3 Novembro 2007 – Vencedor absoluto.V Festival de Cinema de Maringá – 23 a 30 Maio de 2008 – Maringá – Paraná – Brasil - Selecionado para a Mostra Competição Curtas Digital. Prêmio Melhor MúsicaPrêmio Melhor MontagemFestival Ratoeira – 10, 11 e 12 de Julho de 2008 – Lapa -  Rio de Janeiro – BrasilMenção HonrosaII Festival Cinema com Farinha – Festival Audiovisual do Sertão Paraibano - 28, 29, 30 e 31 de agosto de 2008, em Patos – Paraíba – Brasil - Mostra Competitiva Categoria Animação. Prêmio  Júri Oficial5º CURTA VÍDEO VOTORANTIM – 24 a 28 de Setembro de 2008 – Votorantim –São Paulo – Brasil - Mostra Nacional Competitiva.Prêmio  Júri Popular7º Festival de Vídeo Estudantil e Mostra de Cinema –  3 a 9 de Novembro de 2008 - Guaíba – RS – Brasil  -  Competição Mostra Alternativa.Prêmio  1° Lugar filme de Animação.16 Festvídeo Festival de Vídeo de Teresinha – 1 a 6 de dezembro de 2008 – Piauí – Brasil - Mostra competitiva. Prêmio 1° Lugar filme de Animação.1º Grandes Curtas de Pelotas – 03 á 19 de Junho de 2009 – Pelotas – RS – Brasil.- Mostra competitiva.Prêmio Melhor Trilha Sonora.32º FESTIVAL GUARNICÊ DE CINEMA -  17 a 21 de junho de 2009 - São Luís, numa – Maranhão - Mostra competitiva.Prêmio Melhor Animação Video.VII Festival Guaçuano de Vídeo&#8207; - 26 a 28 de Agostos de 2009 - Moji Guaçu – São Paulo – Brasil - Mostra competitiva.Prêmio Melhor Animação Vídeo - Júri Oficial.Prêmio Melhor Roteiro - Júri Oficial.",,Curta-metragem
983,Lar doce lar (acordo ABD),Cláudio Roberto e Gordeeff,Brasil,2004,7,Não informado,Não informado,Não informado,,Curta-metragem
985,"Selarón, a grande loucura ",Jose Roberto Mesquita e Renata Brito,Brasil,2003,19,Renata Brito,"* Cine Esquema Novo, 2004, Porto Alegre * Mostra do Filme Livre, 2005, Rio de Janeiro * Curta Cinema - Festival Internacional de Curtas do Rio, 2005 * Cine Cachaça Odeon, 2005, Rio de Janeiro * Teatro Odisséia, 2005, Rio de Janeiro * Festival do Toronto no Canadá, 2005 * Programa Curta Brasil da Tv Brasil, 2005 * CineCufa, 2009, Rio de Janeiro * Festival de Cinema de Maringá, 2009, Paraná * Sessão Curta o Curta no Maranhão na Tela 2009","Melhor filme - Júri popular, CineCufa 2009",2004-04-01,Curta-metragem
986,Minami em close-up - a Boca em revista ,Thiago Mendon&ccedil;a,Brasil,2008,18,Politheama,Festivais Nacionais:41o Festival de Brasília – Prêmio Melhor diretor  - juri oficial 35 mm 200820o Festival internacional de Curta-Metragens de São Paulo – (juri popular – 10 melhores) 2009Jornada Internacional de Cinema da Bahia – Tatu de ouro – melhor filme / melhor trilha sonora - 2009 2a Janela Internacional de Cinema de Recife – Sessão de abertura - 20099o Goiânia Mostra Curtas –prêmio porta curtas de melhor filme 2009    Festival de Campo Grande – Menção honrosa 2009Festival do juri popular – menção honrosa 2009CINEOP – Festival de Cinema de Ouro Preto – Sessão especial 2009Cine Sul – Rio de Janeiro – Mostra paralela 2009Festival os melhores de 2008 – Universidade Federal Fluminense 20092o  Festival Internacional de Cinema de Paraty 2009Mostra curta Pará – 2009Festival Internacional de Curtas do Rio de Janeiro – Curta Cinema 2009Festival Internacional de Cinema de Belo Horizonte 2009,41o Festival de Brasília – Prêmio Melhor diretor  - juri oficial 35 mm 2008Festival de Artes Audiovisuales de La Plata FESAALP – Mejor cortometrage documental Argentina- 200920o Festival internacional de Curta-Metragens de São Paulo – (melhores do juri popular) 2009Jornada Internacional de Cinema da Bahia – Tatu de ouro – melhor filme / melhor trilha sonora - 2009 9o Goiânia Mostra Curtas – Prêmio Porta-curtas Petrobrás de melhor fime - 2009    ,,Curta-metragem
987,Carnaval Inesquecível (Acordo ABD),Pedro Severien,Brasil,2007,7,Não informado,Não informado,Não informado,,Curta-metragem
988,Meninos do engenho (Acordo ABD),Ademir Damasco,Brasil,2000,18,Não informado,Não informado,Não informado,,Curta-metragem
989,Batalha de Confetes (Acordo ABD),José Reis Filho,Brasil,2009,22,Não informado,Não informado,Não informado,,Curta-metragem
990,Meninos da Guarda (Acordo ABD),Thomé azevedo,Brasil,2009,20,Não informado,Não informado,Não informado,,Curta-metragem
991,Louceiras do Maruanum (Acordo ABD),Ana Vidigal e Anderson Virino,Brasil,2009,7,Não informado,Não informado,Não informado,,Curta-metragem
992,Artesanato Amapaense (Acordo ABD),Ana Vidigal e Anderson Virino,Brasil,2009,15,Não informado,Não informado,Não informado,,Curta-metragem
993,O arroto do boitatá (Acordo ABD),Sandra Rocha,Brasil,2009,15,Não informado,Não informado,Não informado,,Curta-metragem
994,Clandestinidade,Rodrigo Guer&oacute;n,Brasil,2003,20,Plural Filmes Ltda.,Não informado,•Melhor Ator no FAM - Florianópolis Audiovisual Mercosul 2004•Melhor Curta - Júri Popular no FAM - Florianópolis Audiovisual Mercosul 2004•Melhor Curta de Ficção no FAM - Florianópolis Audiovisual Mercosul 2004•Melhor Roteiro no Festival de Belém 2004•Melhor direção em Curta-Metragem no Festival de Cinema Brasileiro de Miami 2004•Melhor Curta de Ficção no Festival de Curitiba 2004•Melhor Roteiro no Festival de Curitiba 2004•Melhor Ator no II Festival de Cinema de Ribeirão Preto 2004•Os 10 Mais - Escolha do Público no Festival Internacional de Curtas de São Paulo 2004,,Curta-metragem
995,Ano novo,Marcos Katudjian,Brasil,1999,20,GLAZ CINEMA & VIDEO E MARCOS FABIO KATUDJIAN PRODUÇÕES ARTÍSTICAS,Festival de Gramado (1999)Festival de Recife (1999)Festival de Curtas-metragens de São Paulo (1999),Prêmio de Melhor Direção no Vitória CineVídeo em 99,,Curta-metragem
996,A psicose de Valter,Eduardo Kishimoto,Brasil,2007,15,Glaz Entretenimento,- 35o FESTIVAL DE CINEMA DE GRAMADO- 18o FESTIVAL INTERNACIONAL DE CURTAS DE SP- 21a MOSTRA DO AUDIOVISUAL PAULISTA- 11a MOSTRA DE CINEMA DE TIRADENTES- IV PRÊMIO FIESP DO CINEMA PAULISTA- 18o. CINE CEARÁ - FESTIVAL IBERO-AMERICANO DE CINEMA- 1o. IGUACINE - FESTIVAL DE CINEMA DE NOVA IGUAÇU- 6o CURTA SANTOS- 5o CURTA VIDEO VOTORANTIM- 8a GOIÂNIA MOSTRA CURTAS- 3a MOSTRA CURTA AUDIOVISUAL CAMPINAS- JANELA INTERNACIONAL DE CINEMA DO RECIFE- VÍDEO FESTIVAL SESC SÃO CARLOS 2008- 7o SANTA MARIA VIDEO E CINEMA - RS- 15º VITÓRIA CINE VÍDEO- 8a MOSTRA DO FILME LIVRE MFL RJ,- MELHOR CURTA no I IGUACINE- MELHOR MONTAGEM no JANELA INTERNAC. CINEMA- 3o LUGAR no CURTA VOTORANTIM- MENÇÃO HONROSA no 7o SANTA MARIA VC,,Curta-metragem
997,O artilheiro (Acordo ABD),Clementino Junior,Brasil,2004,2,Não informado,Não informado,Não informado,,Curta-metragem
1083,Josemildo,Eduardo Gameiro e Walkir Fernandes,Brasil,2009,5,Walkir Fernandes e Eduardo Gameiro,AnimamundiFestival de Cinema Infantil,Não informado,,Curta-metragem
999,Cinco naipes,Fabiano de Souza,Brasil,2004,25,Clube Silêncio,Não informado,Melhor Ator no Festival de Gramado 2005Melhor Montagem no Festival de Gramado 2005Melhor Roteiro no Festival de Gramado 2005Melhor Atriz no Festival de Gramado - Mostra Gaúcha 2005Melhor Roteiro no Festival de Gramado - Mostra Gaúcha 2005Melhor Direção de Arte no Cine PE 2005Melhor Direção de Arte no CINEPE 2005Melhor Roteiro no CINEPE 2005Melhor Média-Metragem no Festival de Cinema e Vídeo de Cuiabá 2005Melhor direção no Jornada da Bahia 2005Melhor Fotografia no Jornada da Bahia 2005Melhor Montagem no Jornada da Bahia 2005Melhor Direção de Arte no Santa Maria Vídeo e Cinema 2005Melhor Roteiro no Santa Maria Vídeo e Cinema 2005Melhor Trilha Sonora Original no Santa Maria Vídeo e Cinema 2005,,Curta-metragem
1000,Nação Lascada de Véio: a Glória do Sertão (acordo ABD),Ribeiro Filho,Brasil,2007,52,Não informado,Não informado,Não informado,,Média-metragem
1002,Língua - Vidas em português,Victor Lopes,Brasil,2004,90,TvZERO e Sambascope,"Seleção Mostra Competitiva - 27º Mostra Internacional de São Paulo, Brasil, 2003Seleção Mostra Competitiva - Festival do Rio, Brazil, 2003Seleção Oficial - Festival “É Tudo Verdade”, Brazil, 2002Exibição hors-concours - Festival Internacional de Documentários de Lisboa, Portugal, 2002","Grande Prêmio da Lusofonia - FamaFest, Portugal, 2002",,Longa-metragem
1003,O Grilo Feliz,Walbercy Ribas,Brasil,2001,80,Start Desenhos Animados LTDA, -  Chicago International Children´s Festival – EUA;  -  Aspen Film Festival; -  Espinho - Portugal;- Youth Film Festival – Hartford / Connecticut e Northampton / Massachussets;                                     - BAM Iternational Children´s Film Festival - Brooklin / NY; -  6th Brazilian Film Festival of Miami;- View Finders : International Film Festival for Youth;- The Carrousel International du film de Rimouski - Canada;- 17th International Festival of Film and Vídeo for Children - Irã;                                             -  Wisconsin International Children´s Film Festival - Chicago.- 5a Mostra de Cinema de Tiradentes -BH; - Mapa - mostra infantil de Londrina;- Mostra de Cinema Brasileiro em Osasco; - Anima Mundi - Brasil;- Cinesesc - Ribeirão Preto;- 6o Festival de Recife; - Mostra Mar & Mar do Cinema Brasileiro - Angra dos Reis;- 6o Festival de Curitiba e Vídeo Ambiental - FICA - GOIÁS;- 4o Festival Internacional de Cinema Cine Ceará - Fortaleza;                         - III Festival de Inverno de Bonito - Mato Grosso do Sul;- 30o Festival de Gramado - Cinema Latino e Brasileiro; - Catarina Festival de Documentário - Santa Catarina;- II Ecocine de São Sebastião;- Mostra Infantil – São José dos Pinhais;- 1a Mostra de Cinema Brasileiro – São José dos Campos.,"•“Lente de Cristal” do 6th Brazilian Film Festival of Miami.•“Grande Prêmio BR de Cinema Brasileiro” , prêmio especial da Academia Brasileira de Cinema concedido ao filme O Grilo Feliz por sua qualidade técnica e por ser o mais belo filme em animação já feito no Brasil. •“Melhor longa metragem - II ECOCINE de São Sebastião” – festival ambientalista.•“Best Feature - WisKid Award” – eleito o melhor longa metragem do festival Wisconsin International Children´s Film Festival de Chicago, nos EUA, escolhido através do voto das crianças que compareceram ao festival, que contou com 45 produções de 20 países.",2001-07-20,Longa-metragem
1004,"Wood & Stock: Sexo, orégano e Rock' n' roll",Otto Guerra,Brasil,2006,80,Otto Desenhos Animados ,Não informado,Não informado,,Longa-metragem
1006,Os Doces Bárbaros,Jom Tob Azulay,Brasil,1978,103,AeB Produções,"Mostras do Ano Brasil França (2005), Lincoln Center",Não informado,,Longa-metragem
1007,Dossiê Rê Bordosa,Cesar Cabral,Brasil,2008,15,Coala Filmes,13o. É Tudo Verdade (2008)12o. Cine PE - Fest. de Cinema de Recife (2008)1o. Festival de Cinema de Paulínia (2008)16o. Festival Animamundi (2008)10o. Fest. Intern. de Curtas de BH (2008)36o. Fest. Intern. de Gramado (2008)19o. Fest. Intern. de Curtas de SP (2008)Comunicurtas 2008 - Campina Grande6o. Curta Santos (2008)3o. Granimado - Fest. de Animação de Gramado (2008)Festival Intern. de Curtas do RJ5o. Amazonas Film Festival (2008)4o. Curta Canoa - Fest. Latino Am. de Canoa Quebrada7o. Sta. Maria Video e Cinema (2008)20o. Fest. de Cinema de Viña Del Mar (2008)30o. Habana Film Festival - Cuba (2008)12a. Mostra de Cinema de Tiradentes (2009)Los Angeles Brasilian Film Festival (2009)32o. Festival Guarnicê de Cinema - MA (2009)4o. FESAALP - La Plata - Argentina (2009)9o. Curta SE - Fest. Luso-Bras. de Curtas de Sergipe,"Mençao Honrosa no 13o. É Tudo Verdade (2008)Melhor Roteiro e Melhor Trilha Sonora no 12o. Cine PE - Fest. de Cinema de Recife (2008)Melhor Curta Metragem no 1o. Festival de Cinema de Paulínia (2008)Melhor Filme e Melhor Animação Brasileira no 16o. Festival Animamundi (2008) em SP e RJMelhor Curta pelo Juri Popular no 10o. Fest. Intern. de Curtas de BH (2008)Melhor Roteiro e Melhor Montagem no 36o. Fest. Intern. de Gramado (2008)Votado entre os 10 melhores do 19o. Fest. Intern. de Curtas de SP (2008) e Prêmio Espaço UnibancoMelhor Animação no Comunicurtas 2008 - Campina GrandeMelhor Som no 6o. Curta Santos (2008)Melhor Direção no 3o. Granimado - Fest. de Animação de Gramado (2008)Melhor Curta pelo Juri Popular no Festival Intern. de Curtas do RJMelhor Curta Metragem no 5o. Amazonas Film Festival (2008)Melhor Filme no 4o. Curta Canoa - Fest. Latino Am. de Canoa QuebradaMelhor Desenho de Som, Melhor Animação e Melhor Filme no 7o. Sta. Maria Video e Cinema (2008)Melhor Animação Internacional no 20o. Fest. de Cinema de Viña Del Mar (2008)V Prêmio FIESP/SESI do Cinema Paulista (2008)3o. lugar como Melhor Animação no 30o. Habana Film Festival - Cuba (2008)Melhor Curta pelo Juri Popular na 12a. Mostra de Cinema de Tiradentes (2009)Melhor Animação no Los Angeles Brasilian Film Festival (2009)Prêmio Vivo 2009 da Academia Brasileira de Cinema Melhor Direção, Melhor Direção de Arte, Melhor Animação e Melhor Filme Nacional no 32o. Festival Guarnicê de Cinema - MA (2009)Melhor Curta e Melhor Curta de Animação no 4o. FESAALP - La Plata - Argentina (2009)4o. Grande Prêmio Canal Brasil 2009Melhor Curta 35mm no 9o. Curta SE - Fest. Luso-Bras. de Curtas de Sergipe",,Curta-metragem
1008,Serras da desordem,Andrea Tonacci,Brasil,2006,135,Extrema Produções Artisticas,"2006 / Janeiro     - 10a. Mostra de Cinema de Tiradentes (MG)  Programação Oficial2006 / Fevereiro - Mostra do Filme Livre 2006 (Rio de Janeiro / RJ) : Sessão Surpresa2006 /Abril         - B.Aires Festival Int.de Cine Independiente (Argentina)Prog.Ecos Globales2006 / Junho       - 10º Florianópolis Audiovisual Mercosul - FAM (SC) : Mostra Extra FAM2006 / Junho       - 13º Festival de Cinema e Vídeo de Cuiabá (MT): Competição Oficial2006 /Agosto      - 34º Festival de  Gramado (RS): Sessão de Abertura2006/Novembro - 10º Festival do Filme Doc.e Etnográfico - ForumDoc BH/MG Sessão Abertura2006/Novembro - Leeds International  Film Festival  (Ingl.): Competição Oficial  / UK Premiere2006/Novembro - 30a. Mostra  Internacional de Cinema de São Paulo: Convite  Oficial2006/Novembro - 8a.Mostra Londrina de  Cinema (Londrina / PR): Convite  Oficial2006/Novembro - 5º Ecocine -Festival  de Cinema Ambiental / SP: Competição Oficial2006/Novembro - 24º Torino Film  Festival ( Torino / Itália) : Sessão ""Detours""2006/Novembro - 28º Festival des 3 Continents (Nantes / França): Competição Oficial2007 /Março      - Cinema Novo Festival ( Brugge/ Bélgica): Programação Oficial2007/Abril/Maio- 8ºJeonju International Film Festival (Coréia do Sul): Competição Oficial2007 /Junho       - XXIII Festival  de Inverno de Chapada dos Guimarães (MT): Programa Oficial2007/Junho     - Fest.de Cinema de Porto Alegre – CineEsquemaNovo – Sessão Identifique-se2007 /Junho    - 1ºFestival Guará de Cine Ambiental  (Cuiabá / MT): Competição Oficial2007/Julho   - IV MoVA Caparaó-Mostra de Vídeo Ambiental do Caparaó (ES):Progr.Oficial2007/Julho         - 39º Festival de Inverno da UFMG (Diamantina / MG): Programa Oficial 2007/Agosto      - 2ºFestival de Cinema Brasileiro em Tokyo  (Japão):  Programa Oficial2007 /Setembro - 5ºCine Documenta -Mostra de Doc. de  Ipatinga (MG): Programa Oficial2007 /Novembro- 50º Internat.Leipziger Fest.Für Dok&Animationsfilm(Leipzig/RDA):C.Oficial2007 /Novembro- Mostra Cinema Conquista (Vitória da Conquista /BA):  Programa Oficial2007 /Novembro- 8ª Expo.Internac.de Cine Experimental (Montevideo/Uruguai):Progr.Oficial2007 /Novembro- 2º Incontri Sul Margine-Officina Zone Umane-(P.Moiano/Itália):Progr.Oficial2007 /Dezembro- 11ºFest.de Cinema Luso-Brasileiro de Sta.Maria da Feira(Portugal):Cpt.Oficial2008 / Janeiro    - 7º DocPoint-Helsinki Documentary Film Festival (Finlandia):Programa Oficial2008 /Jan-Fev.   - 23rd. Sta.Barbara International Film Festival (EUA) Latin American Program2008 /Fevereiro -3ª Mostra Verão de Cinema em Vila Velha (ES): Sessão de Encerramento",Prix International de L'ecriture - 3ºLugar (Suíça) / 199734º Festival de  Gramado / 2006Melhor Filme - Melhor Diretor - Melhor Fotografia CNBB / 2006Prêmio Margarida de Prata 5º Ecocine –Festival de Cinema Ambiental / 2006Melhor Filme30ª. Mostra  Internacional de Cinema  de SP / 2006Melhor Filme Brasileiro - Prêmio da Crítica Independente1º Prêmio Jairo Ferreira / 2007Melhor Filme Brasileiro de 20061º Festival Guará de Cine Ambiental  / 2007Melhor Filme de longa Metragem11º Festival de  Luso-Brasileiro de Santa  Maria da Feira / 2007Melhor Filme / Júri OficialMelhor Filme - Júri da CríticaMelhor Filme - Júri PopularMelhor Filme – Júri dos CineclubesAPCA - Associação Paulista de Críticos de Arte /2009Melhor Filme,,Longa-metragem
1009,Eles não usam Black-tie,Leon Hirszman,Brasil,1981,121,Leon Hirszman Produções,Não informado,"Prêmio Especial do Júri no Festival de Veneza, ex-aequo, 1981; Prêmio Fipresci (Federação Internacional da Crítica Cinematográfica); Prêmio OCIC (Office Catholique Internacional du Cinéma); Prêmio AGIS (Banca Nazionale del Lavoro); Prêmio FICE (Federação Italiana dos Cinemas de Arte); Grande Prêmio do Festival dos Três Continentes, Nantes, França, 1981. Grande Prêmio Coral no 3º Festival Internacional do Novo Cinema Latino-americano, Havana, Cuba, 1981; Prêmio Espiga de Ouro no Festival Internacional de Valladolid, Espanha, 1981; Melhor Filme no 1º Festival Internacional de Cinema de Montreuil - Confederação Geral do Trabalho - Ville de Montreuil, França, 1982; Melhor Filme Ibero-americano no Festival de Cartagena, Colômbia - Prêmio concedido pela crítica colombiana, 1983; Margarida de Prata (CNBB) - Melhor longa-metragem de 1981; Prêmios Air France de Cinema de 1981 (Melhor Filme, Melhor Diretor, Melhor Atriz - Fernanda Montenegro, Prêmio Especial para Gianfrancesco Guarnieri); Prêmio Curumim - Cineclube de Marília, São Paulo, 1982",,Longa-metragem
1010,O saci,Rodolfo Nanni,Brasil,1953,65,Brasiliense Filmes,Não informado,Não informado,,Média-metragem
1011,O padre e a moça,Joaquim Pedro de Andrade,Brasil,1965,91,Filmes do Serro,Não informado,"Prêmio de Melhor Direção do Festival de Teresópolis, 1966Prêmio de Qualidade do Instituto Nacional do Cinema, 1966Prêmio de Melhor Fotografia, Festival de Brasília, 1966",,Longa-metragem
1012,"Bar Esperança, o último que fecha ",Hugo Carvana,Brasil,1983,119,Mac Comunicação e Produção,Não informado,"Recebeu os prêmios de melhor roteiro, melhor atriz (Marilia Pera) e melhor atriz coadjuvante (Sylvia Bandeira) no XI Festival do Cinema Brasileiro de Gramado, RS, em 1983.- Melhor Filme no Costa Atlântica Festival, Cadiz, Espanha, 1984.- Melhor Filme no UNEAC Festival del Nuevo Cine Latino Americano, Havana, Cuba, em 1983.",,Longa-metragem
1013,No coração dos deuses,GERALDO MORAES,Brasil,1997,107,AQUARELA PRODUÇÕES CULTURAIS,"FESTIVAL INTERNACIONAL DO MERCOSUL/ MERCOCINE - Punta Del Este 2000FESTIVAL DO CINEMA DO MEIO AMBIENTE, Barcelona?gavá 2000CALCUTTA INTERNATIONAL FILM FETIVAL, Índia 2000SHANGHAII FILM FESTIVAL , China 2000FESTIVAL INTERNACIONAL DE MAR DEL PLATA 2000FESTIVAL DE BRASÍLIA DO CINEMA BRASILEIRO 1999FESTIVAL DE CINEMA DO RECIFE 2000FESTIVAL DE CINEMA DE CUIABÁ 2000FESTIVAL TIRANT DE VALÊNCIA , Espanha 2002",FESTIVAL DE BRASÍLIA PREMIO ESPECIAL MELHOR FILME (TROFÉU PAULO TOURINHO)MELHOR TRILHA (ANDRÉ MORAES)FESTIVAL DO RECIFEMELHOR ATOR (ANTONIO FAGUNDES)MELHOR EDIÇÃO DE SOM( MICHAEL RUMAN)MELHOR TRILHA SONORA (ANDRÉ MORAES)FESTIVAL DE CUIABÁMELHOR TRILHA SONORA (ANDRÉ MORAES),,Longa-metragem
1015,Macaco feio...macaco bonito...,Luiz Seel,Brasil,1929,4,Seel-Thomas Filme,Não informado,Não informado,,Curta-metragem
1016,Amei um bicheiro,Jorge Ileli e Paulo Wanderley,Brasil,1952,88,Atlântida,Não informado,Não informado,,Longa-metragem
1017,Nem Sansão nem Dalila,Carlos Manga,Brasil,1954,88,Atlântida ,Não informado,"Prêmio O Indio da revista Jornal do Cinema, 1954, RJ de Melhor ator para Farney, Cyll e de Melhor Ator Secundário para Grey, Wilson.",,Longa-metragem
1018,Cartola - música para os olhos,Hilton Lacerda e L&iacute;rio Ferreira,Brasil,2006,88,Raccord Produções Artísticas e Cinematograficas ltda,Não informado,Não informado,,Longa-metragem
1019,Afundação do Brasil,M&ocirc; Toledo,Brasil,1980,7,Gira Filmes,Não informado,Não informado,,Curta-metragem
1020,A opinião pública,Arnaldo Jabor,Brasil,1967,71,Verba S.A.; Film-Indústria,Não informado,"Grande Prêmio do Festival de Pesaro, 1967 - IT..Prêmio da Crítica no Festival de Cinema de Teresópolis, 4, 1967, RJ..Melhor Fotografia para Lutfi, Dib; Melhor sonografia para Ventura, José Antônio e Menção Honrosa para Jabor, Arnaldo no Festival de Cinema de Juiz de Fora, 2, 1967, MG..Menção Honrosa para Jabor, Arnaldo na Semana do Cinema Brasileiro, 2, 1966, Brasília - DF.",,Longa-metragem
1023,Segunda feira,Geraldo Sarno,Brasil,1975,10,Saruê filmes,Não informado,Não informado,,Curta-metragem
1024,A grande feira,Roberto Pires,Brasil,1961,91,Iglu Filmes,Não informado,Não informado,,Longa-metragem
1022,O corpo,Jos&eacute; Antonio Garcia,Brasil,1991,78,Cinearte Produções Cinematográficas; Olympus Filme,Não informado,"Melhor filme; Melhor atriz para Severo, Marieta e Gimenez, Cláudia; Melhor roteiro; Melhor trilha sonora e Melhor montagem no Festival de Brasília, 24, 1991, Brasília - DF..Melhor filme; Melhor ator para Fagundes, Antonio e Melhor roteiro no Festival Internacional de Cinema de Cartagena, 32",,Longa-metragem
1025,Dom Helder Câmara - O santo rebelde,Erika Bauer,Brasil,2004,72,Cor Filmes,14º Cine CearáFestival do Rio 200428º Mostra BR4º Festival de Varginha37º Festival de Brasilia8º Mostra de Tiradentes1º Festival de Macapá2º Festival de Verão do RS2º Festival da América do SulX Fenart - Fest. Nacional de Artes de Paraíba Amazonas Festival FilmMostra Brasiliae outros,"14º Cine Ceará - Prêmio melhor roteiro e melhor montagem37º Festival de Brasilia - Prêmio Camara Legislativa, melhor longa em 35mm e melhor documentário.Troféu Margarida de Prata 2005-  Melhor Documentário4º Festival de Cinema de Varginha - Prêmio de melhor filme de longa metragem - ET DE OURO.RECINE 2005 - Vencedor da Mostra Competitiva de Melhor pesquisa.",,Longa-metragem
1026,Carmen Miranda,Jorge Ileli,Brasil,1969,17,INC - Instituto Nacional do Cinema,Não informado,Não informado,,Curta-metragem
1027,Um branco súbito,Ricardo Mehedff,Brasil,2001,10,V.filmes & Comunicação,participacao em mais de 30 festival no mundo incluindo:Festival Internacional de Curtas do Rio de Janeiro - Curta Cinema 2001Festival do Rio 2001Festival Internacional de Rotterdam 2002Stockholm Film Festival 2002Brasil Plural 2002Mostra de Cinema de Tiradentes 2002Brooklyn International Film Festival 2002,PrêmiosFavoritos do Público no Festival Internacional de Curtas de São Paulo 2001Melhor Curta no Festival de Cinema Brasileiro de Miami 2002 Melhor Montagem no FAM - Florianópolis Audiovisual Mercosul 2002,,Curta-metragem
1028,Capital circulante,Ricardo Mehedff,Brasil,2004,10,v.filmes & comunicacao,Festival de Gramado 2004Festival Internacional de Curtas de São Paulo 2004Festival Internacional de Curtas do Rio de Janeiro - Curta Cinema 2004Festival de Biarritz Cinemas et Cultures d'Amerique 2005Festival Internacional de Guadalajara 2005Toronto Latin Film Video Festival 2005Worldwide Short Film Festival - Canada 2005Brasil Noar 2005Brasil Plural 2005Fenart - Festival Nacional de Artes da Paraíba 2004Goiânia Mostra Curtas 2004Mostra do Filme Livre 2004Mostra de Cinema de Tiradentes 2004Festival de Cinema de Belém 2005Festival Internacional de Curtas de Belo Horizonte 2005Festival Luso-brasileiro de Curtas de Sergipe 2005International Film Festival of Uruguay 2004,Melhor direção no Brazilian Film Festival of Miami 2005Melhor Música no Festival de Gramado 2004Melhor Fotografia no FAM - Florianópolis Audiovisual Mercosul 2005Melhor Música no FAM - Florianópolis Audiovisual Mercosul 2005Melhor direção no Festival Amazonas Filmes 2004 ,,Curta-metragem
1030,Guilherme de Brito,Andr&eacute; Luiz Sampaio,Brasil,2008,20,Inventarte e Carcará Filmes,Festival Cine Música/ FBCU/ Curta Cinema/ Festival de Nova Iguaçu/ Mostra do Filme Etnográfico,Não informado,,Curta-metragem
1031,"Noite de sexta, manhã de sábado",Kleber Mendon&ccedil;a Filho,Brasil,2006,15,CinemaScópio,Festival de BrasíliaFestival Luso Brasileiro de Santa Maria da Feira - PortugalFestival Internacional de RoterdãCine PE Festival do AudiovisualFestival Internacional de Curtas de SPFestival do RioFestival Internacional de Curtas de BHFestival de Cinema de Huesca - Espanha,Melhor Atriz Bohdana Smyrnova - Festival de BrasíliaPrêmio Aquisição Canal Brasil - Festival de BrasíliaPrêmio da Crítica - Festival de BrasíliaMelhor Diretor - Cine PEPrêmio do Público - Festival Luso Brasileiro de Santa Maria da Feira,,Curta-metragem
1032,Rocha que voa,Eryk Rocha,Brasil,2002,94,Grupo Novo de Cinema e Tv Ltda,Não informado,Não informado,,Longa-metragem
1040,Réquiem,Moira Toledo e NIKHIL (FLAVIO DEZORZI),Brasil,2000,9,Ouroboros Cinematográfica (nome fantasia da época- Id Video),"Festival de Curtas-Metragens de SP, Festival de Cinema Universitário da UFF. ",Menção honrosa no Festival de Cinema Universitário da UFF.,,Curta-metragem
1033,Eu e crocodilos,Marcela Arantes,Brasil,2008,17,KNS Produções,"- Festival Internacional de Curtas do Rio de Janeiro – Curta Cinema 2008- 12º Festival Luso-Brasileiro de Santa Maria da Feira, 2008- Festival de SUNDANCE, Park City, EUA, 2009- Mostra de Cinema de Tiradentes, 2009- CINE PE – 2009- Festival Internacional de Curtas metragens de Bruxelas, Bélgica, 2009- BAM cinefest, Festival de Cinema de Brooklyn, NY, EUA, 2009- Festival Guarnicê de Cinema e Vídeo, Maranhão, 2009- FEMINA, Festival Internacional de Cinema Feminino, 2009- Festival Internacional de Cinema de Milwauke, EUA. - Goiânia Mostracurtas, 2009- Selecionado para o Festival de SUNDANCE de 2009- Selecionado para a 12ª Mostra de Cinema de Tiradentes- Selecionado para o FEMINA – Festival Internacional de Cinema Feminino, 2009","- Prêmio de  Melhor Filme no 12º Cultura Inglesa Festival- Menção Honrosa do Júri ABD e C do RJ no Festival Internacional de Curtas do Rio de Janeiro – Curta Cinema 2008- Prêmio Onda Curta2, de Aquisição da RTP, no 12º Festival Luso-Brasileiro de Santa Maria da Feira- Prêmio de Melhor Roteiro no CINE PE – 2009",,Curta-metragem
1034,Uma vida e outra,Daniel Arag&atilde;o,Brasil,2006,17,REC Produtores Associados,Festival de Brasília do Cinema Brasileiro 2006Jornada de Cinema da Bahia 2006Curta Cinema Rio 2006Festival Internacional de Clermont-Ferrand 2007III Tudo Sobre Mulheres – Festival de Cinema Feminino de Chapada dos Guimarães 2007The International Emerging Talent Film Festival – Mônaco - 2007Festival de Cinema Latino-americano de São Paulo - 2007Festival Internacional de Curtas-metragens de São Paulo – 20076th Discovering Latin America Film Festival – Londres - 2007,Melhor atriz no Festival de Brasília 2006Melhor Atriz e Prêmio BNB de Melhor Curta-metragem Nordestino na Jornada de Cinema da Bahia 2006,,Curta-metragem
1035,Perto de casa,S&eacute;rgio Borges,Brasil,2009,9,Teia,Mostra do Filme Livre/RJIguacine/RJMostra Cine BH/MGCineEsquemaNovo/RSCurtaCinema/RJFestival internacional de curtas de BH/MG,Melhor Filme - júri popular / CineEsquemaNovoMenção especial do júri / CineEsquemaNovo,,Curta-metragem
1036,A ostra e o vento,Walter Lima J&uacute;nior,Brasil,1997,116,Tambellini Filmes (atual denominação da Ravina Filmes),Não informado,    *  Prêmio Cinema d' Avennire - 54º. Festival de Veneza 1997    * Melhor Filme - IX Festival de Cinema Natal 1998    * Melhor Direção - IX Festival de Cinema Natal 1998    * Melhor Música - IX Festival de Cinema Natal 1998    * Melhor Fotografia - IX Festival de Cinema Natal 1998    * Melhor Filme - Associação de Críticos do Cinema do Rio de Janeiro 1997    * Melhor Atriz Revelação para Leandra Leal - Associação de Críticos do Cinema do Rio de Janeiro 1997    * Melhor Atriz para Leandra Leal - Festival de Biarritz 1997    * Melhor Atriz para Leandra Leal - Festival de Cinema Brasileiro de Miami 1998    * Júri Popular - II Festival de Cinema Nacional do Recife  1998    * Prêmio Especial do Júri: Fernando Torres - II Festival de Cinema Nacional do Recife 1998    * Melhor Fotografia - II Festival de Cinema Nacional do Recife 1998    * Melhor Filme - II Festival de Cinema Nacional do Recife 1998    * Melhor Direção - II Festival de Cinema Nacional do Recife 1998    * Melhor Montagem - II Festival de Cinema Nacional do Recife 1998    * Melhor Atriz Revelação para Leandra Leal - II Festival de Cinema Nacional do Recife  1998    * Troféu Don Quixote - Festival International de Films de Fribourg 1998,,Longa-metragem
1037,O pulso,Jos&eacute; Pedro Goulart,Brasil,1997,20,Zeppelin Filmes,Não informado,Não informado,,Curta-metragem
1038,Depois das nove,Allan Ribeiro,Brasil,2008,14,Imagem Tempo / Sobretudo Produção,"Festival do Rio, Havana, Tiradentes, Goiânia, Vitória, Curta Cinema, Paraty, Itatiaia.","- Prêmio Especial do Juri, no Festival de Brasília 2008- Prémio do Júri Jovem no Festival de Punta Del Este (mALCINE 2009)- Melhor Curta no Festival de Varginha – MG 2008- prêmio Movie Mobz, no Festival Internacional de Curtas de SP 2008",,Curta-metragem
1039,O teu sorriso,Pedro Freire,Brasil,2009,18,Jurubeba Produções,- 66o Festival de Veneza - competição oficial de curtas (CortoCortissimo)- 37o Festival de Gramado- Festival Int. de Curtas do RJ Curtacinema 2009- Festival do Rio 2009: Hours-Concours- II Janela de Recife- Goiania Mostra Curtas 2009- Cine BH 2009  ,"- 37o Festival de Gramado: Prêmio da Crítica, Kikito de Melhor Atriz, Prêmio Aquisição Canal Brasil.- Festival Int. de Curtas do RJ Curtacinema 2009: Melhor filme de ficção",,Curta-metragem
1041,Pedra bruta,Julia Zakia,Brasil,2009,8,Cinematográfica Superfilmes Ltda,20º Festival Internacional de Curtas Metragens de São Paulo 2009.,não possui,2009-08-22,Curta-metragem
1042,De resto,Daniel Chaia,Brasil,2007,11,Bola Oito Produções Ltda,"18° Festival Internacional de Curtas Metragens de São Paulo 2007 7° Goiânia Mostra Curtas 200717° Festival Internacional de Curtas do Rio de Janeiro - Curta Cinema 200721ª Mostra do Audiovisual Paulista 200712° Festival de Cinema Luso-brasileiro de Santa Maria da Feira 2007 - Portugal12° Festival do Cinema Brasileiro de Tiradentes 200826° Festival Cinematografico Internacional del Uruguay 2008 - Uruguai8° Festival Iberoamericano de Curtas Metragens de Sergipe 20085° Festival de Cinema de Maringá 2008 12° Brazilian Film Festival of Miami 2008 – EUA14° Cittadella del Corto - Festival Internazionale del Corto di Fiction 2008 - Itália 12° Florianópolis Audiovisual Mercosul – FAM 2008 Femina – Festival Internacional de Cinema Feminino 200812° Festival Brasileiro de Cinema Universitário (sessão de ex-alunos)20º Exground Filmfest (Wiesbaden, Alemanha)11º Festival Internacional de Cortometrajes de Barcelona - Mecal (Barcelona, Espanha)",18° Festival Internacional de Curtas Metragens de São Paulo 2007 (*Troféu Cachaça Cinema Clube)5° Festival de Cinema de Maringá 2008 (*Melhor atriz para Denise Weinberg)12° Florianópolis Audiovisual Mercosul – FAM 2008 (*Melhor atriz para Denise Weinberg),,Curta-metragem
1043,Filme de amor,J&uacute;lio Bressane,Brasil,2003,90,"Grupo Novo de Cinema e TV, TB Produções e Riofilme",Não informado,Não informado,,Longa-metragem
1044,Ação e dispersão,Cezar Migliorin,Brasil,2003,5,Limite,"•VideoBrasil - 14ª Festival Internacional de Arte Eletrônica – São Paulo - 2003•Tate Modern - Brazilian Links - Londres – Inglaterra - 2007•Centre georges Pompidou - Video et Aprés - Paris – France- 2007•Goethe Institut/ICBA (VídeoBrasil- Intinerante)  Bahia •Viper 2004 – Basel – Suiça•  Experimenta Colômbia/Festival Latinoamericano de Arte Eletrônica - Bogotá e Medelin/Colômbia•Gallery  NOASS – (Maio) – Riga/Latvia•Media Art Biennale WRO 05 – (Maio) – Wroclaw/Polônia•Videografías in(visibles)"" Valladolid/Espanha, Panamá, Costa Rica, El Salvador, Guatemala, Honduras, Venezuela, Colombia, Peru, Argentina e Uruguai","Melhor Trabalho -Categoria Imagination, VIPER/BASEL Suíça. Melhor curta-metragem nacional - Mostra do Filme Livre",,Curta-metragem
1045,Lampião (o rei do cangaço),Benjamin Abrah&atilde;o,Brasil,1959,12,Al Ghiu Filmes,Não informado,Não informado,,Curta-metragem
1081,O céu de Iracema,Iziane Filgueiras Mascarenhas,Brasil,2002,10,Iziane Filgueiras Mascarenhas,"O Céu de Iracema ( 2002-2003 )•XII CINE CEARÁ•XXX FESTIVAL DE GRAMADO•XIII FESTIVAL INTERNACIONAL DE CURTAS METRAGENS DE SÃO PAULO•XXVII JORNADA INTERNACIONAL DE CINEMA DA BAHIA•FESTIVAL DO RIO BR 2002•II GOIANIA MOSTRA CURTAS•I FESTIVAL DE CINEMA DE PARATY•IX VITÓRIA CINEVIDEO•XII MOSTRA CURTA CINEMA•VI MOSTRA DE CINEMA DE TIRADENTES•VII CINE PE•VII FLORIANÓPOLIS AUDIOVISUAL MERCOSUL•II CURTA-SE FESTIVAL LUSO BRASILEIRO DE SERGIPE•XXVI FESTIVAL GUARNICÊ DE CINEMA•V FESTIVAL INTERNACIONAL TIM DE CURTAS-METRAGENS DE BELO HORIZONTEPARTICIPAÇÃO EM FESTIVAIS INTERNACIONAISO Céu de Iracema•53º INTERNACIONALE FILFESTSPIELE BERLIM•17º MUESTRA DE CINE MEXICANO E IBEROAMERICANO DE GUADALAJARA.•7º BRASILIAN FILM FESTIVAL OF MIAMI•46º SAN FRANCISCO INTERNATIONAL FILM FESTIVAL•FESTIVAL INTERNACIONAL DEL NUEVO CINE LATINOAMERICANO- HAVANA•4º TORONTO LATINO FILM & VÍDEO FESTIVAL, ALUCINE",•XII CINE CEARÁ: melhor fotografia•XXX FESTIVAL DE GRAMADO: melhor roteiro                                                             aquisição Canal Brasil•I PARACINE : melhor música                                 melhor montagem•IX VITÓRIA CINEVÍDEO: melhor fotografia•VII FLORIANÓPOLIS AUDIOVISUAL MERCOSUL: melhor filme de ficção•VII CINE-PE ( MOSTRA MULHER XX): melhor roteiro                                                                       melhor fotografia                                                                       melhor direção                                                    melhor filme•XXVI FESTIVAL GUARNICÊ DE CINEMA: melhor montagem,,Curta-metragem
1046,A entrevista,Helena Solberg,Brasil,1967,19,CAIC - Comissão de Ajuda à Indústria Cinematográfica,Não informado,Não informado,,Curta-metragem
1047,Café com leite,Daniel Ribeiro,Brasil,2007,18,Lacuna Filmes,"    * 40º Festival de Brasília do Cinema Brasileiro    * 5º Festival de Cinema de Campo Grande    * 11ª Mostra de Cinema de Tiradentes    * Cine PE 2008 – Festival do Audiovisual    * 15º Festival de Cinema e Vídeo de Cuiabá          o Prêmio: Melhor Direção    * 5º Festival de Cinema de Maringá    * CINEME-SE 2008 – Festival da Experiência do Cinema    * 12º Florianópolis Audiovisual Mercosul - FAM 2008          o Prêmio: VIVO Audiovisual - Melhor Curta Metragem    * 31º Festival Guarnicê de Cinema    * 1º Festival Paulínia de Cinema          o Prêmio: Melhor Direção          o Prêmio: Melhor Ator - Eduardo Melo    * Festival de Cinema Agulhas Negras 2008    * 19° Festival Internacional de Curtas-Metragens de São Paulo          o TOP 10 - Escolha do Público          o Prêmio: Moviemobz    * Comunicurtas 2008 - Festival de Cinema de Campina Grande          o Prêmio: Melhor Curta-Metragem          o Prêmio: Melhor Curta-Metragem Ficção          o Prêmio: Melhor Direção          o Prêmio: Melhor Roteiro          o Prêmio: Melhor Ator - Daniel Tavares    * II For Rainbow          o Prêmio: Revelação - Eduardo Melo    * 6º Curta Santos          o Prêmio: Melhor Direção    * Festival do Rio 2008          o Prêmio Porta Curtas    * III Mostra Cinema e Direitos Humanos na América do Sul    * 8ª Goiânia Mostra Curtas    * 1º Festival Internacional de Cinema de Paraty    * V Festival Cinema de Arte de Salvador    * V Mostra Curta Pará Cine Brasil    * Festival Internacional de Cinema de Itu          o Prêmio: Melhor Roteiro    * Curta Cinema 2008 - Festival Internacional de Curtas do Rio de Janeiro    * Festival Mix Brasil de Cinema e Vídeo da Diversidade Sexual    * 15º Vitória Cine Vídeo    * ENTRE TODOS - 2º Festival de Curtas Metragens de Direitos Humanos          o Prêmio: Melhor Roteiro    * 10ª Mostra Londrina de Cinema    * 5º Festival de Belém do Cinema Brasileiro    * Mostra do Filme Livre    * Grande Prêmio Cinema Brasil          o Melhor Curta Metragem de Ficção [1][editar] Internacionais    * 58th Berlin International Film Festival – Alemanha          o Prêmio: Urso de Cristal de Melhor Curta-Metragem (Generation 14plus)[2]    * 48º Festival Internacional de Cine y TV de Cartagena – Colômbia          o Menção Especial    * 22º Festival_Internacional_de_Cinema_de_Guadalajara – México    * 26º Festival Cinematográfico Internacional del Uruguay    * 20º Rencontres Cinémas d'Amérique Latine de Toulouse - França    * 15º Festival Internacional de Jóvenes Realizadores de Granada - Espanha    * 21ª Semana de Cine de Medina del Campo - Espanha    * 23rd Torino GLBT Film Festival – Itália          o Prêmio: Melhor Curta-Metragem - Público [3]    * 24th Schwulen Filmwoche - Alemanha    * 11th Pink Apple – Suíça    * Inside Out Film Festival – Canadá    * 12th Brazilian Film Festival of Miami – EUA          o Prêmio: Melhor Curta-Metragem    * NewFest 2008: NY LGBT Film Festival – EUA    * Frameline32: The San Francisco Int’l LGBT Film Festival – EUA    * International Film Festival TOFIFEST - Polônia    * Philadelphia Int'l Gay and Lesbian Film Festival - EUA    * 4th InDPanda International Short Film Festival - Hong Kong    * 7th Q! Film Festival - Indonésia    * ANONIMUL Int’l Film Festival - Romênia    * 2008 Palm Springs Int'l Festival of Short Films - EUA    * ShortShorts Mexico    * 17ème Festival De Biarritz Cinémas Et Cultures De L'amerique Latine - França    * Cardiff’s International - Iris Prize Festival 2008 - Reino Unido    * Festival de Cinema de Quito - Cero Latitud - Equador    * 53rd Corona Cork Film Festival - Irlanda    * 27th Uppsala International Short Film Festival - Suécia    * 38th Molodist - Kyiv International Film Festival - Ucrânia          o Menção Especial na Competição Sunny Bunny [4]    * LesGaiCineMad - Espanha          o Prêmio: Melhor Curta-Metragem - Votação Público    * 9th Czech GLFF MEZIPATRA 2008    * DIVERSA Film Festival - Argentina    * 34º Festival de Cine Iberoamericano de Huelva    * 30º Festival Internacional del Nuevo Cine Latinoamericano - Havana    * Roze Filmdagen - Amsterdam Gay & Lesbian Film Festival    * 6th Zinegoak, Bilbao International Gay & Lesbian Film Festival    * 2009 Melbourne Queer Film Festival    * 10th Brisbane Queer Film Festival    * VII Festival Internacional del Cine Pobre de Humberto Solás          o Prêmio Especial do Juri do Colégio de América de Melhor Curta Metragem Hispano-Americano de Ficção          o Prêmio da Imprensa Estrangeira de Melhor Curta Metragem [5]    * KOTA 2023 - Festival of Short Minimalist Films    * Identities - Vienna's Queer Film Festival    * FEST - Festival Internacional de Cinema Jovem    * I Cine Fest Brasil - London    * Queer Lisboa 13 - Festival_de_Cinema_Gay_e_Lésbico_de_Lisboa    * VIART 2009 - XIII Festival de Curtas Universitários de Caracas    * Festival de Cine Latinoamericano de Flandes          o Menção Especial [6]","    * 40º Festival de Brasília do Cinema Brasileiro    * 5º Festival de Cinema de Campo Grande    * 11ª Mostra de Cinema de Tiradentes    * Cine PE 2008 – Festival do Audiovisual    * 15º Festival de Cinema e Vídeo de Cuiabá          o Prêmio: Melhor Direção    * 5º Festival de Cinema de Maringá    * CINEME-SE 2008 – Festival da Experiência do Cinema    * 12º Florianópolis Audiovisual Mercosul - FAM 2008          o Prêmio: VIVO Audiovisual - Melhor Curta Metragem    * 31º Festival Guarnicê de Cinema    * 1º Festival Paulínia de Cinema          o Prêmio: Melhor Direção          o Prêmio: Melhor Ator - Eduardo Melo    * Festival de Cinema Agulhas Negras 2008    * 19° Festival Internacional de Curtas-Metragens de São Paulo          o TOP 10 - Escolha do Público          o Prêmio: Moviemobz    * Comunicurtas 2008 - Festival de Cinema de Campina Grande          o Prêmio: Melhor Curta-Metragem          o Prêmio: Melhor Curta-Metragem Ficção          o Prêmio: Melhor Direção          o Prêmio: Melhor Roteiro          o Prêmio: Melhor Ator - Daniel Tavares    * II For Rainbow          o Prêmio: Revelação - Eduardo Melo    * 6º Curta Santos          o Prêmio: Melhor Direção    * Festival do Rio 2008          o Prêmio Porta Curtas    * III Mostra Cinema e Direitos Humanos na América do Sul    * 8ª Goiânia Mostra Curtas    * 1º Festival Internacional de Cinema de Paraty    * V Festival Cinema de Arte de Salvador    * V Mostra Curta Pará Cine Brasil    * Festival Internacional de Cinema de Itu          o Prêmio: Melhor Roteiro    * Curta Cinema 2008 - Festival Internacional de Curtas do Rio de Janeiro    * Festival Mix Brasil de Cinema e Vídeo da Diversidade Sexual    * 15º Vitória Cine Vídeo    * ENTRE TODOS - 2º Festival de Curtas Metragens de Direitos Humanos          o Prêmio: Melhor Roteiro    * 10ª Mostra Londrina de Cinema    * 5º Festival de Belém do Cinema Brasileiro    * Mostra do Filme Livre    * Grande Prêmio Cinema Brasil          o Melhor Curta Metragem de Ficção [1][editar] Internacionais    * 58th Berlin International Film Festival – Alemanha          o Prêmio: Urso de Cristal de Melhor Curta-Metragem (Generation 14plus)[2]    * 48º Festival Internacional de Cine y TV de Cartagena – Colômbia          o Menção Especial    * 22º Festival_Internacional_de_Cinema_de_Guadalajara – México    * 26º Festival Cinematográfico Internacional del Uruguay    * 20º Rencontres Cinémas d'Amérique Latine de Toulouse - França    * 15º Festival Internacional de Jóvenes Realizadores de Granada - Espanha    * 21ª Semana de Cine de Medina del Campo - Espanha    * 23rd Torino GLBT Film Festival – Itália          o Prêmio: Melhor Curta-Metragem - Público [3]    * 24th Schwulen Filmwoche - Alemanha    * 11th Pink Apple – Suíça    * Inside Out Film Festival – Canadá    * 12th Brazilian Film Festival of Miami – EUA          o Prêmio: Melhor Curta-Metragem    * NewFest 2008: NY LGBT Film Festival – EUA    * Frameline32: The San Francisco Int’l LGBT Film Festival – EUA    * International Film Festival TOFIFEST - Polônia    * Philadelphia Int'l Gay and Lesbian Film Festival - EUA    * 4th InDPanda International Short Film Festival - Hong Kong    * 7th Q! Film Festival - Indonésia    * ANONIMUL Int’l Film Festival - Romênia    * 2008 Palm Springs Int'l Festival of Short Films - EUA    * ShortShorts Mexico    * 17ème Festival De Biarritz Cinémas Et Cultures De L'amerique Latine - França    * Cardiff’s International - Iris Prize Festival 2008 - Reino Unido    * Festival de Cinema de Quito - Cero Latitud - Equador    * 53rd Corona Cork Film Festival - Irlanda    * 27th Uppsala International Short Film Festival - Suécia    * 38th Molodist - Kyiv International Film Festival - Ucrânia          o Menção Especial na Competição Sunny Bunny [4]    * LesGaiCineMad - Espanha          o Prêmio: Melhor Curta-Metragem - Votação Público    * 9th Czech GLFF MEZIPATRA 2008    * DIVERSA Film Festival - Argentina    * 34º Festival de Cine Iberoamericano de Huelva    * 30º Festival Internacional del Nuevo Cine Latinoamericano - Havana    * Roze Filmdagen - Amsterdam Gay & Lesbian Film Festival    * 6th Zinegoak, Bilbao International Gay & Lesbian Film Festival    * 2009 Melbourne Queer Film Festival    * 10th Brisbane Queer Film Festival    * VII Festival Internacional del Cine Pobre de Humberto Solás          o Prêmio Especial do Juri do Colégio de América de Melhor Curta Metragem Hispano-Americano de Ficção          o Prêmio da Imprensa Estrangeira de Melhor Curta Metragem [5]    * KOTA 2023 - Festival of Short Minimalist Films    * Identities - Vienna's Queer Film Festival    * FEST - Festival Internacional de Cinema Jovem    * I Cine Fest Brasil - London    * Queer Lisboa 13 - Festival_de_Cinema_Gay_e_Lésbico_de_Lisboa    * VIART 2009 - XIII Festival de Curtas Universitários de Caracas    * Festival de Cine Latinoamericano de Flandes          o Menção Especial [6]",,Curta-metragem
1048,Memórias sentimentais de um editor de passos,Daniel Turini,Brasil,2006,17,Glaz Entretenimento Ltda.,Não informado,Não informado,,Curta-metragem
1049,Por dentro de uma gota d'água,Felipe Bragan&ccedil;a e Marina Meliande,Brasil,2003,10,DM Filmes e UFF,"36o Festival de Brasília, 2003; Festival Internacional de curtas de São Paulo, Brasil 2003; II Festival Primeiro Plano, Juiz de Fora, 2003; Kodak Filmschool Competition 2003 8o Festival Brasileiro de Cinema UniversitÃ¡rio, 2003","Melhor Direção e Menção honrosa do júri para o ator Emanuel Cavalcante no 36o Festival de Brasília, 2003; Prêmio Revelação (New Talent Award) no 14o Festival Internacional de curtas de São Paulo, Brasil 2003; Melhor Direção de Arte e de Melhor Ator para Emanuel Cavalcante no II Festival Primeiro Plano, Juiz de Fora, 2003; Premiado na primeira fase do Kodak Filmschool Competition 2003, vencedor do Concurso Nacional e selecionado para competição da América Latina; Prêmio Cachaça Cinema Clube como melhor Realização do 8o Festival Brasileiro de Cinema Universitário, 2003",,Curta-metragem
1050,Frei Tito,Marlene Fran&ccedil;a,Brasil,1983,16,M. F. Produções Artísticas Ltda.,Não informado,Não informado,,Curta-metragem
1051,L'amar,SANDRA ALVES,Brasil,2003,19,Vagaluzes Filmes,DIVERSOS [ATUALIZAR DEPOIS],"MENÇÃO HONROSA 7º FESTIVAL LUSO-BRASILEIRO SANTA MARIA DA FEIRA/PORTUGAL, 2003.MENÇÃO HONROSA FESTIVAL RIO 2003.",,Curta-metragem
1052,A árvore da miséria,Marcus Vilar,Brasil,1998,12,COMVIDEO,"I Festival de Cinema Nacional do Recife,. VIII Cine Ceará, . Guarnicê de Cinema e Vídeo do Maranhão,  9º Mostra Internacional de Cinema de São Paulo, - 25ª Jornada Internacional de Cinema de Bahia, com o f.II Festival de Cinema e Vídeo de Vitória,Festival Luso Brasileiro de Santa maria da Feira","Melhor filme segundo o júri técnico, Melhor fotografia, Prêmio banco do Nordeste, Prêmio da Associação Brasileira de Documentaristas - PE  e Prêmio Casa Blanca Stúdios, com o filme “A ÁRVORE DA MISÉRIA”, no II Festival de Cinema Nacional do Recife, em 1998.- Melhor filme segundo o Júri Técnico, melhor fotografia e Prêmio Cia de Imagem, com o filme “A ÁRVORE DA MISÉRIA”, no VIII Cine Ceará, em 1998.- Melhor fotografia, melhor música adaptada, melhor argumento no 21º Guarnicê de Cinema e Vídeo do Maranhão, com o filme “A ÁRVORE DA MISÉRIA”, em junho de 1998.- Prêmio do Júri Popular no 9º Mostra Internacional de Cinema de São Paulo, com o filme “A ÁRVORE DA MISÉRIA"", realizada  de 19 a 30 de agosto de 1998.- Melhor fotografia, melhor música e melhor atriz na 25ª Jornada Internacional de Cinema de Bahia, com o filme “A ÁRVORE DA MISÉRIA”, realizada de 12 a 17 de setembro de 1998.-Melhor fotografia, no II Festival de Cinema e Vídeo de Vitória, com o filme “A ÁRVORE DA MISÉRIA “, realizado de 15 a 21 de novembro de 1998",,Curta-metragem
1053,Areia,Caetano Gotardo,Brasil,2008,12,Bambu Filmes,"Semana da Crítica do Festival de Cannes (França), Festival de Bilbao (Espanha), Festival de Havana (Cuba), Festival de Santa Maria da Feira (Portugal), Festival de Gramado, Cine Ceará, Curta Pará Cine Brasil, Janela Internacional de Cinema do Recife, Goiânia Mostra Curtas, Mostra de Cinema de Tiradentes, Mostra de Cinema de Ouro Preto, Festival Internacional de Curtas de BH, Festival Internacional de Curtas-Metragens de São Paulo, Festival do Rio, Curta Cinema, Seminário Internacional de Cinema e Audiovisual de Salvador, Festival de Agulhas Negras, Vitória Cine Vídeo, Festival de Londrina, Festival de Atibaia","Festival de Gramado (melhor filme, melhor atriz e melhor fotografia), Cine Ceará (Troféu Samburá de curta-metragem), Curta Pará Cine Brasil (melhor filme), Janela Internacional de Cinema do Recife (melhor som), Goiânia Mostra Curtas (menção honrosa)",,Curta-metragem
1054,Famigerado,Aluizio Salles Jr.,Brasil,1996,14,Fazenda Cinema e Viceo,19o. Guarnicê de Cine Vídeo,MELHOR VÍDEO  -  FAMIGERADOMELHOR ATOR - Antônio NaddeoMELHOR TRILHA SONORA - Tavinho MouraMELHOR FOTOGRAFIA - Carlos GiovanniPremio Incentivo “INSTITUTO CULTURAL ITAÚ” (São Paulo): MELHOR CONTEÚDO CULTURAL ao diretor Aluizio Salles Jr.Troféu UERJ VÍDEO: MELHOR VÍDEO,,Curta-metragem
1055,Os idiotas mesmo,Allan Sieber,Brasil,2000,12,Toscographics Desenhos Animados,Não informado,7 º Vitória Cine Vídeo  -  Menção Honrosa para Animação 11º Festival de Cinema de Natal  -  Melhor Curta-metragem 9º Anima Mundi - 3º Melhor Filme BrasileiroHQ Mix 2002 - Melhor Curta de Animação Brasileiro1º Funny Comedy Film Fest – Torta na Cara de Prata categoria Animação,,Curta-metragem
1056,A casa dos mortos,Debora Diniz,Brasil,2009,23,ImagensLivres,"É Tudo Verdade / It’s All True International Film Festival 2009[São Paulo, Rio de Janeiro e Brasília, Brasil]2nd Independent Film Festival - Camera Mundo[Rotterdam, Holanda]I Festival de Documentários Pan-Amazônicos – Amazônia DOC[Belém – PA, Brasil]35º Festival Internacional Filmets[Barcelona, Espanha]3° CINEPORT - Festival de Cinema de Países de Língua Portuguesa[João Pessoa – PB, Brasil]VI Panorama Recife de Documentários[Recife – PE, Brasil]FeminaFest 2009 – Festival Internacional de Cinema Feminino[Rio de Janeiro – RJ, Brasil]A Corto di Donne 2009[Nápoles, Itália]13º Florianópolis Audiovisual Mercosul – FAM 2009[Florianópolis – SC, Brasil]2º Festival de Cinema de Triunfo[Triunfo – PE, Brasil]I've Seen Films - International Short Film Festival 2009[Milão, Itália]Iguacine - 2º Festival de Cinema da Cidade de Nova Iguaçu[Nova Iguaçu – RJ, Brasil]3º Festival Cinema Com Farinha[Patos – PB, Brasil]16º Festival de Cinema e Vídeo de Cuiabá[Cuiabá – MT, Brasil]III Festival Curta Cabo Frio[Cabo Frio – RJ, Brasil]Mostra Cinema Conquista 2009[Vitória da Conquista – BA, Brasil]Festival Internacional de Curtas de São Paulo – Curta Kinoforum 2009[São Paulo – SP, Brasil]3º Festival Cinema na Floresta[Alta Floresta – MT, Brasil]Miradas Doc 2009 – Festival Internacional de Cine Documental Del Sur[Guía de Isora, Tenerife – Espanha]International Short Film Festival Winterthur 2009[Winterthur – Suíça]DOK LEIPZIG – 52nd Internacional Leipzig Festival for Documentaries and Animated Film[Leipzig – Alemanha]DocLisboa 2009 – Festival Internacional de Cinema[Lisboa – Portugal]25th Interfilm – International Short Film Festival Berlin[Berlin – Alemanha]Curta Cinema 2009 – Festival Internacional de Curtas do Rio de Janeiro[Rio de Janeiro – RJ, Brasil]5&#730; Curta Ourinhos[Ourinhos – SP, Brasil]Fest Cine Amazônia 2009 – Festival de Cinema e Vídeo Ambiental[Porto Velho – RO, Brasil]Festival de Cinema Luso-Brasileiro de Santa Maria da Feira 2009[Santa Maria da Feira, Portugal]6º Fest Cine Votorantim[Votorantim – SP, Brasil]Santa Maria Vídeo e Cinema 2009[Santa Maria – RS, Brasil]FrontDoc 2009[Aosta, Itália]Festival de Cortos La Boca Del Lobo – XII Festival Internacional de Cortometrajes[Madrid, Espanha]VIII Araribóia Cine – Festival de Niterói[Niterói – RJ, Brasil]2ª Mostra Luta! Vídeos das lutas sociais e populares[Campinas – SP, Brasil]III Festival Internacional de Itu[Itu – SP, Brasil]ET de Ouro – Festival de Cinema de Varginha 2009[Varginha – MG, Brasil]II Curta Copa – Mostra de curtas-metragens independentes de Copacabana [Rio de Janeiro – RJ, Brasil]16º Vitória Cine Vídeo[Vitória – ES, Brasil]6º Amazonas Film Festival[Manaus – AM, Brasil]4º Percepções – Festival Nacional de Cinema de Muriaé[Muriaé – MG, Brasil]Certamen Internacional de Cortos Ciudad de Soria 2009[Ciudad de Soria, Espanha]17º Festvídeo Teresina[Teresina – PI, Brasil]8ª Mostra de Vídeos Universitários em Mato Grosso[Cuiabá – MT, Brasil]III STEPS International Rights Film Festival[Kharkiv, Ucrânia]I Mostra Juliette de Cinema[Curitiba – PR, Brasil]11th Madurai Film Festival[Madurai, Índia]Extensões DocLisboa 2010[Castro Verde, Portugal]","Fórum Doc Buenos Aires 2009[Buenos Aires, Argentina]Projeto Documentário Mais Criativo - Arte FranceI Festival de Documentários Pan-Amazônicos – Amazônia DOC[Belém – PA, Brasil]Melhor Curta-Metragem [Troféu Amazônia Bronze]Festival Internacional do Cinema Feminino - Femina[Rio de Janeiro – RJ, Brasil]Menção Especial do JúriA Corto di Donne 2009[Nápoles, Itália]Menção Especial de Melhor Documentário2º Festival de Cinema de Triunfo[Triunfo – PE, Brasil]Menção Honrosa de Melhor Documentário16º Festival de Cinema e Vídeo de Cuiabá[Cuiabá – MT, Brasil]Melhor Vídeo – Júri PopularInternational Izmir Short Film Festival 2009[Izmir, Turquia]Melhor Documentário InternacionalCURTA CARAJÁS – 1º Festival de Cinema de Parauapebas[Parauapebas – PA, Brasil]Menção Honrosa do Júri Técnico6º Amazonas Film Festival[Manaus – AM, Brasil]Melhor Documentário – Prêmio do JúriFestival de Curtas de São Paulo 2009[São Paulo – SP, Brasil]Prêmio 10 Curtas Mais Votados pelo PúblicoIII Festival Internacional de Itu[Itu – SP, Brasil]Filme Hours-ConcoursArouca Film Festival 2009[Arouca – Portugal]Lousa de Ouro – Melhor FilmeMelhor DocumentárioCertamen Internacional de Cortos Ciudad de Soria 2009[Soria, Espanha]Melhor Documentário8ª Mostra de Vídeos Universitários em Mato Grosso[Cuiabá – MT, Brasil]1º Lugar – Melhor Documentário16º Vitória Cine Vídeo[Vitória – ES, Brasil]Menção Honrosa do JúriMenção Honrosa do Júri da Organização Internacional Católica de Cinema (OCIC)I Mostra Juliette de Cinema[Curitiba – PR, Brasil]Melhor FilmeFest Cine Amazônia 2009 – Festival de Cinema e Vídeo Ambiental[Porto Velho – RO, Brasil]Prêmio Danna Merril – Melhor DocumentárioTV Câmara - Consurso para Seleção de Documentários [Brasília – DF, Brasil]2º Lugar",,Curta-metragem
1057,O lamparina,Glauco Mirko Laurelli,Brasil,1963,83,PAM Filmes,Não informado,Não informado,,Longa-metragem
1058,Quanto mais Manga melhor,Michele Lavalle,Brasil,2007,16,ATELIER 88 PRODUÇÃO CULTURAL ,"14º Festival de Cinema de Cuiabá, 18º Festival Internacional de Curtas SP, Festival do Rio 2007, FAM 2008, CINE SUL 2008, Cine Esquema Novo 2008.",Não informado,,Curta-metragem
1059,Amor Materno,Fernando Bonassi,Brasil,1994,10,Casa de Produção Filme e Vídeo Ltda.,Não informado,Não informado,,Curta-metragem
1060,Lápide,Paulo Morelli,Brasil,1997,25,O2 Produções Artísticas e Cinematográficas,Não informado,Não informado,,Curta-metragem
1061,A janela aberta,Philippe Barcinski,Brasil,2002,10,O2 Produções Artísticas e Cinematográficas,Não informado,Não informado,,Curta-metragem
1062,Noite Vazia,Walter Hugo Khouri,Brasil,1964,91,Companhia Cinematográfica Vera Cruz e Kamera Filmes,Não informado,Não informado,,Longa-metragem
1063,O cangaceiro,Lima Barreto,Brasil,1953,90,Companhia Cinematográfica Vera Cruz,Não informado,Não informado,,Longa-metragem
1064,A língua do Nhem,Marcelo Branco,Brasil,2006,1,Estúdio F7 de Criação,Anima Mundi Web 2007Baixada Animada/RJ 2007Bienal de Artes do Triângulo Mineiro 2007Mostra de Animação Infantil de Florianópolis 2008Mostra Perpendicular de Cinema e Vídeo do Triângulo/MG 2008,Não informado,,Curta-metragem
1065,Criança não trabalha,Marcelo Branco,Brasil,2006,2,Estúdio F7 de Criação Ltda,Anima Mundi 2007 - Futuro AnimadorMostra Cariri (CE) 2007Baixada Animada (RJ) 2008Mostra de Animação Infantil de Florianópolis (SC) 2008,Não informado,,Curta-metragem
1171,De janela pro cinema,Qui&aacute; Rodrigues,Brasil,1999,13,Quark Filmes,Não informado,Não informado,,Curta-metragem
1066,Ernesto no país do futebol,Andr&eacute; Queiroz e Thais Bologna,Brasil,2009,14,"Km 70 - Cultura, Arte e Comunicação",- 37º Festival de Cinema de Gramado- 20º Festival Internacional de Curtas de São Paulo- 6º Amazonas Film Festival- Curta Cinema 2009- 16º Vitória Cine Vídeo- 13º Mostra de Cinema de Tiradentes,- Prêmio de Melhor Fotografia de Curta-Metragem em 35mm no 37º Festival de Cinema de Gramado,,Curta-metragem
1067,Dizem que sou louco,Miriam Chnaiderman,Brasil,1994,11,Sequência 1 Cinema & Propaganda,Não informado,Não informado,,Curta-metragem
1068,Desenhar é muito fácil!,Pedro Pazelli,Brasil,2007,3,Prodarte,Festival Infantil de Cinema de Florianópolis-SC 2009,Não informado,,Curta-metragem
1069,A escada,Philippe Barcinski,Brasil,1996,4,Degrau Filmes,Não informado,"* Melhor filme em BrasíliaPrêmio especial do juri em GramadoMelhor filme no Fest. de Cinema Universit. - SPSeleção dos 10 preferidos do público em São PauloSeleção dos 10 preferidos do público em Augsburg, AlemanhaMelhor filme Ibero-americano no México",,Curta-metragem
1070,A sabotagem da moqueca real,Ricardo S&aacute;,Brasil,2003,14,Galpão Produções,Festival internacional de curtas de São Paulo- 2004Festival do Cinema Brasileiro de Paris - 2004Festival do Filme Fashion SP- 2004Festival do Livre Olhar RS -2004Vitória Cine Video - 2004,-,,Curta-metragem
1071,De ovos e guarda-chuvas,Alexandre Bersot,Brasil,2008,7,Não há,2008 - Anima Mundi; Granimado. 2009 - Mostra do Filme Livre; Baixada Animada; Festival Tela Digital; Divercine (Uruguai); Festival Locomotiva; Mostra de Cinema Infantil de Florianópolis; Curta-SE; Festival Interncaional de Cinema Infantil; Festival Curta Cabo Frio; Amazonas Film Festival; Festival Internacional De Cine Arte Para Niñas Y Niños (Colômbia); Anima Noronha,- Prêmio de melhor animação digital no Festival Curta Cabo Frio 2009;- Prêmio de Melhor Vídeo de Animação do Curta-SE (Festival Ibero-americano de Cinema de Sergipe) 2009,,Curta-metragem
1072,A festa que caiu do céu,Karen Akerman,Brasil,2008,13,Cineclube Pela Madrugada,"Festival Internacional de Curtas de SP, Subúrbio em Transe, Curta Cinema, 4ª Mostra de Curtas de Ourinhos (nov/2008), Cinemateca de São Paulo (itinerancia Curta Cinema), Festival de Tiradentes, Mostra do Filme Livre - RJ, Femina, Mostra de Cinema Infantil de Florianópolis, Cineme-se, IV Mostra Curta Audiovisual, Mostra CineBH, 9ª Goiânia Mostra Curtas",Não informado,,Curta-metragem
1073,Frio na barriga,Nilson Villas Boas,Brasil,1988,10,Setcom,Não informado,Melhor Filme Rio Cine Festival 1989,,Curta-metragem
1074,Um lugar comum,Jonas Brand&atilde;o,Brasil,2009,9,UFSCar e Split Filmes,Não informado,Não informado,,Curta-metragem
1075,Ornithophonia,Daniel Paiva,Brasil,2009,6,não há,4o Cine Ouro Preto; 7a Mostra de Cinema Infantil de Florianópolis; 3o Festival de Cinema na Floresta -MT; Mostra de Cinema Ambiental DF; Festcine Amazônia; Curta Taquary; Pedra que Brilha (Itabira MG),Não informado,,Curta-metragem
1076,Dayane e Zé Firo ,Marta Kawamura,Brasil,2009,10,Magma Filmes,- Festival Locomotiva 2009 (RS) – Mostra competitiva- 6º Festival Internacional de Cinema Feminino (RJ) – Mostra não-competitiva- 16º Cinesul (RJ) – Mostra não-competitiva- 8ª Mostra de Cinema infantil de Florianópolis (SC) – Mostra competitiva- 4ª CINEOP (MG) – Mostra não-competitiva- Mapa Cultural Paulista 2009-2010 (SP) – fase regional – Mostra competitiva- MOSCA 5 (MG) - Mostra competitiva- Festival Audiovisual Visões Periféricas 2009 (RJ) - Mostra competitiva- 19º Cine Ceará (CE) - Mostra não-competitiva- 9ª MostraTaguatinga (DF) - Festival de Cinema e Vídeo- 7º Festival Internacional de Cinema Infantil (SP) - Mostra não-competitiva- 3º Festival de Cinema na Floresta (MT) - Mostra competitiva- 7º MUMIA – Mostra Udigrudi Mundial de Animação - Mostra competitiva- II Festival Internacional de Cine Arte para Niñas y Niños en Colombia - filme convidado- 3º Festival Internacional de Cine Documental del Uruguay / Atlantidoc - filme convidado- Festcineamazônia 2009 – Mostra competitiva,- Melhor Sonoplastia - Festival Locomotiva 2009- Troféu Lobisomem (pela delicadeza da produção) – 9ª Mostra Taquatinga- Melhor Animação – XVI Festival Latinoamericano de Video Rosario- Prêmio Povos Indígenas de Rondônia: Melhor Trilha Sonora - Festcineamazônia 2009,2009-04-25,Curta-metragem
1077,A margem,Ozualdo Candeias,Brasil,1967,96,Não informado,Não informado,"Coruja de Ouro de Direção, Atriz Coadjuvante e Música de 1967 – prêmio ofertado pelo INC (Instituto Nacional de Cinema)/ Adicional de Qualidade de 1968 – prêmio ofertado pelo INC/ Menção Honrosa para a Música e para a Atriz no III Festival de Brasília do Cinema Brasileiro, em 1967/ Governador do Estado de São Paulo de Melhor Diretor, Melhor Atriz e Melhor Música de 1967. ",,Longa-metragem
1078,Uma rua chamada Triumpho 969/70,Ozualdo Candeias,Brasil,1971,10,Cinegeral e Long Filmes Produções Cinematográficas. ,Não informado,Não informado,,Curta-metragem
1079,Um dia qualquer...,L&iacute;bero Luxardo,Brasil,1965,93,Produções Líbero Luxardo,Não informado,Não informado,,Longa-metragem
1080,Emília escreve um diário,Tata Amaral,Brasil,2007,3,O2 Cinema Ltda,Não informado,Não informado,,Curta-metragem
1082,O homem do corpo fechado,Schubert Magalh&atilde;es,Brasil,1972,86,Filmes Del Rey Ltda (extinta),Não informado,Não informado,,Longa-metragem
1084,Beijo 2348/72,Walter Rogerio,Brasil,1990,87,Filme Brasil,"Festival de Brasília, 1990.Festival de Gramado, 1990.Festival de Assunção, 1994.","Melhor Filme, Melhor Ator (Chiquinho Brandão) e Melhor Ator Coadjuvante (Joel Barcelos) no Festival de Brasília, 1990.Melhor Fotografia e Melhor Montagem no Festival de Gramado, 1990.Melhor Direção no festival de Assunção, 1994.Melhor Diretor, Prêmio Cidade de São Paulo de Cinema, 1995",,Longa-metragem
1085,A garrafa do diabo,Fernando Coimbra,Brasil,2009,15,Cabra Filmes ,12ª Mostra de Cinema de Tiradentes20º Festival Internacional de Curtas-Metragens de São Paulo9º Goiânia Mostra Curtas3º CineBH,Melhor Filme de Ficção no 1º Festival do Juri Popular (2009),,Curta-metragem
1087,Águas de Romanza,Glaucia Soares e Patricia Baia,Brasil,2002,14,Corte Seco Filmes LTDA,"MOSTRA TIRADENTES,7 ºCINE PE,CINEESQUEMA NOVO,7º FLORIANÓPOLIS MERCOSUL,7º BRAZILIAN FILM FESTIVAL OF MIAMI,26º GUARNICE DE CINE-VIDEO,31º FESTIVAL DE GRAMADO,14º FESTIVAL INTERNACIONAL DE CURTAS METRAGENS DE SÃO PAULO,2º CURTA SANTOS,XXX JORNADA INTERNACIONAL DE CINEMA DA BAHIA,3º GOIANIA MOSTRA CURTAS,PRIMEIRO PLANO 2º FESTIVAL DE CINEMA DE JUIZ DE FORA,BRASIL PLURAL VI,FESTIVAL DO RIO BR 2003,10º VITÓRIA CINE VÍDEO,ARARIBÍA CINE,MOSTRA DO FILME LIVRE, ETC...","MELHOR CURTA GOIANIA MOSTRA CURTAS,MELHOR FIGURINO CINE PE,MELHOR FOTOGRAFIA E MELHOR CURTA NO FESTIVAL DE VITORIA, MELHOR FOTOGRAFIA NO BRAZILIAN FILM FESTIVAL OF MIAMI, MELHOR FOTOGRAFIA FESTIVAL DE CURITIBA, ETC",,Curta-metragem
1088,Viva o terceiro mundo,Rene Brasil,Brasil,2005,13,Rene Brasil,"13º Festival de Cinema de Vitória,20º Mostra do Audiovisual Paulista,19º Mostra do Audiovisual Paulista,5º Festival de Cinema de Varginha,10º Mostra de Cinema de Tiradentes",Não informado,,Curta-metragem
1089,A ilha,Al&ecirc; Camargo,Brasil,2008,8,OZI ESCOLA DE AUDIOVISUAL DE BRASÍLIA,"Festivais que o A ilha foi selecionadoCINEPEL , CINESUL, CINE-PE,MOSTRA CARIRI ,FAM2009MOSTRA DE CINEMA INFANTIL DE FLORIANOPOLISFESTIVAL INTERNACIONAL DE CINEMA INFANTIL (MOSTRA PARALELA)CINE CEARÁ (MOSTRA PARALELA)MOSTRA DO CINEMA BRASILEIRO EM VANVOUVERBRAZILIAN FILM FESTIVAL OF TORONTOMOSTRA MOSCA 5, CAMBUQUIRA-MGFESTIVAL DE CINEMA DE MARINGÁCURTA-SE, CINEMA COM FARINHA, PATOS –PBCURTA CABO FRIO, FESTIVAL DE CINEMA DA SANTA CRUS DAS PALMEIRAS-SPIII FESTIVAL DE CINEMA DE TRIUNFO, ANIMAMUNDI 2009 , FESTIVAL DO RIO 2009.,GOIANIA MOSTRA CURTAS 2009, AMAZONAS FILM FESTIVALPRÊMIOS RECEBIDOSCINE-PE  PRÊMIO ESPECIAL DA CRÍTICA(IMPRENSA)MELHOR CURTA DIGITALFAM2009MELHOR CURTA DIGITAL EM ANIMAÇÃOMOSTRA DO CINEMA BRASILEIRO EM  VANCOUVERGRANDE VENCEDOR DO  FESTIVAL  (JURI POPULAR)FESTIVAL DE CINEMA DE TRIUNFOMELHOR CURTA DIGITAL JURI OFICIALFESTIVAL CINEMA COM FARINHAMELHOR CURTA DIGITAL JURI POPULARMOSTRA DE CINEMA DE SANTA CRUZ DA PALMEIRAS-SPMELHOR ANIMAÇÃO – JURI OFIFIAL E JURI TÉCNICO","PRÊMIOS RECEBIDOSCINE-PE  PRÊMIO ESPECIAL DA CRÍTICA(IMPRENSA)MELHOR CURTA DIGITALFAM2009MELHOR CURTA DIGITAL EM ANIMAÇÃOMOSTRA DO CINEMA BRASILEIRO EM  VANCOUVERGRANDE VENCEDOR DO  FESTIVAL  (JURI POPULAR)FESTIVAL DE CINEMA DE TRIUNFOMELHOR CURTA DIGITAL JURI OFICIALFESTIVAL CINEMA COM FARINHAMELHOR CURTA DIGITAL JURI POPULARMOSTRA DE CINEMA DE SANTA CRUZ DA PALMEIRAS-SPMELHOR ANIMAÇÃO – JURI OFIFIAL E JURI TÉCNICOMENÇÃO HONROSA DE ROTEIRO, PRÊMIO JURI POPULAR  FESTIVALZINHO  VITORIA CINE VIDEO 2009,",,Curta-metragem
1090,Os filmes que não fiz,Gilberto Scarpa,Brasil,2008,18,Abuzza Filmes,XI CINE–PE – 200810º FESTIVAL INTERNACIONAL DE CURTAS DE BELO HORIZONTE 200819º FESTIVAL INTERNACIONAL DE CURTAS DE SÃO PAULO 2008IV Mostra Curta Pará Cine Brasil9º Primeiro Plano – Festival de Cinema de Juiz de Fora2º BRAFFT – Brazilian Film Festival of TorontoIV Festival Latino-Americano de Canoa10a Mostra Londrina de Cinema3º Festival de Atibaia Internacional do Audiovisual13º FAM - Florianópolis Audiovisual MERCOSUL19º Cine Ceará2º Festival de Cinema de TriunfoComunicurtas - Festival de Cinema de Campina Grande - 2009Curta-SE 93° Festival POP de cinema – Itapeva16° Festival de Cinema e Vídeo de Cuiabá1° Cine Malagueta – Cuiabá1º Festival Manuel Padeiro de Cinema e Animação – Pelotas8º Santa Maria Cine Vídeo8º Goiânia Mostra CurtasFEST ARUANDA 2008Mostraconquista Anoquatro1º Festival Internacional de Paraty2a Mostra Cine BH1º Perpendicular – Mostra de Cinema e Vídeo do Triângulo15º Vitória Cine VídeoFestival do Júri Popular 2009 - Hors-Concours12a Mostra de Cinema de TiradentesFAIA – Festival de Atibaia Internacional do Audiovisual 200913th Brazilian Film Festival of MiamiFestival do Júri PopularLos Angeles Brazilian Film FestivalKRATKOFIL International Short Film Festival – Sérvia15th International Short Film Festival in Drama – GréciaI Cine Fest Brasil- London4°Percepções – Fest. Nacional de cinema e vídeo MuriaéFestival de Contis – França 2009Festival de Cabo Frio 2009VIII Araribóia Cine – Vitória2° Curta Lençóis MaranhensesMuestra Internacional de Cinema BrasilNoir - Barcelona,XI CINE–PE – 2008•Melhor Curta-Metragem 35mm•Melhor Direção de Arte 35mm Curta-Metragem10º FESTIVAL INTERNACIONAL DE CURTAS DE BELO HORIZONTE 2008•Melhor Curta Brasileiro – Júri Popular19º FESTIVAL INTERNACIONAL DE CURTAS DE SÃO PAULO 2008•Aquisição Canal Brasil•Menção Especial do Júri ABD-SP•Prêmio Curta Espaço Unibanco•Eleito um dos dez favoritos do FestivalIV Mostra Curta Pará Cine Brasil•3º Melhor Curta-Metragem 35mm9º Primeiro Plano – Festival de Cinema de Juiz de Fora•Melhor Curta Metragem - Júri Popular•Melhor Roteiro•Melhor Montagem•Melhor Trilha2º BRAFFT – Brazilian Film Festival of Toronto•Melhor Curta - Escolha do PúblicoIV Festival Latino-Americano de Canoa•Melhor Direção de Arte10a Mostra Londrina de Cinema•Melhor Direção de Arte3º Festival de Atibaia Internacional do Audiovisual•Melhor Filme 35mm•Melhor Direção conferido pelo SINDICINE•Menção Honrosa pela Assoc. Intern.de Cine-Clubes13º FAM - Florianópolis Audiovisual MERCOSUL•Melhor Roteiro•Melhor Filme•Melhor Ficção•Melhor Direção•Prêmio Quanta (Melhor 35mm)•Prêmio Júri Especial Vivo19º Cine Ceará•Melhor Direção Curta-Metragem 35 mm2º Festival de Cinema de Triunfo•Melhor Curta-Metragem 35 mm - Júri Popular•Melhor Trilha SonoraComunicurtas - Festival de Cinema de Campina Grande - 2009•Melhor Direção Curta-Metragem 35 mmCurta-SE 9•Melhor Ficção•Prêmio Especial do Júri – Direção3° Festival POP de cinema – Itapeva•Melhor Filme16° Festival de Cinema e Vídeo de Cuiabá•Melhor Filme – Júri Popular1° Cine Malagueta – Cuiabá•Melhor Filme – Júri Popular1º Festival Manuel Padeiro de Cinema e Animação – Pelotas•Melhor Filme – Júri Popular8º Santa Maria Cine Vídeo•Melhor roteiro•Indicado como melhor Curta ao Grande Premio Vivo 2009,,Curta-metragem
1091,Boitatá,Marcelo Branco,Brasil,2005,3,Estúdio F7 de Criação,Eco Cine 2006 - Festival Internacional de Cinema Ambiental do BrasilFestCine Amazônia (RO) 2006,Não informado,,Curta-metragem
1170,Partido alto,Leon Hirszman,Brasil,1982,22,Embrafilme,Não informado,Não informado,,Curta-metragem
1092,A terra a gastar,Cassia Itamoto e Celina Kurihara,Brasil,2009,5,Cassia Itamoto e Celina Kurihara,"Exibições Nacionais- 8ª Mostra de Cinema Infantil de Florianópolis (05/Julho, 09/Julho e 11/Julho - Brasil, Florianópolis / SC)- 6º Festival de Cinema de Maringá (06/Julho e 08/Julho - Brasil, Maringá / PR)- 5ª Mostra Audiovisual de Cambuquira (15/Julho e 16/Julho - Brasil, Cambuquira / MG)- 19º Cine Ceará - Mostra Ibero Americana de Cinema de Animação (07/Agosto - Brasil, Fortaleza / CE)- 5º Curta Canoa - Festival Latino Americano de Curta Metragem de Canoa Quebrada (02 a 08/Setembro - Brasil, Canoa Quebrada / CE)- Cine Fest Ambiental 2009 - Festival Nacional de Cinema e Vídeo Ambiental (04/Setembro - Brasil, Pacoti / CE)- 36ª Jornada Internacional de Cinema da Bahia (10 a 17/Setembro - Brasil, Salvador / BA)- FEIA 10 - Festival do Instituto de Artes da Unicamp (13 a 19/Setembro- Brasil, Campinas / SP)- 3º Festival de Cinema de Alta Floresta ( 21/Setembro - Brasil, Alta Floresta / MT)- 4º Fri Cine Socioambiental - Festival Internacional de Cinema Socioambiental de Nova Friburgo ( 06 a 12/Outubro - Brasil, Rio de Janeiro / RJ)- 7ª Mumia - Mostra Udigrudi Mundial de Animação (26/Outubro a 01/Novembro - Brasil, Belo Horizonte / MG)- 4ª Animaserra 2009 - Festival Nacional de Cinema de Animação e Quadrinhos da Serra Carioca (31/Outubro e 01/Novembro - Brasil, Teresópolis/RJ)- Mostra Nacional de Cinema Ambiental 2009 (05/Novembro e 07/Novembro - Brasil, Brasília / DF)- Curtacom 2009 - V Festival Universitário de Curtas (09/Novembro - Brasil, Natal / RN)- FESTCINEAMAZÔNIA 2009 – Festival de Cinema e Vídeo Ambiental (09 a 14/Novembro - Brasil, Porto Velho/RO)- 17º Festival de Video de Teresina (30 de novembro a 5 de dezembro de 2009 - Brazil, Teresina/PI)- 1º Festival Manuel Padeiro de Cinema e Animação (1º a 3 de dezembro de 2009 - Brazil, Pelotas/RS)- V Fest Aruanda do Audiovisual Universitario Brasileiro (07 a 12 de dezembro de 2009 - Brazil, João Pessoa/PB)Exibições Internacionais- Cartoon Club 2009 - 25th International Festival of Animation Cinema and Comics (Julho - Itália, Rimini)- U'Frame 2009 - Festival Internacional de Vídeo Universitário ( 01/Outubro - Portugal, Oporto)- Fesancor 2009 - 19º Festival Chileno Internacional del Cortometraje de Santiago (19 a 26/Outubro - Chile, Santiago do Chile)- Intervideo Nachwuchspreis 2009 (15/Novembro - Alemanha, Mainz)- 10th Up-And-Coming International Film Festival Hannover ( 19 a 22/Novembro - Alemanha, Hannover)","- Menção Honrosa - 36ª Jornada Internacional de Cinema da Bahia (10 a 17/Set - Brazil, Salvador/BA)- 1º Colocado: Melhor Animação - U'Frame 2009 - Festival Internacional de Vídeo Universitário ( 01/Outubro - Portugal, Oporto)- 1º Colocado: Melhor Animação - Curtacom 2009 - V Festival Universitário de Curtas (09/Novembro - Brasil, Natal / RN)- 3º Colocado: Melhor Animação em Flash - 4ª Animaserra 2009 - Festival Nacional de Cinema de Animação e Quadrinhos da Serra Carioca (31/Outubro e 01/Novembro - Brazil, Teresópolis/RJ)- 2º Colocado: Melhor Animação - 17º Festival de Video de Teresina (30 de novembro a 5 de dezembro de 2009 - Brazil, Teresina/PI)- 1º Colocado: Melhor Animação - 1º Festival Manuel Padeiro de Cinema e Animação (1º a 3 de dezembro de 2009 - Brazil, Pelotas/RS)- 1º Colocado: Melhor Animação - V Fest Aruanda do Audiovisual Universitario Brasileiro (07 a 12 de dezembro de 2009 - Brazil, João Pessoa/PB)",2009-07-05,Curta-metragem
1093,Sobre a maré,Guile Martins,Brasil,2005,13,Festival Brasileiro de Cinema Universitário,Não informado,"Melhor direção de Arte no FAM2006 - 10º Florianópolis Audiovisual Mercosul, Florianópolis, 2006Prêmio Especial do Júri no Primeiro Plano 2005 - Festival de Cinema de Juiz de Fora, Juiz de Fora, 2005",2005-06-05,Curta-metragem
1094,Em nome da razão,Helv&eacute;cio Ratton,Brasil,1979,25,Quimera  Filmes,"Jornadas de Salvador, Festival de Gramado, Festival de Lille (França)","Melhor Filme (Jornadas de Salvador), Prêmio do Público (Lille), Margarida de Prata (CNBB)",,Curta-metragem
1095,Vianinha,Gilmar Candeias e Jorge Ach&ocirc;a,Brasil,1984,26,Griffith Produções Cinematográficas,"Festival de Brasília, Festival de Salvador.",Não informado,,Curta-metragem
1097,Reisado miudim,Petrus Cariry,Brasil,2008,13,Iluminura Filmes,-,Melhor vídeo de Ficção - Mostra Vídeo São Carlos 2008. Prêmio de Melhor Ficção - III Festival de Cinema Ambiental de PacotiPrêmio BNB de Melhor Curta Nordeste - 35 Jornada Internacional de Cinema da BahiaPrêmio de 2. Lugar - Festival de Vídeo de Votorantim 2008Prêmio de 3. Lugar - Festival CINEMADA 2008 ,,Curta-metragem
1098,Laurita,Roney Freitas,Brasil,2009,19,Cinematográfica  Superfilmes ,Participou do 20º Festival Internacional de Curtas-Metragens de São Paulo - Curta Kinoforum 2009Goiânia Mostra Curtas II Janela Internacional de Cinema do RecifeFestival Internacional de Curtas do Rio de Janeiro - Curta Cinema 200913º Festival de Cinema Luso-brasileiro de Santa Maria da FeiraMostra de Cinema de Tiradentes 2010,Primeiro Plano 2009 – Festival de Cinema de Juiz de Fora e Mercocidades - Melhor Montador,,Curta-metragem
1100,O anão que virou gigante,Mar&atilde;o,Brasil,2008,9,Marão Filmes,"III Granimado - Festival de Animação de Gramado (Prêmio: Melhor Roteiro)Vídeo Festival São Carlos 2008 (SP)3° Animaserra (Prêmio: Melhor Animação 2D)III Prêmio Itamaraty (X FIC Brasília)3º Festival de Cinema e Vídeo de MuriaéCHICO 2008 - Festival de Cinema e Video de PalmasVale Curtas - Festival Nacional de Curtas do Vale de São Francisco 16º Festival de Vídeo de TeresinaMiragem 2008 (Tocantins)Mostra do Filme LivreFestival Locomotiva (Garibaldi)Cineport (Paraíba)Baixada Animada (2° Lugar segundo o Júri Popular)XIII Cine-PE – Recife (Prêmio: Melhor Direção)8ª Mostra de Cinema Infantil de FlorianópolisCinesul 20092nd Brazilian Film Festival Of Vancouver (Canadá)17º Anima Mundi (Prêmio: 3° Melhor Filme Brasileiro RJ e SP)Message-To-Man Festival (São Petersburgo, Rússia)MOSCA – Mostra Audiovisual de Cambuquira (Melhor Animação segundo o Júri Popular e Melhor Filme segundo o Júri Popular)7° Festival Internacional de Cinema InfantilII Curta Taquary (Prêmios: Melhor Animação, Melhor Direção e Melhor Roteiro)19º Cine Ceará (Mostra Paralela)Comunicurtas – Festival da Paraíba (Prêmio: Melhor Filme pelo Júri Popular)Iguacine - 2º Festival de Cinema de Nova Iguaçu (Prêmio: Menção Honrosa de Roteiro)Curta Santos 2009Curta-SE 9 (Sergipe)9ª Goiânia Mostra CurtasFestival Maranhão na TelaDia Internacional da Animação 2009 (quatrocentas cidades)Festival Brasil no Ar (Barcelona)CineFantasy - 4º Festival Curta Fantástico3a Mostra CineBHCurta Cinema (Prêmio Porta Curtas)FestCine Amazônia 2009 (Prêmio: Melhor Filme pelo Júri Popular)VIII Araribóia Cine - Festival de NiteróiMostra de Cinema Ambiental&#8207; (DF)7º MUMIA – Mostra Udigrudi Mundial de Animação (Prêmio: Melhor Animação Brasileira)16º Vitória Cine Vídeo (Prêmio: Melhor Animação)Festival Entre Santos (Trancoso)Anima Noronha 2009Festival do Júri Popular 2010","III Granimado - Festival de Animação de Gramado (Prêmio: Melhor Roteiro3° Animaserra (Prêmio: Melhor Animação 2D)Baixada Animada (2° Lugar segundo o Júri Popular)XIII Cine-PE – Recife (Prêmio: Melhor Direção)17º Anima Mundi (Prêmio: 3° Melhor Filme Brasileiro RJ e SP)MOSCA – Mostra Audiovisual de Cambuquira (Melhor Animação segundo o Júri Popular e Melhor Filme segundo o Júri Popular)II Curta Taquary (Prêmios: Melhor Animação, Melhor Direção e Melhor Roteiro)Comunicurtas – Festival da Paraíba (Prêmio: Melhor Filme pelo Júri Popular)Iguacine - 2º Festival de Cinema de Nova Iguaçu (Prêmio: Menção Honrosa de Roteiro)Curta Cinema (Prêmio Porta Curtas)FestCine Amazônia 2009 (Prêmio: Melhor Filme pelo Júri Popular)7º MUMIA – Mostra Udigrudi Mundial de Animação (Prêmio: Melhor Animação Brasileira)16º Vitória Cine Vídeo (Prêmio: Melhor Animação)",,Curta-metragem
1101,Meow!,Marcos Magalh&atilde;es,Brasil,1981,7,Animando Produções Artísticas,Não informado,Não informado,,Curta-metragem
1128,As fadas da areia,Jo&atilde;o Batista Melo,Brasil,2008,15,João Batista Melo,Mostras competitivas:Mostra de Cinema Infantil de Florianópolis (Brasil)Chicago International Children's Film Festival (Estados Unidos)Auburn International Film Festival for Children and Young (Austrália),Não informado,,Curta-metragem
1129,O Jumento santo e a cidade que se acabou antes de começar,Leo D e William Paiva,Brasil,2007,11,Bam Studio,"2010» CineClube Florestano (Pernambuco - Brasil, Março 2010)2009» Mostra Dia – Dia Internacional da Animação - Realizado pela ABCA (Outubro 2009)» Cinear - Cinema no Rio São Francisco (Setembro 2009)» 4a Mostra Paulista de Cinema Nordestino (Setembro 2009)» 4ª Mostra de Cinema e Vídeo de Miracema (Julho 2009)» 2o Festival de Cinema Independente Camera Mundo (Rotterdam, Junho 2009)» 1o Cine Creed Mostra de Filmes Digitais (Outubro 2009)» Baixada Animada - IV Mostra de Cinema de Animação da Baixada Fluminense (Maio 2009)» Festival de Cinema de Tampere (Finlândia, Março 2009)» Mostra Paralela do Festival Animarte 20092008» Festival de Vídeo de Teresina (Piauí, Dezembro 2008)&#8232;» ALCINE - Festival de Cinema de Alacá de Henares (Espanha, Novembro 2008)&#8232;» Salão Pernambuco Design 2008 – Categoria Motion Design (Novembro 2008)» Festival Nacional de Curtas-Metragens do Vale do São Francisco (Bahia/Pernambuco Novembro 2008)&#8232;» Festival Maranhão na Tela (Maranhão, Novembro 2008)&#8232;» 1º Curta Nox (Recife, Outubro 2008)&#8232;» 1º Festival de Cinema Brasileiro de Vancouver (Canadá, Outubro 2008)&#8232;» 3º Granimado - Festival de Animação de Gramado (Rio Grande doSul, Outubro 2008)&#8232;» 3a Mostra De Cinema De Itabira (Outubro 2008)» Anima Mundi Belém 2008 (Pará, Setembro 2008)&#8232;» Animamundi 2008 (São Paulo/Rio de Janeiro, Julho 2008)&#8232;» Festival Shortshorts (Tóquio, Junho 2008)&#8232;» Cine Sesc Casa Amarela (Pernambuco, Junho 2008)&#8232;» 2º Festival de Cinema na Floresta (Mato Grosso, Maio 2008)&#8232;» 15º Fronteiras - Festival de Cinema e Vídeo de Cuiabá (Maio 2008)» Prêmio Vivo de Cinema Brasileiro 2008 (Rio de Janeiro, Abril 2008)&#8232;» Festival Internacional de Curta-Metragens Virada Cultural (São Paulo, Abril 2008)&#8232;» Projeto nas Asas do Cinema (São Paulo, Março 2008)&#8232;» II Fasai Cine Vídeo (Bahia, Fevereiro 2008)» III Festival Internacional de Cinema de Atibaia (São Paulo, Janeiro 2008)» Kinoarte Mostra Curtas (Paraná, Janeiro 2008)2007» 6º Descovering Latin América Film Festival (Inglaterra, Dezembro 2007)&#8232;» IX FIC - IX Festival Internacional de Brasília (Brasília, Dezembro 2007)&#8232;» 3º Fest - Aruanda (Paraíba, Dezembro 2007)&#8232;» Curta Cinema 2007 - Festival Internacional de Curtas do Rio de Janeiro (Novembro 2007)&#8232;» Mostra SESC de Artes 2007 (São Paulo, Novembro 2007)&#8232;» 4º Amazonas Film Festival (Novembro 2007)&#8232;» 14º Vitória Cine Vídeo (Espirito Santo, Novembro 2007)&#8232;» Mumia - Mostra Udigrudi Mundial de Animação (Minas Gerais, Novembro 2007)&#8232;» Pré-Jornada Nacional de Cineclubes (Espirito Santo, Outubro 2007)&#8232;» 2ª Edição do Festival de Cinema Communicurtas (Paraíba, Setembro 2007)&#8232;» 1ª Mostra de Vídeos de Humor de Votorantim (São Paulo, Setembro 2007)» 5º Curta Santos (São Paulo, Setembro 2007)» 7º Festival Brasil NoAr (Espanha, Setembro 2007)» 18º Festival Internacional de Curtas-Metragens de São Paulo (Agosto 2007)» Mostra de Cinema Infantil de Florianópolis (Santa Catarina, Julho 2007)&#8232;» 4º FestCineBelém (Pará, Julho 2007)&#8232;» Mosca 3 - Mostra Audiovisual de Cambuquira (Minas Gerais, Julho 2007)&#8232;» Santa Maria Vídeo e Cinema (Rio Grande do Sul, Julho 2007)&#8232;» 2° Festival de Cinema Latino-Americano de São Paulo (Julho 2007)» FAM 2007 - 11º Florianópolis Audiovisual Mercosul (Santa Catarina, Junho 2007)&#8232;» CineOP - Mostra de Cinema de Ouro Preto (Minas Gerais, Junho 2007)&#8232;» CineEsquemaNovo (Rio Grande do Sul, Junho 2007)&#8232;» 15º Festival de Cinema e Vídeo de Cuiabá (Mato Grosso, Maio 2007)&#8232;» Festival de Cinema de Maringá (Paraná, Maio 2007)» CinePE - Festival Audiovisual do Recife (Pernambuco, Abril 2007)&#8232;» Curta-se - Festival Luso-Brasileiro De Curtas-Metragens de Sergipe (Alagoas, Abril 2007)» CINEPORT - Festival de Cinema de Países de Língua Portuguesa (Paraíba, Abril 2007)» Festival de Cinema de Varginha (Minas Gerais, Março 2007)","2009» Troféu Underdog – 2o Festival de Cinema Independente Camera Mundo (Rotterdam, Junho 2009)2008» 3º lugar Categoria Animação no Festival de Vídeo de Teresina (Dezembro 2008)&#8232;» Destaque no Salão Pernambuco Design 2008 – Categoria Motion Design (Novembro 2008)» 3º lugar de Melhor Filme - Festival Nacional de Curtas-Metragens do Vale do São Francisco (Novembro 2008)» Melhor Roteiro e Melhor Filme - Mostra Infantil do 3º Granimado - Festival de Animação de Gramado (Outubro 2008)» 3º lugar - Categoria Melhor Animação Brasileira - Animamundi 2008 (Julho 2008)2007» Menção Honrosa - 14º Vitória Cine Vídeo (Novembro 2007)&#8232;» Prêmio do Público - Curta Cinema 2007 - Festival Internacional de Curtas do Rio de Janeiro (Novembro 2007)&#8232;» 1º lugar - Mostra Vídeos de Humor - 1ª Mostra de Vídeos de Humor de Votorantim (Setembro 2007)&#8232;» Prêmio Teleimage e Menção Especial Da FICC - Federação Internacional De Cineclubes - Santa Maria Vídeo e Cinema (Julho 2007)&#8232;» Melhor Animação - Santa Maria Vídeo e Cinema (Julho 2007)» Melhor Curta Do Festival - Santa Maria Vídeo e Cinema (Julho 2007)» Melhor Vídeo de Animação - FAM 2007 - 11º Florianópolis Audiovisual Mercosul (Junho 2007)&#8232;» Menção Honrosa - CINEPORT - Festival de Cinema de Países de Língua Portuguesa (Abril 2007)» Melhor Vídeo - CinePE - Festival Audiovisual do Recife (Abril 2007)» Melhor Roteiro - CinePE - Festival Audiovisual do Recife (Abril 2007)» Melhor Direção - CinePE - Festival Audiovisual do Recife (Abril 2007)» Prêmio Especial da Crítica - CinePE - Festival Audiovisual do Recife (Abril 2007)",,Curta-metragem
1104,Dez dias felizes,Jos&eacute; Eduardo Belmonte,Brasil,2002,21,Film Noise Produções Cinematográficas LTDA,Festival de Brasilia do Cinema Brasileiro,- Prêmio para realização do Pólo de Cinema e Vídeo Grande Otelo,,Curta-metragem
1105,Tepê,Jos&eacute; Eduardo Belmonte,Brasil,1999,19,Film Noise Produções Cinematográficas LTDA,"32o Festival de Brasília, 28° Festival de Cinema de Gramado, 7o Festival de Cinema de Vitória, Festival Internacional de Curtas Metragens de SP - 2000, Festival de Cinema de Cuiabá,  Grande Prêmio Cinema Brasil","- Melhor Filme – Júri Popular e Melhor Roteiro no 32o Festival de Brasília.- Prêmio Assembléia Legislativa para Melhor Filme Brasiliense, 1999.- Prêmio Melhor Filme Júri Popular, Melhor Montagem, Melhor Ator (Rogério Fróes) no 28° Festival de Cinema de Gramado.- Melhor Filme - Júri Popular, Melhor Fotografia e Prêmio Especial ABD no 7O Festival de Cinema de Vitória.- Favoritos do público no Festival Internacional de Curtas Metragens de SP, 2000.- Melhor Argumento no Festival de Cinema de Cuiabá.- Considerado entre os 30 curtas da década de 90 num levantamento feito pelo CTAV com vários críticos e realizadores.- Finalista do Grande Prêmio Cinema Brasil de melhor Média Metragem",,Curta-metragem
1106,Calango Lengo - morte e vida sem ver água,Fernando Miller,Brasil,2008,9,Campo 4 desenhos animados,"animamundi 2008, Granimado 2008, Tiradentes, Guarnicê, FICA, entre outros","melhor roteiro (festival de guarnicê 2009), melhor edição (festcine amazônia 2008), prêmio ABCA de qualidade técnica de animação (3o Granimado)",,Curta-metragem
1107,Espantalho,Al&ecirc; Abreu,Brasil,1998,10,Alê Abreu produções,Anima Mundi 98Melhor filme nacional RJMelhor filme nacional SPFestival de Cuiabá 98Menção honrosa pela técnica de animaçãoFestival Int. Curtas SP 98Prêmio do júri popularPrêmio aquisição Canal BrasilFestival de Cinema do Recife 98Melhor filme de animação júri popularMelhor filme de animação júri oficialBrazillian Film Festival of Miami 99Melhor direção de arteMostra do Curta Paulistano CCSP 99Melhor filme júri popular,Anima Mundi 98Melhor filme nacional RJMelhor filme nacional SPFestival de Cuiabá 98Menção honrosa pela técnica de animaçãoFestival Int. Curtas SP 98Prêmio do júri popularPrêmio aquisição Canal BrasilFestival de Cinema do Recife 98Melhor filme de animação júri popularMelhor filme de animação júri oficialBrazillian Film Festival of Miami 99Melhor direção de arteMostra do Curta Paulistano CCSP 99Melhor filme júri popular,,Curta-metragem
1108,Stela do Patrocínio - A mulher que falava coisas,Marcio de Andrade ,Brasil,2007,14,Filmes do Serro,Seleção Oficial30. Festival Internacional de Cinema Latinoamericano de Havana - CubaÉ Tudo Verdade12º Festival Internacional de Documentários18º Festival Internacional de Curtas-Metragens de São Paulo15º Festival Internacional de Curtas do Rio de Janeiro- Curta Cinema -14º Vitória Cine Vídeo9º Festival Internacional de Curtas de Belo Horizonte7ª Mostra do Filme Livre7ª Festival Internacional da Nova Arte Brasileira - Barcelona1º Festival do Documentário Independente - ParisCineDocumenta - Festival de Documentários de Ipatinga - MG,Edital Mídias Digitais / Petrobras 200511º Festival de Cinema de Pernambuco - CinePEMelhor DocumentárioAssociação Brasileira de Documentaristas - ABD-PE34ªJornada da BahiaMenção Honrosa Documentário5º Curta SantosMelhor Documentário,,Curta-metragem
1109,O imaginante quarto da vovó,Marcela Arantes,Brasil,2009,16,Ioiô Filmes,Não informado,Não informado,,Curta-metragem
1110,Tori,Andr&eacute;a Midori Sim&atilde;o e Quelany Vicente,Brasil,2006,16,Ribossomo Entretenimento Ltda. - ME,- Mostra de Cine de Tiradentes - 2007- Semana / Prêmio ABC (Associação brasileira de cinematografía) – 2007 (finalista de melhor fotografia de curtas)- Festival de Cinema Luso-Brasileiro em Santa Maria da Feira- Festival de Cinema de Maringá - 2008- Short Shorts Film Festival - Tóquio - 2008- Festival Internacional de Curtas-Metragens de São Paulo - 2008- Curta Cabo Frio - 2008- Festival Internacional de Cinema Infantil - 2009,- Grande Prêmio da Competição Nacional do Festival Internacional de Curtas Metragens do Rio de Janeiro – 2006 - Melhor curta-metragem no Prêmio FIESP/SESI do Cinema Paulista  – 2007- Melhor roteiro em Vitória Cine Vídeo - 2007- Melhor curta-metragem no I Curta Mairiporã - 2008,,Curta-metragem
1111,Saltos,Gregorio Graziosi,Brasil,2008,7,não há,''A'' 61° LOCARNO INTERNATIONAL FILM FESTIVAL (2008)''A'' 31º CLERMONT-FERRAND INTERNATIONAL SHORT FILM FESTIVAL (2009)''A'' MELHOR CURTA-METRAGEM 23º MAR DEL PLATA INTERNATIONAL FILM FESTIVAL (2008)''A'' PRÊMIO SANGUE NOVO 12° FESTIVAL DE CINEMA BRASILEIRO DE SANTA MARIA DA FEIRA (2008)‘’A’’ HABANA FESTIVAL INTERNACIONAL DEL NUEVO CINE LATINOAMERICANO (2009),'A'' MELHOR CURTA-METRAGEM 23º MAR DEL PLATA INTERNATIONAL FILM FESTIVAL (2008)''A'' PRÊMIO SANGUE NOVO 12° FESTIVAL DE CINEMA BRASILEIRO DE SANTA MARIA DA FEIRA (2008),,Curta-metragem
1183,Fractais sertanejos,Heraldo Cavalcanti,Brasil,2009,19,Anitra Produção de Filmes Cinematográficos Ltda,"20º Festival Internacional de Curtas-metragens de São Paulo, Goiânia Mostra Curtas, 2º Festival internacional de Cinema de Paraty, 5º Curta Ourinhos, 6º Amazonas Film festival, 1º Curta Carajás, 8º Santa Maria Vídeo e Cinema, 11ª Mostra Londrina de Cinema, 16° Vitória Cine Vídeo, Fest Cine Amazônia, 1º Festival de Curtas-Metragens de São Simão, 9ª Mostra do Filme Livre, 7ª CINEDOCUMENTA - Mostra de Cinema Documentário de Ipatinga, 3ª Mostra Marília de Cinema, 7º Festival de Cinema de Maringá, 14º FAM 2010, Cine Ceará",1.20º Festival Internacional de Curtas-metragens de São Paulo•10 Melhores pelo público;•Prêmio Ctav•Troféu Luiz Orlando da Silva2.16º Vitória Cine Vídeo•Melhor Filme Documentário•Prêmio Jangada (OCIC-Signis Brasil)3.11ª Mostra Londrina de Cinema•Troféu Udihara de Melhor Filme segundo Júri Popular.4.8º Santa Maria Vídeo e Cinema•Menção Honrosa5.1º Festival de Curtas-metragens de São Simão•Melhor Documentário Película•Prêmio Especial do Júri Popular6.1º Curta Carajás•Menção Honrosa.7.7º Festival de Cinema de Maringá•Melhor Música8.3ª Mostra Marília de Cinema•Melhor filme segundo o público,2010-08-21,Curta-metragem
1182,O andar superior,Leo Ribeiro,Brasil,2007,7,Leonardo Freitas Ribeiro,Não informado,"Menção Honrosa - 3º Mostra Curta Fantástico, mostra competitiva, São Paulo – SP, de 11 a 16 de novembro de 2008.Filme em Minas – Programa de Estímulo ao Audiovisual, Secretaria de Estado de Cultura de Minas Gerais e  Central Energética de Minas Gerais, Cemig: Projeto - Copiagem e Legendagem do filme de curta-metragem “O Andar Superior”, no âmbito do Programa Filme em Minas, no biênio 2007/2008.",,Curta-metragem
1235,Dez reais,Rodrigo Sarti Werthein,Brasil,2007,11,Acere Produção Artística e Cultural LTDA,2008 Non Violence International Film Festival12º Festival Florianópolis Audiovisual Mercosul 5º Festival de Cinema de Maringá - Mostra Competitiva - Curta (35mm) Ficção11th Cine Las Americas International Film Festival - Narrative Shorts / Austin TX - EUA 1st Los Angeles Brazilian Film Festival - Shorts Program / Los Angeles CA - EUA40º Festival de Cinema Brasileiro de Brasília - Mostra Brasília / Brasília - Brasil,"""Melhor Cenografia"" - 5º Festival de Cinema de Maringá - Curta (35mm) Ficção",2007-11-24,Curta-metragem
1115,"Maracatu, maracatus",Marcelo Gomes,Brasil,1995,14,O Grupo Parabólica Brasil Comunicação Audiovisual,Festival Internacional de Curtas de São Paulo 1995Festival de Brasília 1995,Melhor Ator no Festival de Brasília 1995Melhor Curta em 35mm no Festival de Brasília 1995Melhor Som Direto no Festival de Brasília 1995Melhor Fotografia no Festival de Cuiabá 1995,,Curta-metragem
1116,Nº27,Marcelo Lordello,Brasil,2008,20,Trincheira Filmes,Festival de Brasilia 08Santa Maria da FeiraMostra do Filme LivreMostra de Cinema de TiradentesCine-PEMostra de Cinema de Ouro PretoIn the Palace - BulgáriaNictheroy Cine Clube - cineclube UFFII Janela Internacional - Recife/PEFestival de ParatyFestival de Curtas de São PauloCurta Cinema Rio de Janeiro,Festival de Curtas de São Paulo. TOP 10. ABD. Espaço UnibancoII Janela Internacional - Recife/PE. Melhor Som - Curtas Nacionais,,Curta-metragem
1127,Josué e o pé de macaxeira,Diogo Viegas,Brasil,2009,11,Rocambole Produções,"Festival Locomotiva -15 a 18 de abril Garibaldi-RS *Festival Cineport -1 a 10 de maio - João Pessoa*Mostra CINEMA D'ANIMATION BRESILIEN VENDREDI CINEMA STUDIO DES URSULINES -Paris - França -12 junho 200913 *13 FAM - 5 a 12 junho - Florianópolis*Festival Cinesul - 15 a 28 de junho - Rio de Janeiro *8 Mostra de cinema infantil de Florianópolis - 26 de junho a 12 de julho*Anima Mundi -10 a 26 de julho - Rio de Janeiro/ São Paulo*19º Cine Ceará 28 de julho ao dia 04 de agosto de 2009*VI Festival de Cinema de Maringá - 3 a 10 de julho de 2009*37ºFestival de cinema de Gramado - 9 a 15 de agosto de 2009*3º Festival Cinema com Farinha, 20 a 23 de agosto de 2009*20º Festival Internacional de Curtas Metragens de São Paulo 20 e 30 de agosto de 2009*Festival Comunicurtas24 a 28 de agosto de 2009 na cidade de CampinaGrande, estado da Paraíba.*V Festival Latinoamericano de Curta Metragem de Canoa Quebrada  de 02 a 08 de setembro em Canoa Quebrada CE. *Premiação FICI-dia 2 de setembro de 2009*3° Curta Cabo Frio - 03 e 13 DE SETEMBRO de 2009*Cine Fest São Carlos no Dia 9 a 12 de setembro São Carlos SP*Curta SE - 29 setembro a 3 de outubro - Sergipe* 9ª Goiânia Mostra Curtas 6 a 11 de outubro de 2009*4º. Festival do Paraná de Cinema Brasileiro Latino de 5 a 11 de Outubro, no Museu Oscar Niemeyer – em Curitiba * Mostra Cinema Conquista - de 06 a 11 de outubro de 2009 em Vitória da Conquista BA *Sapporo International Short Film Festival and Market - Japão 14 a 18 de outubro de 2009* Fesancor - Chile -19 a26 de Outubro de 2009. *Curtacinema 2009 - 30 de outubro  a 8 de novembro de 2009 *6º Amazonas Film Festival 06 à 12 de novembro de 2009.*CineFest de Votorantim (SP), de 13 a 22 de novembro de 2009*1ª Mostra Nacional Ambiental - 03 a 7 de novembro de 2009 - Brasília DF*Festival Brasil Noar - BARCELONA 2009-9° Festival Internacional da Nova Arte BrasileiraData: 06, 07,13 e 14 de novembro de 2009*Mostra Digital do VIII Araribóia Cine - Festival de Niterói-20 e 25 de novembro de 2009* 2º festival de cinema de Agulhas Negras 24 a 28 de Novembro de 2009*A PERPENDICULAR - III Mostra de Cinema e Vídeo do Triângulo 26 a 29 de novembro Uberlândia MG.*10º AluCine Toronto Latin Film Festival de 12 de Nov. a 4 de Dez. de 2009*16ºVitória Cine Vídeo -30 de novembro a 5 de dezembro de 2009 Vitória ES*II Festival de Cine Arte para niñas y niñas em Colombia de 13 e 20 de dezembro de 2009.*Mostra de Cinema de Animação São Bernardo do Campo de 11 a 13 de Dezembro de 2009-Pinacoteca de São Bernardo do Campo*31 Edición del Festival Internacional del Nuevo Cine Latinoamericano-Havana  de 3 a13 de dezembro de 2009. *5th Annual Children's Film Festival Seattle. de 22 a 31 de janeiro 2010*Festival de cinema de Tiradentes jan 2010*4º Festival Entre Santos - Trancoso BA de 28 até 31 de janeiro de 2010*REDCAT International Children's Film Festival, no Roy and Edna Disney CalArts Theatre em Los Angeles  de Fev.. 27-28 and Março 6-7 2010.*Festival Monstra de 11 a 21 de março de 2010 em Lisboa (Portugal)*III Festival Americano de Cinema e Vídeo Sócio Ambiental - FASAI - que ocorre entre os dias 23 e 27 de março em Iraquara, na Chapada Diamantina, Bahia.*Mostra do filme Livre de 23 de março a 8 de abril 2010 Rio de Janeiro*5th film festival ""Meating short films"" in Antananarivo, Madagascar (África) de 4 a 7 de abril2010. *2nd CMS Intl Children’s Film Festival de 6 a 12 Abril de 2010) in Lucknow, India.*III Cine Fest Brasil – Canudos -BAHIA de 19 de abril a 02 de maio de 2010.",Prêmios:Melhor video infantil -Festival Locomotiva - 2009 Garibaldi-RSMelhor Filme - Mostra Infanto Juvenil - 13FAM - Florianópolis Audiovisual Mercosul - junho 2009 Melhor animação Brasileira Anima Mundi 2009 - Júri popular -Rj Prêmio Aquisição Canal Brasil37ºFestival de Cinema de Gramadojúri técnico Melhor Direção de arte: Diogo Viegasjúri técnicoMelhor trilha Musical: Leonardo Mendesjúri popular Melhor Curta-MetragemFestival Comunicurtas 2009 - Campina Grande - ParaíbaPrêmio Machado Bittencourt de Melhor Trilha Sonora original: JOSUÉ E O PÉ DE MACAXEIRA de Diogo Viegas - RJ;Prêmio Machado Bittencourt de Melhor Animação: JOSUÉ E O PÉ DE MACAXEIRAPrêmio Brasil de Cinema Infantil 2009-Melhor animação JOSUÉ E O PÉ DE MACAXEIRAV Curta Canoa - Diogo Viegas recebeu o prêmio de Melhor Direção de Arte.Sapporo International Short Film Festival and Market - Japão -  Children's Choice Silver Award16º Festival Vitória Cine Vídeo - Melhor Filme Júri Popular JOSUÉ E O PÉ DE MACAXEIRA,,Curta-metragem
1118,"O velho, o mar e o lago",Camilo Cavalcante,Brasil,2000,20,República Pureza Filmes,Não informado,Prêmio Sol de Prata – Rio Cine festival 1995; Prêmio Especial pelo Apoio ao Curta-Metragem.,,Curta-metragem
1119,O avô do jacaré,Christian Saghaard e Flavia Thompson,Brasil,2009,14,Catu Filmes ,"Mostras de Cinema em Ouro Preto, Porto Alegre, Joinvile, Florianópolis, Festival Internacional de Curtas-Metragens de São Paulo (além de outros)",Não informado,,Curta-metragem
1120,Décimo segundo,Leonardo Lacca,Brasil,2007,21,Trincheira Filmes,"40º Festival de Brasília do Cinema Brasileiro11º Festival Luso-brasileiro de Santa Maria da Feira - Portugal2008 – Cinema da Fundação – Recife,PE.10ª Mostra de Cinema de Tiradentes – MG18º Cine Ceará – Festival Ibero-americano de Cinema12º CINE PE – Festival do Audiovisual2008 Nitcheroy Cine Clube38º Festival Internacional de Curtas de Hamburgo – Alemanha1º Festival de Cinema de Triunfo10º Festival Internacional de Curtas de Belo HorizonteHarare International Film FestivalFestival de Inverno de Garanhuns7º Santa Maria Vídeo e Cinema8ª Goiânia Mostra CurtasCurta Cinema 2008Festival de Londrina","Melhor Direção – 40º Festival de BrasíliaMenção Honrosa (Juri Cineclubes) – Santa Maria da FeiraMelhor ator – 18º Cine CearáMelhor Filme – 8ª Goiânia Mostra CurtasMelhor Direção, Roteiro, Ator e Atriz – 15º Vitória Cine Vídeo",2007-11-22,Curta-metragem
1121,Vida de Davi,FERNANDO ROCHA,Brasil,2008,13,não há,12ª Mostra de Cinema de Tiradentes,Não informado,,Curta-metragem
1122,Nunca fomos tão felizes,Murilo Salles,Brasil,1984,90,Imacom Comunicação e Morena Filmes,Não informado,"Festival de Brasília""Melhor Filme"" do Júri Oficial""Melhor Filme"" do Júri PopularMelhor Roteiro : Alcione Araújo com Jorge Duran & Murilo SallesMelhor Fotografia : José Tadeu RibeiroFestival de Gramado. 1984Melhor Filme do Júri da CríticaMelhor Roteiro : Alcione Araujo, Jorge Duran & Murilo SallesMelhor Fotografia : José Tadeu RibeiroFestival de Locarno – Locarno, Suíça. 1984""Leopardo de Bronze""Quinzena dos RealizadoresFestival de Cannes - França.Mostras InternacionaisNational Film TheatreBritish Film Institute, London.1985Brasil : Post-Novo",,Longa-metragem
1123,Guerra dos bárbaros,J&uacute;lia Manta,Brasil,2001,10,Mantra Produções,XI Cine Ceará; XII Festival Internacional de Curta-metragens de São Paulo; XI Mostra Curta Cinema; V Mostra de Cinema de Tiradentes; Festival Internacional del Nuevo Cine Latinoamericano - Cuba.,Prêmio Especial do Júri - XI Cine Ceará.,,Curta-metragem
1124,A linguagem da persuasão,Joaquim Pedro de Andrade,Brasil,1970,11,Transfilme / Senac,Não informado,Não informado,,Curta-metragem
1126,Guido e Gaspar,M&aacute;rcio Schoenardie,Brasil,2008,14,RBS Participações S/A,New York Festival - 2009,Não informado,,Curta-metragem
1130,"Priara Jõ - Depois do ovo, a guerra",Komoi Panar&aacute;,Brasil,2008,14,Vídeo nas Aldeias,Não informado,"Prêmios- Ficou entre os 10 filmes preferidos do público do festival internacional de curtas de São Paulo, Brasil, Agosto de 2008.- Prêmio da TV SESC para difusão no canal, no festival internacional de curtas de São Paulo, Brasil, Agosto de 2008.- Melhor documentário internacional, V Festival Internacional de Cortometrajes de Cusco  FENACO, Peru 2008.- Prêmio Porta-Curtas da Petrobrás, Festival Janela Internacional de Cinema de Recife, 2008.- Prêmio Manuel Diegues Júnior(Museu do Folclore), Categoria ""Concepção e realização"", Mostra Etnográfica do Rio de Janeiro, 2008.- Melhor curta da mostra competitiva do Festival Cine Gate´s, Brasília, 2008.- Melhor roteiro do Curta-Canoa, Canoa Quebrada, 2008.",,Curta-metragem
1131,Nguné Elu - O dia em que a lua menstruou,Mutu&aacute; Kuikuro e Takum&atilde; Kuikuro,Brasil,2004,27,Vídeo nas Aldeias,Não informado,"- Prêmio Chico Mendes de melhor documentário no Cine Amazônia 2004 – Mostra Internacional do Cinema e Vídeo Ambiental, Porto Velho, Rondônia.- Prêmio Oficinando na Mostra do Filme Livre, Centro Cultural Banco do Brasil, Rio de Janeiro- Prêmio da ABD de melhor documentário, 10ª Mostra Internacional do Filme Etnográfico, Rio de Janeiro (2005)- Melhor Vídeo no II Festival de jovens realizadores de audiovisual do Mercosul, 2005- Troféu Unesco na XXXII Jornada Internacional de Cinema da Bahia (2005)",,Curta-metragem
1132,Dois tons,Caetano Gottardi,Brasil,2005,15,Geral Filmes,Não informado,Não informado,,Curta-metragem
1133,Huni Meka - Os cantos do Cipó,Josias Man&aacute; Kaxinaw&aacute; e Tadeu Si&atilde; Kaxinawa,Brasil,2006,25,Vídeo nas Aldeias,Não informado,"Visões Periféricas, Rio de Janeiro, Brasil, Junho 2007""Huni Meka,os cantos do cipo"" ganhou o prêmio ""Retrato da Periferia"" e a menção honrosa da ABDeC (Associação Brasileira de Documentaristas e Curta-metragistas), Visões Periféricas, Rio de Janeiro, Brasil, Junho 2007.Prêmio TV Cultura de Adquisição de Curta-metragem, Seção “Formação do Olhar”, São Paulo, agosto 2007.",,Curta-metragem
1134,De volta à terra boa,Mari Corr&ecirc;a e Vincent Carelli,Brasil,2008,21,Vídeo nas Aldeias,Não informado,"Prêmio de Melhor curta pela TV Brasil e Prêmio de Melhor Curta pela ABDeC de Rio de Janeiro, na Mostra Etnográfica do Rio de Janeiro, 2008.",,Curta-metragem
1135,O amor do palhaço,Armando Pra&ccedil;a,Brasil,2005,15,Drama Produções Artísticas,"Mostra de Tiradentes 2006 Cine PE 2006 (Recife) Curta-SE (Aracaju)Mostra Vitória da Conquista Cine Ceará (Fortaleza) Guarnicê Cine Vídeo (São Luís) Mostra Curtas Pará – Festival Internacional de Curtas de São Paulo Curta Canoa (Ceará) – Exibição Hour Concours Goiânia Mostra Curtas Curta Petrobrás às Seis (Brasil)Brasil Plural (Alemanha)Mix Brasil – (São Paulo, Rio de Janeiro, Niterói, Brasília)Festival de VitóriaFestival Primeiro Plano de Juiz de Fora",Prêmio Aquisição Canal BrasilMelhor Ator para Luís Miranda no Cine PEMelhor Ficção no Curta-SEMelhor Direção de Arte no Cine CearáMelhor Ator para Luís Miranda no Cine CearáPrêmio Samburá da Fundação Demócrito Rocha - CE  Melhor Montagem no Guarnicê Cine Vídeo – MAMelhor Roteiro no Guarnicê Cine Vídeo – MAMenção Honrosa ao ator Luis Miranda no Guarnice Cine Video - MA Melhor Filme no Mix Brasil São PauloMelhor Primeiro Plano em Juiz de ForaMelhor Roteiro no Festival de Vitória Melhor Fotografia no Festival de VitóriaMelhor Direção no Goiânia Mostra Curtas,,Curta-metragem
1136,Depois de tudo,Rafael Saar,Brasil,2008,11,Rafael Saar,"Festival de Brasília do Cinema Brasileiro, Brasília, Brasil, 2008.Festival Mix Brasil de Cinema e Vídeo da Diversidade Sexual, São Paulo,Brasil, 2008.II For Rainbow - Festival de Cinema da Diversidade Sexual, Fortaleza, Brasil, 2008.London Lesbian and Gay Film Festival, Londres, Inglaterra, 2009.MIAU - Mostra Independente do Audiovisual Universitário, Goiânia, 2009.23º Festival Mix di Milano, Mil]ão, Itália, 2009.Festival Internacional de Cine Gay-lesbo-trans de Bilbao, Bilbao, Espanha, 2009.Gay and Lesbian Film Festival of Tel Aviv, Tel Aviv, Israel, 2009Festival Brasileiro de Cinema Universitário, Rio de Janeiro, 2009.Reel Afirmations: The Nation's LGBT Film Festival, Washington, EUA, 2009Festival Internacional de Curtas-metragens de São Paulo, 2009Perro Loco - Festival de cinema universitário latino-americano, Goiânia, 2009Janela Internacinal do Recife, Recife, 2009Festival do Rio, 200929th Munich International Festival of Film Schools, Munique, Alemanha, 2009Hamburg International Lesbian and Gay Film Festival, Alemanha, 2009.Lesbian and Gay Film Festival Hanover, Alemanha, 2009.LesGaiCineMad, 14th Madrid International LGBT Film Festival, Madrid, Espanha, 2009.3o Llamale H, Uruguai, 2009Cinema Mundo - III Festival Internacional de Cinema de Itu, 2009Curta Cinema - Festival Internacional de Curtas-metragens do Rio de Janeiro, 2009.5º Fest-Aruanda do Audiovisual Universitário Brasileiro, 2009.13º Festival de Cinema Luso-Brasileiro, Portugal, 20091º Curta Neblina - Festival Latino-americano de Paranapiacaba, 2009.Mostra do Filme Livre, 20102º Festival do Júri Popular, 2010.Melbourne Queer Film Festival, Australia, 2010.2nd Thessaloniki International LGBTI Short Film Festival, Grécia, 2010Queer Nazariya - International LGBTI Film Festival Mumbai, India, 2010.32º Jornadas de Cine y Video Independiente, UNCIPAR - Argentina, 2010.8th International Festival Signes de Nuit Paris, França, 2010.25th Torino GLBT Film Festival, Itália, 2010.","Festival de Brasília do Cinema Brasileiro - Melhor Ator - Nildo Parente, 2008Festival Mix Brasil de Cinema e Vídeo da Diversidade Sexual - Melhor Interpretação - Ney Matogrosso e Nildo Parente, 2008Melhor Filme - 32as. Jornadas de Cine y Video Independiente, UNCIPAR - Argentina, 2010II For Rainbow - Festival de Cinema da Diversidade Sexual - Melhor Desenho Sonoro / Melhor Roteiro, 2008Destaque em Construção Narrativa – Festival Brasileiro de Cinema universitário, Rio de Janeiro, 2009.Fest Aruanda do Audiovisual Universitário Brasileiro – Melhor direção – Paraíba, 2009.",,Curta-metragem
1137,Histórias curtas - As férias de Lord Lucas,Tatiana Nequete,Brasil,2008,14,RBS TV,PRIX JEUNESSEIBEROAMERICANOBRASIL 2009,1º LugarCategoria 7 -11Ficção,,Curta-metragem
1138,O homem do Sputnik,Carlos Manga,Brasil,1959,98,Atlântida,Não informado,Não informado,,Longa-metragem
1139,Projeto 68,Julia Mariano,Brasil,2008,13,FORCINE,35 Jornada Internacional de Cinema da BahiaRecine 2008Mostra do Filme Etnográfico 2008Araribóia Cine 2008Femina 2009Camera Mundo 2009 (Holanda)Festival do Cinema Universitário 2009,Melhor Curta - metragem e Premio Especial do Juri - 35 Jornada Internacional de Cinema da Bahia,,Curta-metragem
1140,Mocó Jack,Luiz Botosso e Thiago Veiga,Brasil,2007,11,Fóton Filmes,- 3º FestCine – 2007 – Goiânia- 8º Festival Iberoamericano de Curtas Metragens de Sergipe - Aracaju/2008;- 4º Festival de Experiência do Cinema – Santos – SP/2008;- VI ABD Cine Goiás – Cidade de Goiás – GO/2008;- 5º Festival de Cinema de Maringá – Paraná/2008;- 3ª Mostra de Cinema de Ouro Preto – MG/2008;- II Festival de Curtas Cabo Frio – 2008;- 19º Festival Internacional de Curtas-Metragens de São Paulo/2008;- 16º Gramado Cine Vídeo - Gramado/2008;- CineEco 2008 – 14º Festival Internacional de Cinema e Vídeo de ambiente da Serra da Estrela/Portugal;- 3ª Mostra Curta Audiovisual – Campinas – SP/2008;- 3º Festival de Cinema e Vídeo de Muriaé – Minas Gerais/2008;- 12ª Mostra de Tiradentes – Minas Gerais/2009; - Festival de Curta Metragem de Clermont-Ferrand/França/2009;- 8ª Mostra do Filme Livre – Rio de Janeiro/2009;- II Mostra FestCine Goiânia de Cinema Brasileiro/2009; - 2º Camera Mundo – Festival de Filmes independentes – Holanda/2009;- 8ª Mostra de Cinema Infantil de Florianópolis – SC/2009;- 13º Florianópolis Audio-visual Mercosul – Florianópolis – SC/2009;- 5ª Mostra Audiovisual de Cambuquira – MG/2009;- 5ª edição do Curta no Almoço – RJ/2009 (convite);- 4º Festival Latino Americano de Cinema da La Plata – Argentina/2009 (convite);-  Festival Nacional de Cinema e Vídeo Ambiental – Pacoti/CE – 2009,- Troféu Fifi Cunha – VI Mostra ABD Cine Goiás/2008 como melhor curta metragem;- Troféu Pedra Goiana – VI Mostra ABD Cine Goiás/2008 como melhor trilha sonora;- Troféu Pedra Goiana – VI Mostra ABD Cine Goiás/2008 como melhor animação.,,Curta-metragem
1141,A princesa e o violinista,Guto Bozzetti,Brasil,2008,10,RBS TV Participações,Prêmios e Festivais da Princesa e o Violinista :Prêmio Histórias Curtas RBS-TV 2008     - Melhor Direção de Arte      - Melhor Desenho de Som     - Melhor Atriz  17°Animamundi/2009     - Seleção Oficial 8° Mostra do Cinema Infantil de Florianópolis     - Seleção Oficial 2° Curta Taquary/2009     - Melhor Designer Artístico 6° Festival de Cinema de Maringá     - Seleção Oficial 10° Festivalzinho de Cinema de Vitória- Convite / Seleção Oficial 4° Festival Locomotiva     - Melhor Roteiro 5° Mostra Audiovisual de Cambuquira/MOSCA 5     - Seleção Oficial 1° Festival de Cinema de Ribeirão Pires     - Seleção Oficial 3° Festival de Cinema na Floresta- Seleção Oficial 33° Festival Internacional de Cinema de Animação/Cinanima 09- Seleção Oficial 3° Festival Cinema Com Farinha- Seleção Oficial 4º Festival do Paraná de Cinema Brasileiro Latino- Convite / Seleção Oficial4° DIA/Dia Internacional da Animação- Seleção Oficial 7° FICI/Festival Internacional do Cinema Infantil- Seleção Oficial 2° Anima Noronha- Convite / Seleção Oficial 7º Festival de Cinema de Campo Grande/FestCine Pantanal- Seleção Oficial,Não informado,,Curta-metragem
1142,Histórias curtas - gol a gol,Bruno Carvalho,Brasil,2008,11,RBS TV ,Não informado,Não informado,,Curta-metragem
1143,Muro,Ti&atilde;o,Brasil,2008,17,Trincheira,"-Quinzena dos Realizadores, Cannes 2008-Festival Internacional de Curtas de Vila do Conde 2008-Curta Cinema 2008 -Festival Luso-brasileiro de Santa Maria da Feira 2008-International Short Film Festival - Clermont Ferrand 2009-Tampere International Short Film Festival 2009 -International Short Film Festival Oberhausen 2009-Festival Internacional de Curtas-Metragens de São Paulo 2009-Festival Internacional de Curtas de Belo Horizonte 2009-Message to Man International Film Festival, São Petersburgo 2009","-Prêmio Um Novo Olhar, Quinzena dos Realizadores, Cannes 2008-Grande Prêmio Cidade de Vila do Conde - Melhor Curta, Vila do Conde 2008-Prêmio de Curta Metragem 35mm Juri Popular e Juri Oficial, Santa Maria da Feira 2008-Menção Especial do Juri, Clermont Ferrand 2009",2008-05-23,Curta-metragem
1144,Leviatã,Camilo Cavalcante,Brasil,1999,21,Aurora Cinema,Não informado,"Melhor Fotografia, Melhor Ator - IX Cine CearáMelhor Vídeo Nacional, Prêmio OCIC (Organização Católica Internacional de Cinema), Melhor Ator, Melhor Ficção – 23º  Festival Guarnicê de Cine-Vídeo Melhor Ficção e Melhor Vídeo – 26º Jornada Internacional de Cinema da BahiaMelhor Vídeo - Festival do Rio 99Melhor Vídeo (Juri Oficial) e Melhor Vídeo (Juri Popular) – 7º Festival de Cinema e Vídeo de Cuiabá 3º lugar - Festival de Vídeo de Recife3º lugar – 6º Festival de Vídeo de TeresinaMenção Honrosa no Festival de Vídeo do MIS – São PauloMelhor Vídeo - FESTVÍDEO, Belém, 2001",,Curta-metragem
1145,"Um clássico, dois em casa, nenhum jogo fora",Djalma Limongi Batista,Brasil,1968,29,Cinema do Século XXI Produções Artísticas,"4° Festival do Jornal do Brasil (1968), Rio de Janeiro",Melhor FilmeMelhor DireçãoMelhor Ator (Eduardo Nogueira)Melhor MontagemMelhor Argumento e Roteiro ,,Curta-metragem
1146,Timing,Amir Admoni,Brasil,2009,8,Estúdio Admoni,13 Cultura Inglesa Festival (Brasil)II Festival Paulinia de Cinema (Brasil)19 Festival Internacional de Curtas Metragens de Sao Paulo (Brasil)16 Vitoria Cine Video (Brasil)11 Mostra Londrina de Cinema (Brasil)24 Festival Internacional de Cine de Mar del Plata (Argentina)CinéRail Festival - International Festival Train & Metro on Film (Franca)9 Goiania Mostra Curtas (Brasil)6 Amazonas Film Festival (Brasil),Melhor Filme - Festival de PaulíniaMelhor montagem - Festival de Paulínia,,Curta-metragem
1147,Minha viola e eu - Zé Coco do Riachão,Waldir de Pina,Brasil,2002,15,Studio 13,Não informado,Não informado,,Curta-metragem
1148,Deus é pai,Allan Sieber,Brasil,1999,3,Toscographics Desenhos Animados,Não informado,"27º Festival de Cinema de Gramado  -  Prêmio da Crítica de Melhor Curta 35mm, Prêmio Especial do Juri, Prêmio Aquisição do Canal Brasil 3º Festival de Cinema Luso-brasileiro de Santa Maria da Feira ( Portugal)  -  Prêmio Revelação 22º Festival de Cinema de Havana  -  3º Coral de Animação 4º Festival de Cinema do Recife  - Melhor Roteiro de Curta de Animação8º Anima Mundi  -  Prêmio de Melhor Filme Brasileiro e 3º Melhor Fime na mostra internacional Brasil Plural III, (Munique/Alemanha)  -  Melhor FilmeHQ Mix 2001  - Melhor Curta de Animação NacionalIntegrante da Mostra 30 CLÁSSICOS DO CURTA DA DÉCADA DE 90",,Curta-metragem
1149,Dez elefantes,Eva Randolph,Brasil,2008,15,Eva Randolph e Associação Cidadela,Festival Internacional de Locarno 2008Festival Internacional de Curtas de São paulo 2008Cine PE 2009Curta Cinema 2008Festival de Cine Iberoamericano de Huelva 2008Festival Internacional de Cine en Guadalajara 2009Festival Luso-Brasileiro de Santa Maria da Feira 2008Goiânia Mostra Curtas 2008Mostra de Cinema de Tiradentes 2009Vitória Cine Vídeo 2008Best of Short Films Festivals 2008CameraImage 2008Cine Grandes Curtas 2009Cineport 2009FAM - Florianópolis 2009Femina - Festival Internacional de Cinema Feminino 2009Festival de Cinema de Triunfo 2009Festival Internacional del Uruguay 2008Festival TWO RIVERSIDES 2008FICA 2008Iguacine - Festival de Cinema de Nova Iguaçu 2009Janela Internacional do Cinema 2008Krakow Film Festival 2008Mostra CINE BH 2008Birds Eye View film festival 2009Festival Filme B 2008Mostra de Londrina 2008Vitoria Cine e Video 2008,Melhor curta internacional - Leopardo de ouro - Festival Internacional de Locarno 2008Prêmio Portacurtas - Festival Internacional de Curtas de São Paulo,,Curta-metragem
1150,Felizes para sempre,Ricky Mastro,Brasil,2009,7,Festival Filmes,Episódio do longa-metragem  Fucking Different São Paulo por Kristian PetersenTel Aviv LGBT Film Festival – Israel - Junho 10Boston LGBT Film Festival – EUA - Maio 1060º Festival Internacional de Berlim - Alemanha – FEV 1017º Festival Mixbrasil – Nov 09como episódio:3º Mostra Miau – Goiânia – Brasil – Maio 10,Não informado,,Curta-metragem
1151,É Simonal,Domingos Oliveira,Brasil,1970,87,César Thedim Produções Cinematográficas,Não informado,Não informado,,Longa-metragem
1152,Estranho encontro,Walter Hugo Khouri,Brasil,1958,86,Cinematográfica Brasil Filmes e Companhia Cinematográfica  Vera Cruz,Não informado,Não informado,,Longa-metragem
1153,Espalhadas pelo ar,Vera Egito,Brasil,2007,15,ECA - USP,Não informado," Prêmio ""Mirada de Mujer"" no Festival de Cine de Quito 2008Prêmio Brazucah no Festival Internacional de Curtas de São Paulo 2008Melhor Filme no Festival Internacional de Curtas Metragens Filmini, Sofia, Bulgária 2008Melhor Atriz no Festival Paulínia de Cinema 2008Melhor Fotografia no Prêmio ABC - Associação Brasileira de Cinematografia 2008Melhor Curta de Ficção no CineSul 2008Melhor Atriz no Festival de Cinema e Vídeo de Santa Cruz das Palmeiras 2008Melhor direção no Festival de Cinema e Vídeo de Santa Cruz das Palmeiras 2008Melhor Filme no Festival de Cinema e Vídeo de Santa Cruz das Palmeiras 2008",,Curta-metragem
1154,Também somos irmãos,Jos&eacute; Carlos Burle,Brasil,1949,88,Atlântida,Não informado,Não informado,,Longa-metragem
1164,Sapo Xulé,Paulo Jos&eacute; (animador),Brasil,2008,7,Cinema Animadores,Não informado,"O projeto ganhou o prêmio de melhor pitching em 2006 no I MITV (1º. Fórum internacional de entretenimento, organizado pela Converge Eidtora / Tela Viva)  e a série, veiculada em HD pela Rede TV!  e internet ganhou o 3º. lugar no Prix Jeneusse Iberoamericano em outubro de 2009; Sapo Xulé foi licenciado pela Estrela para a produção de bonecos de vinil, pela Editora Callis para a produção de DVDs/Book e está negociando com a fabricante LollyPop o licenciamento de meias infantis; Sapo Xulé foi um dos representantes do país no evento Talento Brasil, organizado pela Apex em Madrid em novembro de 2008.",,Curta-metragem
1155,A guerra de Arturo,Júlio Taubkin e Pedro Arantes,Brasil,2009,17,ECA - USP,Não informado,Não informado,,Curta-metragem
1172,Dos restos e das solidões,Petrus Cariry,Brasil,2006,13,Iluminura Filmes,"6 Curta-SE – Festival de Curtas de Sergipe, ,4 Festival de Cinema de Ribeirão Preto,  9 Festival de Cinema e Vídeo de Cuiabá,  Festival do Audiovisual Cine-PE 2006, FestCine Natal 2006, 29 Guarnicê de Cinema e Vídeo do Maranhão, Mostra Cinema Conquista 2006, Festival Ibero Americano Cine-Ceará 2006, 3 Festival Mova Caparaó, Festival de Cinema de Santa Maria 2006, Festival Internacional de Curtas de Belo Horizonte 2006, 3 Festival de Cinema de Maringá, Mosca 2 – Mostra do Audiovisual de Cambuquira, 9 Brasil Plural Polemika, 34 Festival de Cinema de Gramado, 33 Jornada Internacional da Bahia, II Fórum Sócio-Artístico Cultural Latino Americano, 17º Festival Internacional de Curtas-Metragens de São Paulo, III Mostra Curta-Pará, II Festival Latino-Americano de Cinema de Canoa-Quebrada, I Festival de Cinema e Vídeo de Pacoti, 6 Goiánia Mostra Curtas, Independent New York Film Festival(EUA) 2006, V Ecocine – Festival de Cinema Ambiental, Cine-Amazônia 2006 – Festival de Cinema Ambiental, Vitória Cine Vídeo 2006, Festival Internacional de Cinema de Havana (CUBA)2006, 2 Festival de Atibaia Internacional de Cinema 2006, Mostra de Cinema de Tiradentes 2007, 4 Festival de Cinema de Campo de Grande, Mostra do Filme Livre 2007.",Melhor Fotografia - Festival do Audiovisual CINE-PE 2006Melhor Documentário - Festival Guarnicê do Maranhão 2006Melhor Fotografia - Cine Ceará 2006Prêmio Canal Brasil - Cine Ceará 2006Prêmio BNB de Melhor Curta - Cine Ceará 2006Melhor Filme Cearense - Cine Ceará 2006Destaque Documentário - Mostra de Cinema Vitória da Conquista 2006Melhor Documentário - Festival de Cinema de Santa Maria 2006Melhor Diretor - Festival de Cinema de Santa Maria 2006Melhor Fotografia - Curta Canoa 2006Melhor Curta Quanta - Jornada Internacional de Cinema da Bahia 2006Melhor Fotografia - Jornada Internacional de Cinema da Bahia 2006Melhor Fotografia - Festival de Cinema e Vídeo de Pacoti 2006Melhor Documentário - Festival de Cinema de Vitória 2006Melhor Documentário - Cine Amazônia 2006Melhor Direção - Cine Amazônia 2006Prêmio Especial do Júri - Festival Internacional del Nuevo Cine Latinoamericano de La Habana 2006,,Curta-metragem
1173,A velha e o mar,Petrus Cariry,Brasil,2005,13,Iluminura Filmes,"5 Curta-SE – Festival de Curtas de Sergipe, 15 Festival de Cinema Cine Ceara ,3 Festival de Cinema de Ribeirão Preto, Festival de Cinema Ambiental EcoCine 2005,  8 Festival de Cinema e Vídeo de Cuiabá,  Festival do Audiovisual Cine-PE 2005, FestCine Natal 2005, 28 Guarnicê de Cinema e Vídeo do Maranhão, FAM 2005 – Festival do Audiovisual Mercosul, 4 Santa Maria Cinema e Vídeo, 2 Festival de Vídeo Ambiental do Caparaó 7 Festival Internacional de Curtas Belo Horizonte, 2 Festival de cinema de Belém, III Festival Guaçuano de Vídeo 2005, Panorama Coisa de Cinema 2005, 16º Festival Internacional de Curtas-Metragens de São Paulo, Festival Tudo sobre Mulher 2005, II Curta-Vídeo Votorantin, Mostra de Curtas Nacionais da Unioeste 2005, 4 Festival de Cinema de Varginha , 10 Mostra Internacional do Filme Etnográfico, 13 festival de Vídeo de Teresina, 4 Festival de Cinema de Varginha, I Festival de Cinema de Macapá ,5 Mostra Curta Goiânia ,Festival  Primeiro Plano 2005, Cine Amazônia 2005, 12 Festival de Cinema e Vídeo de Vitória , XXVII Festival Internacional de Havana, II Cine-Curupira, Mostra do Filme Livre 2006, CineChico Internacional Short Films 2006. ",Prêmio Josué de Castro (Melhor Documentário) - CINE PE 2005Melhor Filme - Festival Ecocine 2005Menção Honrosa - CineVídeo Votorantim 2005Destaque Documentário - Festival Coisa de Cinema 2005Melhor Documentário ABD - Cine Amazônia 2005Melhor Documentário - Festival de vídeo de Teresina 2005Melhor Documentário - Guarnicê ddo Maranhão 2005 ,,Curta-metragem
1157,Mestre Vitalino e nós no barro,150 alunos da rede municipal de ensino de fundamental de Vit&oacute;ria - ES ,Brasil,2008,10,Instituto Marlin Azul/Projeto Animação,Não informado,Não informado,,Curta-metragem
1158,Mr. Abrakadabra!,Jos&eacute; Araripe ,Brasil,1997,13,Truq cine tv e video,Não informado,Não informado,,Curta-metragem
1159,Os sapatos de Aristeu,Ren&eacute; Guerra,Brasil,2008,16,FAAP,"Seleção oficial e Competição / Oficial selection and Competition23rd Cinema Jove International Film FestivalValencia – SpainJune, 2008 MOSCA 4Cambuquira/Minas Gerais - BrazilJuly, 200813º Festival Brasileiro de Cinema UniversitárioRio de Janeiro/RJ - BrazilAugust, 2008KINOFORUM 19º Festival Internacional de Curtas-Metragens de São PauloAugust, 2008São Paulo/SP - BrazilIX Semana do Audiovisual da ECAOctober, 2008São Paulo/SP - Brazil1º Festival Internacional de Cinema de ParatyOctober, 2008Paraty/RJ - BrazilV Mostra Curta Pará Cine BrasilOctober, 2008Belém/(PA) - Brazil19th Hamburg International Lesbian and Gay Film FestivalOctober, 2008Hamburg - GermanFestival Primeiro PlanoOctober, 2008Juiz de Fora/MG - BrazilMostra CineBHOctober/November, 2008Belo Horizonte/MG - BrazilCurta Cinema 2008 - Festival Internacional de Curtas do Rio de JaneiroOctober/November, 2008Rio de Janeiro/RJ - Brazil4ª Mostra de CurtasNovember, 2008Ourinhos/SP - Brazil1ª Semana da Diversidade e Direitos Humanos de CatanduvaNovember, 2008Catanduva/SP – BrazilJANELA INTERNACIONAL DE CINEMA DO RECIFENovember, 2008Recife/PE - Brazil15th REGENSBURG SHORT FILM WEEKNovember, 2008Regensburg - German12º Festival de Cinema Luso-brasileiro de Santa Maria da FeiraNovember/December, 2008Santa Maria da Feira – Portugal12ª Mostra de Cinema de Tiradentes January, 2009Tiradentes/MG – BrazilFestival International du Court Métrage Clermont FerrandJanuary/ February, 2009Clermont Ferrand – FranceTampere Film FestivalMarch, 2009Tampere – FinlandLarissa Mediterranean Festival of New Filmmakers March/ April, 2009Larissa – Greece","FestivaisFestivalsPrêmios / Awards13º Festival Brasileiro de Cinema UniversitárioRio de Janeiro/RJ - BrazilAugust, 2008Prêmio ABD&C / ABD&C AwardMenção Honrosa para Berta Zemel / Honor Mention to Berta Zemel19º Festival Internacional de Curtas-Metragens de São PauloAugust, 2008São Paulo/SP - BrazilPrêmio Revelação / New Talent AwardV Mostra Curta Pará Cine BrasilOctober, 2008Belém/(PA) - BrazilMenção Honrosa para Cinematografia / Honor Mention to CinematographyFestival Primeiro PlanoOctober, 2008Juiz de Fora/MG – BrazilMelhor Filme / Best FilmMelhor Diretor / Best DirectorMelhor Atriz para Berta Zemel / Best Actress to Berta Zemel Festival Internacional de Curtas do Rio de Janeiro - Curta Cinema 2008 (Academy of Motion Pictures Arts and Sciences Accreditation)October/November, 2008Rio de Janeiro/RJ - BrazilGrande Prêmio / Grand Prix (Academy eligible)Melhor Curta-metragem de ficção / Best Short FictionJanela Internacional de Cinema do RecifeNovember, 2008Recife/PE - BrazilMelhor Filme / Best Film15th Regensburg Short FilmNovember, 2008Regensburg – GermanMelhor Filme / Best Film12º Festival de Cinema Luso-brasileiro de Santa Maria da FeiraNovember/December, 2008Santa Maria da Feira – PortugalMenção Honrosa Crítica / Honor Mention by the Critics10º Mostra Londrina de CinemaDecember, 2008Londrina/PR – BrazilMelhor Diretor pela Crítica / Best Director by the CriticsFestival de Atibaia Internacional do Audiovisual January, 2009Atibaia/SP – BrazilMelhor Roteiro / Best ScriptMelhor Atriz para Berta Zemel / Best Actress to Berta Zemel1º Festival do Jurí PopularFebruary, 2009BrazilMelhor Atriz para Berta Zemel / Best Actress to Berta Zemel13ª Festival Audio Visual do Recife / CINE-PEMay, 2009Recife/PE – Brazil       Melhor Diretor  / Best Director Melhor fotografia / Best Cinematography       Melhor Atriz (coletivo para todas as atrizes)/ Best Actress  16º Vitória Cine VídeoNovember/December, 2008Vitória/ES – Brazil       Melhor Diretor  / Best Director Melhor fotografia / Best Cinematography3º Festival CinemúsicaNovember, 2009Conservatória/ RJMelhor Mixagem /  Best Sound MixingMelhor Música / Best original songMelhor Som / Best Sound 16º Festival Mix BrasilNovember, 2008São Paulo, BrasilMelhor Fotografia / Best cinematography23º Festival Mix MilanoJune, 2009Milan, ItalyMelhor Filme / Best Film6º CurtocircuitoNovember, 2009Santiago de Compostela/ SpainMelhor Ficção Internacional / Best International Ficcion19º Cine Ceará- Festival Ibero – Americano de CinemaJuly, 2009Prêmio de Aquisição Canal Brasil ",,Curta-metragem
1160,Um ramo,Juliana Rojas e Marco Dutra,Brasil,2007,15,Dezenove Som e Imagens,Não informado,Prêmio Descoberta Kodak para Melhor Curta-metragemSemana Internacional da Crítica - Festival de Cannes 2007Melhor Curta-metragem na MostraLíngua 2007,,Curta-metragem
1161,A galinha Dorotéia e a semente dourada,Andressa Lyrio do Couto,Brasil,2008,3,.......,Baixada AnimadaMostra de Cinema Infantil de Florianópolis Tela Digital,Segundo Lugar - Categoria Flash - Anima Serra 2008Segundo Lugar - Categoria Alunos do Ensino Fundamental/Médio - An!mArte 2008,,Curta-metragem
1162,Adeus,C&eacute;u D'Ellia,Brasil,1988,8,Seecond Sun e Cigarra Ltda.,"Fest Rio ,1988Festival de Cinema de New York , 1988  ( Estado Unidos )Mostra Internacional de Cinema de São Paulo, 1988Celebração Internacional de Animação de Los Angeles ,1989  ( Estados Unidos )Festival Internacional de Animação de Annecy ,1989 ( França )Festival Internacional de Animação de Utrecht ,1989 ( Holanda )Festival de Brasília do Cinema Brasileiro,1990Convidado Mostra “O Sonho”, seleção do cineasta Guilherme de Almeida Prado, MIS, São Paulo, 19901o Festival Internacional de Curtas Metragens de São Paulo, MIS, 1990Festival de Cinema de Tampere ,1992  ( Finlândia )Prêmio do 17° Juri de Seleção de Filmes Brasileiros de Curta metragem/IBAC 1992Convidado 1o Anima Mundi, RJ, Brasil, 1993Convidado 10o Festival Internacional de Curtas Metragens de São Paulo, Foco A Década do Curta, 1999Convidado Cinanima, Festival Internacional de Cinema de Animação de Espinho, 2000    ( Portugal )Convidado 14o Festival Internacional de Curtas Metragens de São Paulo, 2003Convidado 35 anos de Prêmio Estímulo, Mostra Prêmio Estímulo 2003Convidado Festival de Animação de Seul, 2003  ( Coréia )Convidado Festival Internacional de Clermont Ferrand, Panorama Brasil, 2004 ( França )Convidado V Mostra de Cinema Semana Attilio Fontana, Concórdia, SC, Brasil, 2006Convidado Festival AniMadrid, Espanha, 2006",Prêmio Estímulo SP 1985Melhor música original  18° Festival do Cinema Brasileiro de Gramado 1990Coral branco para melhor curta metragem 13º Festival Internacional de Cinema de Havana 1991 ( Cuba ),,Curta-metragem
1163,"Maridos, amantes e pisantes",Angelo Defanti,Brasil,2008,12,Sobretudo Produção,"Seleção do Exground Filmfest 2009 (Alemanha), do Zero Film Fest (Nova York e Los Ageles), do Caramundo 2009 (Amsterdam - Holanda), do LAFF 2009 (Utrecht - Holanda), do 2º Festival de Triunfo/PE 2009, do Festival de Cinema de Maringá 2009, do FBCU 2008 - 13º Festival Brasileiro de Cinema Universitário, do Primeiro Plano 2008 – Festival de Juíz de Fora, do 2º MIAU/GO 2009, do Festival de Paraty 2008, da Mostra do Filme Livre 2009, do 1º Cine Ipoema 2010, do Festival de Teresina 2008, do Festival de Vídeo de São Carlos 2008, da Mostra de Ourinhos 2008, da Mostra Cinema Popular Brasileiro 2009, da Mostra Taguatinga 2009 e da Mostra Cine Vídeo Joinville 2009, do Festival de Cinema de Ribeirão Pires 2010.","Melhor Direção Festival de Brasília 2008, Seleção do Festival de Havana 2009, Melhor Ficção e Melhor Atriz no Nóia/CE 2008, Melhor Ficção e Melhor Direção no 4º FestAruanda/PB 2008, Hors Concours no Festival do Rio 2008, Seleção Oficial da 32ª Mostra Internacional de Cinema de São Paulo, Melhor Ficção no 4º Festival Rec/ES,  Melhor Filme – Júri Popular no Festival de Santa Cruz das Palmeiras 2009 e 2º Lugar no II Curta Copa 2009. ",,Curta-metragem
1165,Ismar,Gustavo Beck,Brasil,2007,12,Yes Filmes,Festival Internacional de Cinema de Arquivo – RECINEFestival Internacional de Curtas do Rio de Janeiro – CURTA CINEMAMostra de Cinema de LondrinaVitória Cine & VídeoMostra de Cinema de TiradentesMostra do Filme LivreFestival do Audiovisual do Recife – CINE PEMostra de Vídeo Independente do Rio Grande do SulFestival Ibero Americano de Cinema – CINE CEARÁMostra de Cinema de Ouro PretoFestival da Experiência do Cinema – CINEME-SEMostra Curtas CaririSemana Universitária AudiovisualCurta CulturaFestival Audiovisual do Mercosul – FAMCurta à TardeMostra Audiovisual de Cambuquira – MOSCAFestival Latino Americano de Cortos – EN TRANSE (Argentina)Festival Internacional Imago (Portugal)Festival Internacional El Ojo Cojo (Espanha)Festival Internacional de Curtas de Belo HorizonteGoiânia Mostra CurtasFestival do Paraná de Cinema Brasileiro e LatinoSanta Maria Cinema & VídeoCurta Vídeo VotorantimMostra Livre de Artes – MOLAMostra Curta Audiovisual de CampinasAmazonas Film FestivalJanela Internacional de Cinema de RecifeFestival de Vídeo e Cinema de GuaibáFestCine AmazôniaMostra de Cinema de ItabiraFestival de Cinema Luso Brasileiro de Santa Maria da Feira (Portugal)Mostra Internacional de Cinema em Língua Portuguesa (Portugal)Festival de Curtas Três RiosFestival Nacional de Curtas-metragens do Vale do São FranciscoPanorama Internacional de Cinema da BahiaGrande Prêmio Vivo da Academia Brasileira de CinemaFestival Internacional de Cine de Cali (Colombia),"- Melhor Filme Júri Popular (Festival Internacional de Cinema de Arquivo – RECINE)- Menção Honrosa de Melhor Curta Brasileiro pela Ascine-RJ (Festival Internacional de Curtas do Rio de Janeiro – CURTA CINEMA)- Menção Honrosa de Melhor Documentário (Mostra de Cinema de Londrina)- Melhor Curta Digital pela ABD (Festival do Audiovisual do Recife – CINE PE)- Melhor Diretor, Melhor Documentário, Melhor Personagem (Mostra de Vídeo Independente do Rio Grande do Sul)- Melhor Filme da Competitiva Brasileira, pela ABD (Janela Internacional de Cinema de Recife)- Melhor Imagem da Competitiva Brasileira (Janela Internacional de Cinema de Recife)",2007-09-11,Curta-metragem
1166,A menina espantalho,C&aacute;ssio Pereira dos Santos,Brasil,2008,12,Nova Ponte Filmes,Não informado,Prêmio Brasil de Cinema InfantilMelhor Curta Juri Popular Tokyo Short ShortsMelhor curta ficção - Divercine MontevideoMelhor roteiro no Festival de Brasíliacertificado de excelência Festival Infantil de Chicago,,Curta-metragem
1167,A espera,Ernesto Solis,Brasil,2003,8,Bananeira Filmes,Não informado,Prêmio Riofilme / Canal Brasil para a realização de curta-metragens em 2002Prêmio Espaço Unibanco no Festival de Curta-metragens de São Paulo em 2004Escolhido entre os 10 preferidos do público no Festival de Curta-metragens de São Paulo em 2004Participação nas mostras competitivas nos festivais FIPA RÉGIE (Biarritz / França) e no Festival Internacional de Cinema de Roterdã.,,Curta-metragem
1168,"Rap, o canto da Ceilândia",Adirley Queir&oacute;s,Brasil,2005,15,UNB/Ceicine,1.MELHOR FILME PELO JÚRI OFICIAL- FESTIVAL DE CINEMADE BRASÍLIA DO CINEMA BRASILEIRO(NOVEMBRO DE 2005)2.MELHOR FILME PELO JÚRI POPULAR: FESTIVAL DE CINEMADE BRASÍLIA DO CINEMA BRASILEIRO(NOVEMBRO DE 2005)3.PRÊMIO AQUISIÇÃO DO CANAL BRASIL: FESTIVALINTERNACIONAL DE DOCUMENTÁRIOS É TUDO VERDADE(2006)4.•GRANDE PRÊMIO CURTASE 20006- PELO MELHOR FILME DACOMPETIÇÃO- FESTIVAL IBEROAMERICANO DE CINEMA DESERGIPE- CURTASE 20065.MELHOR DOCUMENTÁRIO DA COMPETIÇÃO OFICIAL EM 35 MM:FESTIVAL DE AUDIVISUAL DO MERCOSUL- FAM 2006-FLORIANOPÓLIS.6.PRÊMO RETRATO DA REALIDADE NACIONAL: FESTIVALUNIVERSITÁRIO DO RIO DE JANEIRO 20067.•MENÇÃO HONROSA PELA ABDC DO RJ:FESTIVALUNIVERSITÁRIO DO RIO DE JANEIRO 20068.MELHOR FILME DO JÚRI OFICIAL PARA FILMES EM 35 MM:FESTIVAL DE GOIÂNIA 20069.MELHOR DIREÇÃO: FESTIVAL DE GOIÂNIA 200610.3º LUGAR PARA O 3º FESTIVAL DE CURTAS DO PARÁ-2006-MELHORES FILMES DO ANO EM CURTA METRAGEM.11.PRÊMIO JANGADA NO FESTIVAL DE CINEMA DEVITÓRIA-ESPÍRITO SANTO- 2006-ES12.INDICAÇÃO PARA FINALÍSSIMA DO HÚTUZ 200613.INDICAÇÃO PARA CONCORRER COMO MELHOR FILME DO ANO NA CATEGORIA DE DOCUMENTÁRIO NA ACADEMIA BRASILEIRA DE CINEMA-prêmio melhores de 2006(www.academiabrasileiradecinema.com)14.PARTICIPAÇÃO NO DVD 40 ANOS DO FESTIVAL DE CINEMA DE BRASÍLIA EM 10 CURTA-METRAGENS.,1.MELHOR FILME PELO JÚRI OFICIAL- FESTIVAL DE CINEMADE BRASÍLIA DO CINEMA BRASILEIRO(NOVEMBRO DE 2005)2.MELHOR FILME PELO JÚRI POPULAR: FESTIVAL DE CINEMADE BRASÍLIA DO CINEMA BRASILEIRO(NOVEMBRO DE 2005)3.PRÊMIO AQUISIÇÃO DO CANAL BRASIL: FESTIVALINTERNACIONAL DE DOCUMENTÁRIOS É TUDO VERDADE(2006)4.•GRANDE PRÊMIO CURTASE 20006- PELO MELHOR FILME DACOMPETIÇÃO- FESTIVAL IBEROAMERICANO DE CINEMA DESERGIPE- CURTASE 20065.MELHOR DOCUMENTÁRIO DA COMPETIÇÃO OFICIAL EM 35 MM:FESTIVAL DE AUDIVISUAL DO MERCOSUL- FAM 2006-FLORIANOPÓLIS.6.PRÊMO RETRATO DA REALIDADE NACIONAL: FESTIVALUNIVERSITÁRIO DO RIO DE JANEIRO 20067.•MENÇÃO HONROSA PELA ABDC DO RJ:FESTIVALUNIVERSITÁRIO DO RIO DE JANEIRO 20068.MELHOR FILME DO JÚRI OFICIAL PARA FILMES EM 35 MM:FESTIVAL DE GOIÂNIA 20069.MELHOR DIREÇÃO: FESTIVAL DE GOIÂNIA 200610.3º LUGAR PARA O 3º FESTIVAL DE CURTAS DO PARÁ-2006-MELHORES FILMES DO ANO EM CURTA METRAGEM.11.PRÊMIO JANGADA NO FESTIVAL DE CINEMA DEVITÓRIA-ESPÍRITO SANTO- 2006-ES12.INDICAÇÃO PARA FINALÍSSIMA DO HÚTUZ 200613.INDICAÇÃO PARA CONCORRER COMO MELHOR FILME DO ANO NA CATEGORIA DE DOCUMENTÁRIO NA ACADEMIA BRASILEIRA DE CINEMA-prêmio melhores de 2006(www.academiabrasileiradecinema.com)14.PARTICIPAÇÃO NO DVD 40 ANOS DO FESTIVAL DE CINEMA DE BRASÍLIA EM 10 CURTA-METRAGENS.,2005-10-16,Curta-metragem
1169,Aquarela,Andr&eacute; Koogan Breitman e Andr&eacute;s Lieban,Brasil,2003,5,LD Laboratório de Desenhos 2DLAB & Editora Delta,Não informado,Chicago Children’s Film Festival – 2003 – EUA - - Liv Ullman Peace Prize 2003 - segundo lugar / animação infantil Anima Mundi (Júri Popular/RJ),,Curta-metragem
1174,O Grão,Petrus Cariry,Brasil,2007,88,Iluminura Filmes,"XXIV Festival de Cine de Bogotá – SELECIONADOXIV Festival de Cinema Independent of Barcelona – SELECIONADOXXII FESTIVAL DEL CINEMA LATINO DI TRIESTE – SELECIONADOMostra Internacional de Cinema de São Paulo 2007 – SELECIONADO 19 Festival Internacional de Cine de Viña de Mar 2007 – SELECIONADOFestival Brasileiro de Cinema de Toronto – SELECIONADOFestival Latino Americano de Havana 2007 – SELECIONADO12 Festival Internacional de Cinema de Kerala - SELECIONADOLos Angeles Brazilian Film Festival 2008 – SELECIONADOMostra de Cinema de Tiradentes 2008 – SELECIONADOFestival Internacional de Cinema de Roma (RIFF) - SELECIONADOMostra de Novos realizadores ICAIC 2008 (Cuba) - SELECIONADO20 Festival de Cinema de Toulouse – SELECIONADOMostra do Filme Livre 2008 – SELECIONADOXXVI Festival Cinematográfico Internacional Del Uruguay – SELECIONADO2 Festival de Cine Latinoamericano en Oaxaca - SELECIONADO18 Festival Iberoamericano Cine Ceará – SELECIONADO12 Fenart – Feira Nacional da Arte de João Pessoa – SELECIONADOBrazilian Film Festival of Miami 2008 – SELECIONADO15 Festival de Cinema e vídeo de Cuiabá – SELECIONADOV Festival de Cinema de Maringá 2008 - SELECIONADOCineSul 2008 - SELECIONADOFestival CINEMADA 2008 – SELECIONADOFestival de Cine de Los Pueblos del Sur – SELECIONADOBrazilian Film Festival of Roma 2008 – SELECIONADOIII Mostra Paulista do Cinema Nordestino - SELECIONADODiscovering Latin America Film Festival 2008 (Londres) – SELECIONADO31 Festival Guarnicê de Cinema - SELECIONADOFestival de Cinema de Gramado – SELECIONADO - HORS CONCURSFestival dos Três continentes (França) – SELECIONADOINDIE 2008 – Mostra Internacional de Cinema de BH – SELECIONADOArraial Cine-Fest 2008 – SELECIONADO3 Festival do Cinema Latino do Paraná - SELECIONADOMostra Cinema Conquista 2008 - SELECIONADODaytona Beach Microfilm Festival – SELECIONADO38 International Film Festival of India – SELECIONADO6th CHENNAI INTERNATIONAL FILM FESTIVAL – SELECIONADOI International Film Week, México City - SELECIONADOV Festival de Cinema Brasileiro de Belém – SELECIONADOV Ibero Brasil Cine Festival 2008 – SELECIONADOV Panorama Internacional ”Coisa de Cinema” – SELECIONADOFestival Internacional del cine GUALEGUAYCHU – SELECIONADOFestival de Cinema de Triunfo 2009 – SELECIONADOFestival de cinema Nueva Miranda (Argentina) – SELECIONADOFestival de Cinema Ambiental de Pacoti 2009  – SELECIONADO6 Cinefest Votoratim - SELECIONADOFestCine Natal 2009 - SELECIONADO4º Encontro Nacional de Cinema e Vídeo dos Sertões – SELECIONADOFestin 2010 - Festival Intinerante da Lingua Portuguesa - SELECIONADO","O Grande vencedor do 19. Festival Internacional de Cinema de Viña Del Mar - Melhor Filme.Melhor Filme - II Festival de Cine de Los Pueblos del Sur 2008 (Venezuela)Melhor Filme / Melhor montagem / Melhor ator Coadjuvante - III Festival de Cinema Latinoamericano do ParanáMelhor Filme / Melhor Diretor / Melhor Roteiro / Melhor Direção de Arte / Melhor Fotografia / Melhor Ator / Melhor Atriz / Melhor Trilha Sonora - II Festival de Cinema de Triunfo (Pernambuco)Melhor Filme - V Ibero Brasil Cine Festival de Valência (Espanha)Melhor Direção - Cinemada 2008Melhor Direção/ Melhor Fotografia/ Melhor Direção de Arte - IV Encontro Nacional de Cinema e Vídeo dos Sertões.Melhor Direção - II Festival Internacional de Cine en Gualeguaychú (Argentina)Melhor Fotografia - Brazilian Film Festival of Miami 2008Melhor Direção de arte / Melhor produção Cearense / Melhor Longa do Nordeste (BNB) - 18 Festival Ibero Americano de Cinema - Cine CearáMenção Honrosa - Barcelona Independent Film Festival 2008Menção Honrosa - Festin 2010 (Portugal)Prêmio da Crítica - 11 Mostra de Cinema de Tiradentes.Melhor Longa Cearense - CineFest Ambiental de Pacoti 2009Prêmio de Melhor Produção, Prêmio Especial do Júri para Atriz, Prêmio de Ator revelação Juvenil - 19° Festnatal - Festival de Cinema de Natal",,Longa-metragem
1175,Janela do Madeira,Felipe Carrelli e Leila Lobato Graef,Brasil,2009,13,independente,"9 Mostra de Taguatinga - DFV FATU - Socorro, SP",Não informado,2009-02-14,Curta-metragem
1176,Cercado,Felipe Carrelli,Brasil,2009,14,independente,Primeira Semana do Cerrado - UFSCar,Não informado,,Curta-metragem
1177,Mira,Gregorio Graziosi,Brasil,2009,12,GREGORIO GRAZIOSI,''A''  62° LOCARNO INTERNATIONAL FILM FESTIVAL (2009)''A'' 32º CLERMONT-FERRAND INTERNATIONAL SHORT FILM FESTIVAL (2010)''A'' PRÊMIO SANGUE NOVO 12° FESTIVAL DE CINEMA BRASILEIRO DE SANTA MARIA DA FEIRA ‘’A’’ HABANA FESTIVAL INTERNACIONAL DEL NUEVO CINE LATINOAMERICANO (2009)‘’C’’ 34°HONGKONG INTERNATIONAL FILM FESTIVAL (2010),''A'' PRÊMIO SANGUE NOVO 12° FESTIVAL DE CINEMA BRASILEIRO DE SANTA MARIA DA FEIRA,,Curta-metragem
1178,Phiro,Gregorio Graziosi,Brasil,2008,12,GREGORIO GRAZIOSI,''A'' 21° IDFA INTERNATIONAL DOCUMENTARY FILM FESTIVAL AMSTERDAM (2008)''A'' PRÊMIO SANGUE NOVO 12°FESTIVAL DE CINEMA BRASILEIRO DE SANTA MARIA DA FEIRA (2008)BERLIN INTERFILM (2009)MOSTRA SP INTERNATIONAL FILM FESTIVAL (2009),''A'' PRÊMIO SANGUE NOVO 12°FESTIVAL DE CINEMA BRASILEIRO DE SANTA MARIA DA FEIRA (2008),,Curta-metragem
1179,Saba,Gregorio Graziosi e Thereza Menezes,Brasil,2006,15,Não informado,''A'' 60° FESTIVAL DE CANNES (2007)''A'' 19° IDFA INTERNATIONAL DOCUMENTARY FILM FESTIVAL AMSTERDAM (2006)''A'' 48° ZINEBI INTERNATIONAL FESTIVAL OF DOCUMENTARY AND SHORTFILM OF BILBAO (2006)''A'' FESTIVAL INTERNATIONAL HAMBURG SHORT FILM FESTIVAL (2006)''A'' PRÊMIO SANGUE NOVO12°FESTIVAL DE CINEMA BRASILEIRO DE SANTA MARIA DA FEIRA (2008)''A'' MENÇÃO ESPECIAL HABANA FESTIVAL INTERNACIONAL DEL NUEVO CINE LATINOAMERICANO (2007) ''B'' 2° MELHOR CURTA INTERNATIONAL SHORT FILM FESTIVAL IN DRAMA (2007)''B'' MENÇÃO ESPECIAL 19°RECONTRES CINEMAS D'AMERIQUE LATINE DE TOULOUSE (2007) ''C'' MOLODIST 37° KIEV INTERNATIONAL FILM FESTIVALMOSTRA SP INTERNATIONAL FILM FESTIVAL (2007),''A'' PRÊMIO SANGUE NOVO12°FESTIVAL DE CINEMA BRASILEIRO DE SANTA MARIA DA FEIRA (2008)''A'' MENÇÃO ESPECIAL HABANA FESTIVAL INTERNACIONAL DEL NUEVO CINE LATINOAMERICANO (2007) ''B'' 2° MELHOR CURTA INTERNATIONAL SHORT FILM FESTIVAL IN DRAMA (2007)''B'' MENÇÃO ESPECIAL 19°RECONTRES CINEMAS D'AMERIQUE LATINE DE TOULOUSE (2007),,Curta-metragem
1442,Nevasca tropical,Bruno Vianna,Brasil,2003,12,Geral Ltda,Não informado,Não informado,,Curta-metragem
1184,Jardim Beleléu,Ari Candido Fernandes,Brasil,2009,15,"EncruzilhadaFilmes,Ltda",20 °Cine Ceará 2010,sómente premio de Estimulo de realização Secretaria de Estado da Cultura de SP(2008),,Curta-metragem
1185,Mutante...,Rossana Foglia   e Rubens Rewald,Brasil,2002,21,CONFEITARIA DE CINEMA COMUNICAÇÕES LTDA,Festival Internacional de Clermont-Ferrand 2003 (Seleção Oficial)Festival Internacional de Curtas de São Paulo 2002Festival Internacional de San Diego 2003Mostra Internacional de Cinema de São Paulo 2002Mostra de Cinema de Tiradentes 2003Jornada de Cinema da Bahia 2002,Tatu de Ouro de Melhor Ficção no Jornada de Cinema da Bahia 2002Tatu de Prata de Melhor Som no Jornada de Cinema da Bahia 2002 ,,Curta-metragem
1186,Bomba!,"Lara Lima, Marcelo Lima e Renato Coelho",Brasil,2008,5,"Lara Lima, Marcelo Lima e Renato Coelho","- 19º Festival Internacional de Curtas-Metragens de São Paulo – Programa Especial Maio de 68- 10º Mostra Londrina de Cinema – Mostra Competitiva-8ª Mostra do Filme Livre – Mostra Competitiva-4ª CineOP - Mostra de Cinema de Ouro Preto-32º Festival Guarnicê de Cinema – Mostra Tendência de Vídeos-MOSCA 5 - 5ª Mostra Audiovisual de Cambuquira – Mostra Competitiva-14º Festival Brasileiro de Cinema Universitário – Mostra Competitiva-3º Perro Loco - Festival de Cinema Universitário Latino-Americano – Mostra Competitiva-FeiaDez - 10º Festival do Instituto de Artes da Unicamp-2ª Mostra Marília de Cinema – Mostra Competitiva- CineEsquemaNovo - Festival de Cinema de Porto Alegre – Mostra Competitiva-II Janela Internacional de Cinema do Recife – Mostra Competitiva-Curta 8 - Festival Internacional Super 8 de Curitiba – Mostra Competitiva-8º Festival do Audiovisual Universitário (NÓIA) – Mostra Competitiva-Curta Cinema - Festival Internacional de Curtas do Rio de Janeiro – Programa Especial Curtíssimos-2º Festival UFC de Cultura-III Festival Internacional de Cinema de Itu – Mostra Competitiva-16º Vitória Cine Vídeo – Mostra Competitiva-17º Festvídeo - Festival de Vídeo de Teresina – Mostra Competitiva-Festival do Júri Popular 2010 – Mostra Competitiva- 8º Festival Internacional Signes de Nuit – Paris, França – Programa Focus Brésil- 3º Los Angeles Brazilian Short Film Festival – Los Angeles, EUA – Mostra Competitiva-TRASH - 5ª Mostra Goiana de Filmes Independentes-1º Festival de Vídeo de Ribeirão Pires – “Um Novo Olhar”- 3º MIAU - Mostra Independente do Audiovisual Universitário – Mostra Competitiva- VII PUTZ – Festival Universitário de Cinema e Vídeo de Curitiba – Mostra Competitiva",- Prêmio Cachaça Cinema Clube – “Melhor filme do Godard” no 14º FBCU- Melhor Direção no 8º Festival do Audiovisual Universitário (NÓIA) – Mostra Nacional de Cinema Universitário,,Curta-metragem
1187,A distração de Ivan,Cavi Borges,Brasil,2009,16,Cavideo e Nós do Morro,Festival de cannes 2010Cine PE -2009Amazon film FestivalFAMCanoa QuebradaTiradentesOuro Preto,Melhor curta no Amazon Film FestivalMelhor curta VISÕES PERIFÉRICASMelhor curta festival de cascavelmelhor trilha CINE PEmelhor Ator Festival Canoa Quebrada,2009-05-27,Curta-metragem
1188,Em trânsito,Cavi Borges,Brasil,2010,11,Cavideo,Iguacine 2010Ouro Preto 2010,Não informado,2010-04-10,Curta-metragem
1198,Em Branco,Juan Zapata,Brasil,2007,28,Zapata Filmes,"Festival Cinesul, 2008.Festival de Cine de Bogotá, 2008.Japan Prize, 2008Mostra Internacional de Videodança, 2009 V Mostra Movimento e Palavra, 2009",Não informado,,Curta-metragem
1190,Várias vidas de Joana,Abelardo de Carvalho e Cavi Borges,Brasil,2009,9,Cavideo,Festival PUCFestival de Cabo Frio,Melhor documentário - festival PUCMelhor documentário - Festival de cabo Frio,,Curta-metragem
1191,Queda Livre,Marcelo Vidal e Renan de Moraes,Brasil,2009,1,Estúdio Consequência de Animação S/C Ltda,"Anima Mundi, ANIMA-Cordoba International Animation Festival, CineFest Votorantin.",Não informado,2009-07-01,Curta-metragem
1192,Pivete,Lucila Meirelles,Brasil,1987,6,Lucila Carvalho Junqueira Meirelles- EPP,"Em 1988 o vídeo Pivete participa das Mostra Brasileira na Manifestaction Internacional de Vídeo et TV Montbeliárd na França . Em 1989 o documentário participa da Mostra The Kitchen em New York e da Mostra The Black Aesthetic, em Washington.Em 1996  Pivete participa da Mostra “Videobrasil no centro cultural Melkweg, em Amsterdã.","Melhor documentário,melhor edição e melhor direção no V VideoBrasil- São Paulo, Agosto de 1987Melhor edição na X Jornada de Cinema  e Vídeo de São Luis do MaranhãoNovembro de 1987",,Curta-metragem
1193,Rosa e Benjamin,Cleber Eduardo e Ilana Feldman ,Brasil,2009,15,Cinematográfica Superfilmes,20º Festival Internacional de Curtas-Metragens de São Paulo - Curta KinoforumFestival de Cinema Brasileiro em Israel  2009II Janela Internacional de Cinema do RecifeFestival Internacional de Curtas do Rio de Janeiro - Curta Cinema 200913º Festival de Cinema Luso-Brasileiro e Santa Maria da FeiraFestival Internacional del Nuevo Cine Latinoamericano HavanaMostra de Filme Livre 2010 LABRFF 2010 - Los Angeles Brazilian Film Festival6º FestCineBelém - Festival de Belém do Cinema Brasileiro35º Edição Curta nas Telas ,Prêmio de Melhor Direção - 9º Goiânia Mostra CurtasPrêmio de Melhor Roteiro - 16º Vitória Cine Vídeo,,Curta-metragem
1194,Esboço para fotografia,Bruno Carneiro,Brasil,2008,15,Cinematográfica  Superfilmes ,Não informado,Não informado,,Curta-metragem
1195,Pormenores,Flavio Frederico,Brasil,2000,5,Cinematográfica  Superfilmes ,"Best Feature Film Photography at Gramado Film Festival - 2001Best Documentary at Jornada de Cinema da Bahia - 2001International Film Festival of Rotterdam (Holanda/2001)International Documentaries Film Festival “It's All True” (Brazil/2001)Mostra Indie BH (Brazil/2001)Tróia International Film Festival (Portugal/2001)Innsbruck International Film Festival (Áustria/2001)New York Latin Beat Film FestivalFilm Society of Lincoln Center (USA/2001)International Film Festival of Montreal of Films of the World (Canada/2001)Quebec International Film Festival (Canada/2001)Murphy’s Cork International Film Festival (Ireland/2001)Cuiabá Video and Film Festival (Brazil/2001)Rio BR Film Festival (Brazil/ 2001)International Film Festival of Oslo “Films from the South” (Norwegian/2001)International Film Festival of Mannheim-Heidelberg (Germany/2001)Vitória Film and Video Festival (Brazil/2001)Independent Films Festival of Barcelona ""L’Alternativa"" (Spain2001)",..,,Curta-metragem
1196,Todo dia todo,Flavio Frederico,Brasil,1998,11,Cinematográfica Superfilmes ,"9º Festival Internacional de Curtas de São Paulo (Brasil, ago/98), 36o New York Film Festival (EUA, set/98), Festival International de Biarritz (França, set/98), Drama International Short Film Festival (Grécia, set/98), 47o Internationales Filmfestival Mannheim-Heidelberg (Alemanha, out/98), Siena International Short Film Festival (Itália, nov/98), Festival del Nuevo Cine Latino Americano de La Habana (Cuba, dez/98), Festival Internacional de Documentário e Curtas de Bilbao (Espanha, dez/98), Roterdam International Film Festival (Holanda, jan/99), Sundance International Film Festival (EUA, jan/99), Brussels International Film Festival (Bélgica, jan/99), Bradford Film Festival (Inglaterra, mar/99), Festival de Cinema do Recife (Brasil, mar/99), 41st San Francisco Int. Film Festival (EUA, abr/99), Aspen International Short Film Festival (EUA, abr/99), Philadelphia Festival of World Cinema (EUA, abr/99), Festival de Cinema e Vídeo de Curitiba (Brasil,mai/99), Hamburgo Intl.Short Film Fest. (Alemanha, jun/99), Midnight Sun Film Festival (Finlandia, jun/99), Festival Guarnicê (Brasil, jun/99), Mostra Int. Cortometraje de Montecetini (Italia, jul/99), Capalbio Int. Short Film Fest. (Italia, jul/99), Odense Film Fest.Int. (Dinamarca, ago/99), Festival do Rio (Brasil, set/99), Festival BBC British Short Film (Inglaterra, set/99), Oslo Films from the South (Noruega, out/99), Leeds Film Festival (Inglaterra, out/99)","Melhor Filme de Ficção na Jornada da Bahia/98Melhor Direção na Jornada da Bahia/98Melhor Filme Ibero Americano no Festival Int. de Doc. e Curtas de Bilbao (Espanha, nov/98)Prêmio “Silver Spire” de curta narrativo,Golden Gate Awards Competition (San Francisco, jan/99)Prêmio Especial do Júri no Montecatini Filme Vídeo (Itália, jul/99)Prêmio de Filme mais surpreendente no Festival de Odense (Dinamarca, ago/99)",,Curta-metragem
1197,2º movimento de abertura da sinfonia panamérica,Lucila Meirelles,Brasil,1988,15,Lucila Carvalho Junqueira Meirelles-EPP,"Festival Latino FilmNew  York, New York   1990II  International  Studio  of Techonology  of  imageSão Paulo, Brasil   1991II Dialogo  CINE/VIDEOSão Paulo, Brasil  1993 Culturas em Dialogo -imagens do MundoLisboa,  Portugal   1994","6º  Festival Video ofSanto André.Santo André, Brasil   1988Best    Documentary",,Curta-metragem
1199,Hr.Kleidmann,Marcos Fausto,Brasil,2010,15,Pessoa Física,ainda inédito,Não informado,,Curta-metragem
1200,Cartas da mãe,Fernando Kinas,Brasil,2003,27,"Trattoria di Frame, Marina Willer e Fernando Kinas","O filme Cartas da mãe participou de diversos festivais no Brasil e no exterior, entre eles: Mostra Internacional de Curta-metragem de São Paulo, Festival de Cinema de Évora (Portugal), Festival de Cinema Latino-Americano de Londres (Inglaterra). ","•Melhor curta-metragem brasileiro, Júri Popular, 6º Festival Internacional de Curtas de Belo Horizonte, 2004.•Prêmio Especial do Júri, 6º Festival Internacional de Curtas de Belo Horizonte, 2004.•Melhor documentário brasileiro, Catarina Festival, 2004.•Melhor roteiro, Catarina Festival, 2004.•Melhor filme nacional, Troféu Jangada, Festival Guarnicê de Cinema e vídeo do Maranhão, 2004.•Prêmio Especial do Júri, 7º Festival de Cinema de Santa Maria da Feira, Portugal, 2003.•Melhor curta-metragem brasileiro, júri popular, 27ª Mostra BR de Cinema de São Paulo, 2003.•Prêmio de aquisição Canal Brasil, 36º Festival de Cinema de Brasília, 2003.",,Curta-metragem
1201,Belas Adormecidas,Erika Fromm,Brasil,2010,10,nao há,Femina / 2010,Não informado,,Curta-metragem
1202,Trecho,Clarissa Campolina e Helv&eacute;cio Marins J&uacute;nior,Brasil,2006,17,Teia Produções Audiovisuais LTDA,"• 39ª Festival de Brasília do Cinema Brasileiro - 2006• Curta Cinema - Festival Internacional de Curtas do Rio de Janeiro - 2006• 10ª Mostra de Cinema de Tiradentes - 2007• 36º Festival Internacional de Rotterdam, Holanda - 2007• 19ª Reencontres Cinémas d' Amérique Latine de Toulouse - 2007• 7º Curta-se - Festival luso-brasileiro de curtas-metragens de Sergipe, Brasil - 2007• Cine PE - Festival do Audiovisual, Brasil - 2007• 3º Cineport - Festival de Cinema de Países de Língua Portuguesa, João Pessoa, Brasil - 2007• Festival de Courtisane – Bélgica - 2007• 2ª Mostra de Cinema de Ouro Preto - CINEOP - 2007• 60º Festival Internacional de Cinema de Locarno - Suíça - 2007• 18º Festival Internacional de Curtas-Metragens de São Paulo –Brasil - 2007• Festival Internacional de Cinema de Melbourne - Austrália - 2007• CineBrasil Film Festival - Amstredã - 2007• XXIV Festival de Cine de Bogotá - Colômbia - 2007• 4ª Mostra Curta Pará Cine Brasil - 2007• 7º Goiânia Mostra Curtas - 2007• XVII INVIDEO - Exibição Internacional de Cinema e vídeo - Itália - 2007• L'alternativa - 14º Festival de Cinema Independente em Barcelona - Espanha - 2007• 24th Kassel - Festtival de Cinema e Vídeo Documental - Alemanha - 2007• 29º Festival Internacional do Novo Cinema Latino Americano - Cuba - 2007• 10º RIDM - Encontro Internacional do Documentário em Montreal - Canadá - 2007• XII Encontro Latinoamericano de Cinema. Festival de Lima - Peru - 2008• International Festival of Short Films on Culture - Jaipur - India - 2008• Iguacine – 1° Festival de Cinema da Cidade de Nova Iguaçu - Brasil - 2008• Play-Doc - Espanha - 2008• Mostra Rumos do Cinema Brasileiro - Hungria - 2009","• Melhor Filme, Melhor Montagem, Melhor Fotografia - 39ª Festival de Brasília do Cinema Brasileiro - 2006• Melhor Curta Experimental, Melhor Filme pela ABD&C - RJ - Curta Cinema - Festival Internacional de Curtas do Rio de Janeiro - 2006• Melhor Curta - Prêmio Canal Brasil - Cine PE - Festival do Audiovisual - 2007• Melhor Doc Curta - 3º Cineport , Brasil - 2007• Menção Honrosa - 7º Curta-se, Brasil - 2007• Melhor Curta pelo Cine Cachaça no Festival Internacional de Cinema de São Paulo, Brasil - 2007",,Curta-metragem
1238,A mais forte,Ricky Mastro,Brasil,2009,15,Ricky Mastro,4º Mostra do Cariri – CE – JUL 10CINEME-SE – Santos – SP – JUL 101º CineAmor -  Nova Friburgo - RJ - JUN 107º PutZ – Curitiba – PR – MAIO 103º Mostra Miau – Goiânia – Brasil – Maio 109º Mostra do Filme Livre - Rio de Janeiro - Brasil - ABRIL 1033º Mostra Internacional de São Paulo – Brasil – OUT 093º For Raibow – Fortaleza – CE – Brasil - NOV 09,Vencedor do prêmio de novos talentos na Latino Screenplay Competition  (EUA)  Vencedor dos prêmios de júri e público - Cine Mube – Vitrine – São Paulo – DEZ 09,,Curta-metragem
1239,Cinco Minutos,Ricky Mastro,Brasil,2008,10,Ricky Mastro,"Internacionais:Selecionado para a Semana ABC 2010Indianápolis LGBT Film Festival – EUA – Nov 10IV Edición del Festival de Cortometrajes de Hayah – Panamá – Junho 1023º Connecticut Gay & Lesbian Film Festival – EUA – Maio 10Boston LGBT Film Festival – EUA -  Maio 103º Los Angeles Brazilian Film Festival – Maio 10Cine Arte Alameda – Santiago, Chile – ABRIL 1020º Melbourne Queer Film Festival ¬Driven by Volkswagen – Austrália – MAR 1024º London Lesbian and Gay Film Festival –  Reino Unido – MAR - 10Festival Internacional del Nuevo Cine Latinoamericano – Havana, Cuba– Nov 09Corby's First International Short Film Festival – Reino Unido – Out 0914º Seattle GBLT Film Festival – Seattle, USA - Out 200920º Festival Internacional Lesbian and Gay Film de Hamburg – Out  2009U.Frame Festival de Vídeo Universitário – Porto, Portugal – Out 09WILDsound´s Film Festival – Toronto, Canadá –JUL  09 – Prêmio de melhor audiênciaNewfest – Nova York  - EUA – JUN 09Brazil on Screen – Boston – USA – MAIO 09Short Film Corner – Festival de Cannes – França  - MAIO 09 24º Torino GLBT Film Festival – Itália – ABRIL 096º Festival Internacional de Cinema GLBT de Bilbao – Espanha – JAN 092º Festival du Film Brésilien de Montreal – Canadá – DEZ 0812º Festival de Santa Maria da Feira - Portugal - Mostra Competitiva – NOV 08Nacionais:3º Cine Mube – São Paulo – SP – MAIO 1035º Curta na Tela – Porto Alegre – RS – MAR 102º Curta Jacaré – Jacarezinho – PR – DEZ 094º Festival Percecpções- Muriaé – MG – DEZ 094º Mostra de Vídeo de Miracema – Tocantis  - DEZ 092º Mostra Diagonal de Vídeo – PI – NOV 091° Festival Latino Americano de Curtas de Paranapiacaba5º Mostra Internacional de Curta-Metragens Unioeste – PR – NOV 0920º Festival Internacional de Curtas de São Paulo – SP – AGO 092º Festival Nacional Curta Taquary  - Taquaritinga do Norte – PE – AGO 0914º Festival Brasileiro de Cinema Universitário – Rio de Janeiro – AGO 091º Cine Grandes Curtas – Rio Grande do Sul – JUN 093º Mostra Cariri – Ceará - Maio 092º Mostra Miau – Goiás - MAIO 0914º Mostra de curtas FAAP – São Paulo – Brasil - ABRIL 098º Mostra do Filme Livre – Rio de Janeiro – ABR 097º Mostra de Vídeo Universitário – Coxiponés – Mato Grosso – DEZ 08 ",Não informado,,Curta-metragem
1205,Dente por dente,Alice de Andrade,Brasil,1994,22,Cinematográfica Superfilmes,Melhor Roteiro e Direção no Festival de Brasília/94Melhor Direção de Arte no Festival do Ceará/94Melhor Direção de Arte no Festival de Gramado/95,Melhor Roteiro e Direção no Festival de Brasília/94Melhor Direção de Arte no Festival do Ceará/94Melhor Direção de Arte no Festival de Gramado/95,,Curta-metragem
1206,O monstro,Eduardo Valente,Brasil,2005,13,A.R. Produções,Não informado,Não informado,,Curta-metragem
1207,La Dolorosa,Odilon Rocha,Brasil,2008,12,Cinematográfica  Superfilmes , 19º Curta Kinoforum - Festival Internacional de Curtas-Metragens de São PauloJornada Internacional de Cinema da Bahia Festival do Rio BRFestival Internacional del Nuevo Cine Latinoamericano Havana  2008.,12º Brazilian Film Festival of Miami 2008 - Prêmio de Melhor Direção de Arte,,Curta-metragem
1208,Asfixia,Roberval Duarte,Brasil,2005,15,A.R. Produções,Não informado,Não informado,,Curta-metragem
1209,Floreados do repique,gabriela greeb,Brasil,2000,21,Homemadefilms,"2000 Latitudes Villette Perc Pan , Paris - IV Mostra de Curtas Mercosul, Florianópolis - 4° Festival do Filme Documentário e Etnográfico de Belo Horizonte - IV Mostra MIS de Vídeo, SP2002 Itau Cultural BH e Campinas, portfólio2003 Mostra “Made in Brazil - 30 anos do vídeo no Brasil”, curadoria Arlindo Machado, Instituto Itaú Cultural; Mostra do Filme Livre, CCBB, Rio de Janeiro - Mostra Paulista do Audiovisual, SP2004 Mostra Curta Aliança, SP – CineEsquemaNovo, Porto Alegre2006 Situ/ação - aspectos do documentário contemporâneo, curadoria de Paula Alzugaray, Galeria Vermelho2009 Curta Cinemateca Musical, Cinemateca Brasileira; Mostra Observatórios, curadoria de Paula Alzugaray, Instituto Itaú Cultural, Belo Horizonte e Vitória",Melhor Video Nacional - Festival de Cuiabá 2000Melhor Trilha Sonora - Festival de Cuiabá 2000,,Curta-metragem
1210,O filme dos porquês,Paola Leblanc,Brasil,2003,15,A.R. Produções,Não informado,Não informado,,Curta-metragem
1211,Lambe Sujo - uma opera dos quilombos,gabriela greeb e Paulo Dias,Brasil,2004,26,"Homemadefilms, Associação Cachuera!","2004 9º É Tudo Verdade Festival Internacional de Documentários, São Paulo – CineEsquemaNovo, Porto Alegre - 8º festival do filme documentário e etnográfico de Belo Horizonte, MG - XVIII Mostra do Audiovisual Paulista - 3º Catarina festival de Documentários, Balneário de Camburiu - XII Festival de Vídeo de Teresina, Piauí2005 Mostravideo Itaú Cultural, Belo Horizonte e Rio de Janeiro - X Mostra Internacional do Filme Etnográfico, Rio de Janeiro - Mostra do Filme Livre, Rio de Janeiro - I Fórum Cultural Afro-brasileiro, PUC, São Paulo 2007 Festival de Inverno de Ouro Preto e Mariana, Minas Gerais",Não informado,,Curta-metragem
1212,Cidade subjetiva,gabriela greeb,Brasil,2003,26,homemadefilms,"2003 - Fórum Social Mundial, Porto Alegre - Mostra do Filme Livre, CCBB, Rio de Janeiro - Mostra Paulista do Audiovisual, São Paulo",Não informado,,Curta-metragem
1213,O sumiço do amigo invisível,Paola Leblanc,Brasil,2002,14,A.R. Produções,Não informado,Não informado,,Curta-metragem
1214,Dadá,Eduardo Vaisman,Brasil,2000,20,A.R. Produções,Não informado,Não informado,,Curta-metragem
1215,Cuidado! Palhaços,Pablo Peixoto,Brasil,2008,14,Centro de Produção Cultural,"13 festival universitário brasileiro, 5 festival de cinema de maringá, 7º festinóia, 5º cine favela, cinedocumenta, videvideo, festival universitário do iesb.",melhor documentário no 1º festival universitário do iesb,,Curta-metragem
1216,Henrique de Oliveira Jr. - Memórias de celuloide,MARCOS CRAVEIRO,Brasil,2010,14,MC Produções,Não informado,Não informado,,Curta-metragem
1236,Nos tempos do cinematógrapho,Kika Lopes,Brasil,1996,15,A.R. Produções,Não informado,"Melhor Direção na Jornada de Cinema da Bahia/1996, Melhor Direção Festival de Cinema de Cuiabá/1996.",,Curta-metragem
1237,Figura - Baseado em Fatos Surreais,Leonardo Ferreira,Brasil,2010,18,UNIMONTE - Audiovisual (Coord. Raquel Pellegrini),"Até o momento da inscrição, não participou de nenhum festival.","Até o momento da inscrição, não participou de nenhum festival.",,Curta-metragem
1218,Dona Eulália,Val&eacute;rio Fonseca,Brasil,2004,12,CRAVO FILMES,"Guarnicê , Fest cine Maringá,  tudo sobre mulheres, outros",Melhor diretor Fest video colatina,,Curta-metragem
1219,A Menina e o Peixe,Leonardo Hwan,Brasil,2010,13,Fundação Armando Alvares Penteado (FAAP),Não informado,Não informado,,Curta-metragem
1220,Maria Ninguém,Valério Fonseca,Brasil,2009,12,CRAVO FILMES,"Buzios cine fest , Jornada de cinema da Bahia , Femina , Cine Mube , Green vision(Russia) , fest video women( Los Angeles) ,Oberhausen(Alemanha),Short film corner( cannes - France), Jeri digital , fest Latin America (Bruxelas)",Não informado,,Curta-metragem
1221,Lagoa,Valério Fonseca,Brasil,2005,13,CRAVO FILMES,Guarnicê - festival do Rio - Mostra de curtas cariocas - fest cine Maringá - outros,Não informado,,Curta-metragem
1222,Lucia e a Mala,Valério Fonseca,Brasil,2007,11,CRAVO FILMES,"Jornada de cinema da Bahia , outros",Não informado,,Curta-metragem
1223,Aurora,Felipe Valer,Brasil,2007,17,Colateral Filmes,Mostra de Filmes Curta Carolina + Mostra Colateral Filmes 1° Ciclo (PUCRS e Cine santander),Não há,,Curta-metragem
1224,O curinga,Irm&atilde;os Christofoli e Irm&atilde;os Christofoli,Brasil,2009,18,Colateral Filmes,Mostra Semana Prêmio ABC 2010Mostra Colateral Filmes 1º Ciclo (PUCRS e Cine Santander)1º Festival Manuel Padeiro de Cinema e Animação - Mostra paralela,Não há,,Curta-metragem
1225,Longe de casa,Alexandre Guterres,Brasil,2009,14,Colateral Filmes,Mostra Prêmio ABC 2010Mostra Colateral Filmes 1º Ciclo (PUCRS e Cine Santander)5º Fest-Arruanda do Audiovisual Universitário Brasileiro,Não há,,Curta-metragem
1226,O assassino do beija-flor,Rafael Camargo,Brasil,2008,22,Colateral Filmes,Mostra Colateral Filmes 1° ciclo (PUCRS e Cine Santander)Mostra Sexta Curta Trensurb – Sessão de abertura de 2009.,Não há.,,Curta-metragem
1227,Cinemaiêutica,Rodrigo Falk Brum,Brasil,2010,12,Rodrigo Falk Brum,9ª Mostra do Filme Livre (Rio/RJ)Your Indie Film Festival (Vancouver/Canada)Porto7 - Festival Internacional de Curtas-metragens do Porto (Porto/Portugal),Não informado,2010-04-24,Curta-metragem
1228,Sob o Céu de Joinville,Rodrigo Falk Brum,Brasil,2008,15,Rodrigo Falk Brum,"II Festival Curta Cabo Frio (2008), V Festival de Cinema de Maringá (2008)I Mostra Pós-AIC (2008)I Mostra de Cine Vídeo de Joinville (2009)",Melhor Filme da I Mostra de Cine Vídeo de Joinville (2009) - voto popular,,Curta-metragem
1229,Convergências,Aly Muritiba,Brasil,2007,15,Grafo Audiovisual,"- Cineme-se, 2008 (Santos/SP)- II Cinema com Farinha, 2008 (Patos/PB)- XIII Festival Brasileiro de Curtas Universitários, 2008 (Rio de Janeiro/RJ)- 6º Curta Santos, 2008 (Santos/SP)- 1º Cine Grandes Curtas, 2009 (Pelotas/RS)- Gramado Cine Vídeo, 2009 (Gramado/RS)","- Prêmio de Montagem no 6º Curta Santos, 2008 (Santos/SP)",2008-04-24,Curta-metragem
1230,Com as próprias mãos,Aly Muritiba,Brasil,2008,16,Grafo Audiovisual," - XVI Gramado Cinevídeo, 2008 (Gramado/RS)- 3º AXN Film Festival, 2008 (Mazatlán, México)- V Curta Votorantim, 2008 (Votorantim/SP)- II Perro Loco, 2008 (Goiânia/GO)- 15º Vitória Cinevídeo, 2008 (Vitória/ES)- Fest Cine Aruanda, 2008 (João Pessoa/PB)- Fest Cine Amazônia, 2008 (Porto Velho/RR)- Vale Curtas, 2008 (Juazeiro/BA, Petrolina/PE)- Festival Montes Claros em Movimento, 2008 (Montes Claros/MG)- Festival de Vídeo de Teresina, 2008 (Teresina/PI)- II Miau, 2009 (Goiânia/GO)- International Festival Câmera Mundo, 2009 (Roterdã, Holanda)- FAM, 2009 (Florianópolis/SC)- 1º Cine Grandes Curtas, 2009 (Pelotas/RS)- 9º Curta-se, 2009 (Aracuju/SE)- 2º Festival de Triunfo, 2009 (Triunfo/PE)- VI Festival de Cinema de Maringá, 2009 (Maringá/PR)- Festival Internacional de Cinema Fantástico, 2009 (Porto Alegre/RS)- XIV FBCU, 2009 (Rio de Janeiro/RJ)- COMUNICURTAS, 2009 (Campina Grande/PB)- III Curta Cabo Frio, 2009 (Cabo Frio/RJ)- IV Festcine, 2009 (Belo Horizonte/MG, Rio de Janeiro/RJ)- 8º SVM Santa Maria Cine Vídeo, 2009 (Santa Maria/RS)"," - XVI Gramado Cinevídeo, 2008 (Gramado/RS)- 3º AXN Film Festival, 2008 (Mazatlán, México)- V Curta Votorantim, 2008 (Votorantim/SP)- II Perro Loco, 2008 (Goiânia/GO)- 15º Vitória Cinevídeo, 2008 (Vitória/ES)- Fest Cine Aruanda, 2008 (João Pessoa/PB)- Fest Cine Amazônia, 2008 (Porto Velho/RR)- Vale Curtas, 2008 (Juazeiro/BA, Petrolina/PE)- Festival Montes Claros em Movimento, 2008 (Montes Claros/MG)- Festival de Vídeo de Teresina, 2008 (Teresina/PI)- II Miau, 2009 (Goiânia/GO)- International Festival Câmera Mundo, 2009 (Roterdã, Holanda)- FAM, 2009 (Florianópolis/SC)- 1º Cine Grandes Curtas, 2009 (Pelotas/RS)- 9º Curta-se, 2009 (Aracuju/SE)- 2º Festival de Triunfo, 2009 (Triunfo/PE)- VI Festival de Cinema de Maringá, 2009 (Maringá/PR)- Festival Internacional de Cinema Fantástico, 2009 (Porto Alegre/RS)- XIV FBCU, 2009 (Rio de Janeiro/RJ)- COMUNICURTAS, 2009 (Campina Grande/PB)- III Curta Cabo Frio, 2009 (Cabo Frio/RJ)- IV Festcine, 2009 (Belo Horizonte/MG, Rio de Janeiro/RJ)- 8º SVM Santa Maria Cine Vídeo, 2009 (Santa Maria/RS)",,Curta-metragem
1231,Eu não sei andar de bicicleta,Diego Florentino,Brasil,2009,16,Grafo Audiovisual,- Festival Universitário de Curtas- Fest PR (Mostra Paranaense)- Festival de Jovens Realizadores de Audiovisual do Mercosul,3º Lugar na Categoria Ficção no Festival Universitário de Curtas,,Curta-metragem
1232,Náufragos,Gabriela Amaral Almeida e Matheus Rocha,Brasil,2009,15,Santo Forte Imagem & Conteúdo  e Acere FC,Não informado,Não informado,,Curta-metragem
1233,São Paulo Railway,Marcelo M&uuml;ller,Brasil,2010,15,"Acere FC, Ay Que Rico Cine, Secretaria de Cultura do Estado de São Paulo",21º Festival Internacional de Curtametragens de  São Paulo12º Festivai Internacional de Curtas de Belo HorizonteFestival Icaro de Guatemala22º Mostra do Audiovisual Paulista,Não informado,2010-08-22,Curta-metragem
1234,Cititur pelo velho e novo Santo Amaro,Marcelo Müller,Brasil,2008,28,"Acere Produção Artística e Cultural LTDA,  Milanes & Muller Serviços Cinematográficos LTDA e Secretaria de Cultura da Prefeitura de São Paulo",Não informado,Não informado,,Curta-metragem
1240,Quarto de espera,Bruno Carboni e Davi Pretto,Brasil,2009,12,Teccine - Famecos - PUCRS,"* 20º Festival Internacional de Curtas Metragens de São Paulo, SP/Brasil.* 20º Stockholm International Film Festival, Suécia.* 35º Festival de Cine Ibero Americano de Huelva, Espanha.* 6º Latin American Film Festival de Utrecht, Holanda.* 13º Mostra de Cinema de Tiradentes, MG/Brasil.* 2º Janela Internacional de Cinema do Recife, PE/Brasil.* 11º Mostra Londrina de Cinema, PR/Brasil.* 3º Mostra Marília de Cinema, SP/Brasil.* 13º Festival Audiovisual do Mercosul, SC/Brasil.* 14º Festival Brasileiro de Cinema Universitário, RJ/Brasil.* 9º Primeiro Plano, MG/Brasil.* 3º CineBH, MG/Brasil.* 69º World Science Fiction Convention em Melbourne, Austrália.* 5º Mostra de Cinema Brasileiro, Salzsburg, Austria.* 1ª Semana dos Realizadores, RJ/Brasil.* 6º Cineesquemanovo, RS/Brasil.* 6º Fantaspoa, RS/Brasil.* 35º Curta nas Telas, RS/Brasil.* 7º PUTZ, PR/Brasil.* 16º Vitória Cine Vídeo, ES/Brasil.* 3º MIAU, GO/Brasil.* 9º Mostra do Filme Livre, RJ/Brasil.* Cine Terror 2009, ES/Brasil.* 4º Festival Curta Fantástico, SP/Brasil.* 6º Festival de Cortos Metrajes de Cusco, Peru.* Grito Rock – Santa Maria, RS/Brasil.* 1º Ciclo de Cinema – Porto Alegre, RS/Brasil.* 7º Festival de Cinema de Ribeirão Preto, SP/Brasil.",* Menção Honrosa no Prêmio Revelação do 20th Festival Internacional de Curtas Metragens de São Paulo.* Menção Honrosa da ABD&C no 14th Festival Brasileiro de Cinema Universitário.* Melhor direção de arte no 13th Festival Audiovisual do Mercosul.,,Curta-metragem
1241,A Encomenda,Alan Minas,Brasil,2002,9,Caraminhola Produções,"* 13º Festival Internacional de Curtas-metragens de São Paulo - 2002        - Prêmio de Menção Honrosa* 3º Festival Latino Americano de Cine, Vídeo e TV de Campo Grande - 2002* 29º Jornada Internacional de Cinema da Bahia - 2002* 1º Festival de Curtas-metragens de Juiz de Fora - 2002* 1º Festival de Curtas-metragens de Paraty - 2002* Exibido na Sessão de Almoço da UFSC - 2002 * 12º Mostra Curta Cinema do Rio de Janeiro - 2002* 6º Mostra de Cinema de Tiradentes - 2003* 2º Mostra do Cinema Brasileiro de Osasco - 2003* Curta-se – Festival De Cinema de Sergipe – 2003* 7º Festival de Cinema e Vídeo de Curitiba - 2003* 8º Festival Universitário da UFF - 2003 * 2º Mostra de Santa Maria - 2003* 5º Festival Curtas TIM de Belo Horizonte – 2003* 2° Festival de Teresina - 2005   - Prêmio de Ficção* 2° Festival de Cinema Fantástico de Porto Alegre - 2006",* 13º Festival Internacional de Curtas-metragens de São Paulo - 2002        - Prêmio de Menção Honrosa* 2° Festival de Teresina - 2005   - Prêmio de Ficção,,Curta-metragem
1242,O Refém,Alan Minas,Brasil,2004,19,Caraminhola Produções,1° Mostra Rio das Ostras de Cinema  - 2004Festival do Livre Olhar – 2005Jornada internacional da Bahia – 2004Cine Amazônia – 2005 (Premio de melhor filme)1º Festival de Cinema e Vídeo Digitais de Muriaé – MG – 2006,Cine Amazônia – 2005 (Premio de melhor filme),,Curta-metragem
1243,Homens ao Mar,Alan Minas,Brasil,2006,15,Caraminhola Produções,Não informado,Não informado,,Curta-metragem
1244,Nas Estrelas,Alan Minas,Brasil,2002,10,Caraminhola Produções,"* 1º Festival de Curta-Metragem do Senac de Niterói 2002.- Prêmio de melhor direção* 3º Festival de Cinema, Vídeo e TV de Campo Grande 2002. - Prêmios de melhor direção vídeo ficção- Prêmiro de melhor ator video ficção- Prêmio de melhor atriz vídeo ficção* 16º Mostra de Vídeo de Santo André 2002.* 29º Jornada Internacional de Cinema da Bahia 2002.* 1º Mostra de Vídeo de São Carlos 2002.* 8º Festival de Cuiabá 2003.* 3º Mostra o seu que eu mostro o meu – MAM 2002.* 6º Vide Vídeo Rio de Janeiro 2002.* 12º Mostra Internacional de Curtas-Metragens do Rio de Janeiro 2002.* 7º Festival de Cinema e Vídeo de Curitiba 2003. * 8º Festival Brasileiro de Cinema Universitário 2003. - Prêmio de contribuição artística pela mise en scène e decupagem.* Exibido no programa Zoom da TV Cultura – dezembro de 2002.* Exibido no programa Curta Brasil da TVE – setembro de 2003.","* 1º Festival de Curta-Metragem do Senac de Niterói 2002.- Prêmio de melhor direção* 3º Festival de Cinema, Vídeo e TV de Campo Grande 2002. - Prêmios de melhor direção vídeo ficção- Prêmiro de melhor ator video ficção- Prêmio de melhor atriz vídeo ficção* 8º Festival Brasileiro de Cinema Universitário 2003. - Prêmio de contribuição artística pela mise en scène e decupagem.",,Curta-metragem
1245,Sumidouro (curta),Cris Azzi,Brasil,2006,18,Camisa Listrada ,5° Curta Santos (2007);10ª Mostra de Cinema de Tiradentes (2007);4º Festival de Cinema de Campo Grande (2007);14º Festival de Cinema e Vídeo de Cuiabá (2007);7ª Goiânia Mostra Curtas (2007);5º Festival de Cinema e Vídeo ambiental - Amazônia  (2007);Primeiro Plano (2007);1º Cancun International Film Festival – México (2008).,Prêmios de Melhor Diretor e Fotografia - 5° Curta Santos (2007) ,,Curta-metragem
1246,Doce ballet,Lina Fridman e Maira Fridman,Brasil,2010,3,FAAP,9ª Mostra de Cinema Infantil de Florianópolis6ª Mostra Audiovisual de Cambuquira - MOSCA 6IV Festival de Cortometrajes de Haya - PanamáXXXII Jornada Internacional de Curtas da Bahia15ª Festival Brasileiro de Cinema UniversitárioFestival ENTRETODOS 3Concorto Film Festival (Italy)Mostra Livre de Animação Contemporânea - RecifeMostra Nacional do Dia Internacional da Animação 201022ª Mostra do Audiovisual Paulista IV Festival Olho de Vidro 17ª Mostra de Video da FACOM - FAAP Kino Olho International Independent Film Festival (FIIK),"IV Festival Olho de Vidro - vencedor na categoria de Melhor Animação, também sendo indicado para Melhor Direção de Arte, Melhor Montagem e Melhor Trilha Sonora.17ª Mostra de Video da FACOM - FAAP - vencedor de Melhor Filme - Entretenimento",,Curta-metragem
1247,Secos & Molhados,Armando Mendz,Brasil,2001,29,Natora Produções,Não informado,Vencedor do Concurso de Documentários do MinC - 1999Vencedor do Prêmio de Melhor Vídeo do Júri Popular na 4ª Mostra de Cinema de Tiradentes – 2001Vencedor do Prêmio de Melhor Vídeo – Mostra Curta Minas 2001,,Curta-metragem
1248,Oxicianureto de Mercúrio,André Carrera,Brasil,2008,15,Camisa Listrada ,Primeiro Plano (2008) 8° Goiânia Mostra Curtas (2008)13° FAM - Florianópolis Audiovisual Mercosul (2009)V Mostra Imagem dos Povos (2009),Prêmio de Melhor Ator - Primeiro Plano (2008),,Curta-metragem
1249,Cheirosa,Carlos Segundo,Brasil,2009,5,cass filmes,Los Angeles Brazilian Film Festival - EUAMiragem 2010 - TO8º Festcine Amazônia - AMCurta Canoa 2010 - CE4ª Mostra de Cinema do Carirí - CE1° Festival de Jericoacoara – CE13° Mostra de Cinema de Tiradentes – MG9° Goiânia Mostra Curtas – GO33º Guarnicê [mostra paralela] - MA5° Festival Nacional de Filmes até 5 min – BAMFL 2010 – Mostra do Filme Livre – RJIGUACINE – Festival de Cinema de Nova Iguaçu – RJPERPENDICULAR - III Mostra de Cinema e Vídeo do Triângulo – MGMostra Independente de São Carlos – SP1° Festival de Cinema de Ribeirão Pires - SP ,melhor trilhamelhor atriz,,Curta-metragem
1250,26 de dezembro,Carlos Segundo,Brasil,2008,13,cass filmes,San Petersgburg – RússiaBruxelas – BélgicaIII Mostra Curta Áudio Visual – Campinas – SP15° Vitória Cine Vídeo – Vitória – ESII Perpendicular – Uberlândia – MGSEDA – Semana do áudio visual – Cuiabá – MTMFL – Mostra do Filme Livre – Rio de Janeiro – RJ,Não informado,,Curta-metragem
1251,Nação,Erick Maximiano Oliveira,Brasil,2004,16,Favela Filmes - Vanessa Azevedo,-&#8203; Festival de Cinema de Cuiabá 2005;-&#8203; Mostra competitiva vídeo -&#8203; Festival de Cinema de Belém 2005; -&#8203; Mostra competitiva – 10ª Mostra Internacional do Filme Etno­grá fico 2005;-&#8203; Hútus Film Festival 2004 e 2005;-&#8203; Exibido no Canal Channel Four (Reino Unido e Irlanda) de 2005 a 2008;-&#8203; Festival Internaci onal de curtas do Rio de Janeiro Curta Ci­nema 2004;-&#8203; Mostra Geração Cine Clube – Festival do Rio 2005;,-&#8203; Me lhor vídeo júri ofi cial -&#8203; Fes tival de Ci nema de Cuiabá 2005;,,Curta-metragem
1252,Consciente Irracional,Erick Maximiano Oliveira,Brasil,2004,15,Favela Filmes - Vanessa Azevedo,-&#8203; Seleção oficial do 1o Festival de Países de língua Portuguesa Cine Port 2005;-&#8203; Seleção oficial do 2º Festival de Cinema de Belém 2005;-&#8203; Seleção oficial do Festival do Livre Olhar Flô 2005 (Porto Alegre);-&#8203; Seleção oficial do Festival de Cinema de Var ginha 2005 (MG);,Não informado,,Curta-metragem
1253,Papo de Botequim,Allan Ribeiro,Brasil,2004,20,Universidade Federal Fluminense,"Curta Cinema 2005, Curta-SE – Sergipe 2005, FBCU, Gramado Cine Vídeo 2004, NÓIA 2004 – Fortaleza, Panorama Latino-americano – FAAP – SP 2004, Videvídeo 2005 – UFRJ.",-Melhor documentário vídeo no 5o Curta-SE – Sergipe 2005-XXII Gramado Cine Vídeo 2004: Melhor documentário TV Universitária.-Melhor vídeo documentário no NÓIA 2004 – Fortaleza.-Melhor roteiro de documentário no NÓIA 2004 – Fortaleza.-Melhor filme segundo o público no Chico – Tocantins 2004.-Menção honrosa de melhor documentário no Chico – Tocantins 2004.-Melhor montagem no 1o Panorama Latino-americano – FAAP – SP 2004.-Melhor documentário segundo o público no Videvídeo 2005 – UFRJ-2o lugar do júri técnico no Videvídeo 2005 – UFRJ,,Curta-metragem
1254,Quebradeiras de Coco de Babaçu,Evaldo Mocarzel,Brasil,2008,27,Casa Azul Produções Artísticas,Não informado,Não informado,,Curta-metragem
1255,Boca a Boca,Allan Ribeiro,Brasil,2003,17,Universidade Federal Fluminense,"Festival Internacional de Curtas de SP, Gramado, Brasília, Cine PE, Goiânia, Curta-SE, Tóquio, FBCU, Comunicurtas. ","-Prêmio especial Júri - melhor curta 16mm - Festival Cine-PE Recife 2004.-Menção honrosa do Prêmio Revelação no Festival Internacional de Curtas de SP 2003, -Prêmio (melhor filme com início, meio e fim) do Cineclube “Cachaça Cinema Clube”, no FBCU 2003. -1o lugar (juri popular) - Festival Comunicurtas - Campina Grande- Melhor atriz - Festival Comunicurtas - Campina Grande- Premio do jornal A Margem - Festival Comunicurtas - Campina Grande-2o lugar no júri popular em Taguatinga 2003, -3o lugar no júri popular no FBCU – RJ 2003, -Melhor roteiro no III FESTCINE – BH 2004.-menção honrosa no Vide-Vídeo 2003.",,Curta-metragem
1256,Ensaio de cinema,Allan Ribeiro,Brasil,2009,15,3 Moinhos Produções,"Festival de Huesca (Espanha), Cine Ceará, Festival de Brasília, Festival Cine PE, Vitória Cine Vídeo, Festival Iguacine, Cinesul.","Prêmio Cacho Pallero, no 38o Festival de Huesca (Espanha)Melhor Filme 35mm - 20o Cine CearáPrémio da Cíitica - 20o Cine CearáMelhor Roteiro - 20o Cine CearáMelhor Ator - 20o Cine CearáMelhor Filme Digital - 42º Festival de BrasíliaMelhor Direção – 14o Festival Cine PEPrêmio ABD – 14o Festival Cine PEMelhor Ficção Digital - 16º Vitória Cine VídeoMelhor Filme no 3o Festival Iguacine. Melhor Direção no 3o Festival Iguacine.Melhor Direção - 5º Festival de Atibaia - SPMelhor Roteiro - 5º Festival de Atibaia - SPMelhor Ator - 5º Festival de Atibaia – SPMenção Honrosa – Festival Iberoamericano Cinesul 2010Melhor Ficção - Troféu Marcelo Grassmann - SP",,Curta-metragem
1257,Senhoras,Allan Ribeiro,Brasil,2002,17,UFF,"Jornada da BahiaSanta Maria (RS)Festival da Paraíba, FENARTFBCUFESTCINE – BH","-Melhor documentário em vídeo no Festival da Paraíba, FENART 2002.-Melhor roteiro para documentário, Festival da Paraíba, FENART 2002.-Prêmio de público (melhor vídeo), Festival Universitário RJ 2002.-Menção honrosa no III FESTCINE – BH 2004.",,Curta-metragem
1258,Samba de quadra,Gustavo Mello e Luiz Ferraz,Brasil,2009,17,Bossa Nova Films,"• É Tudo Verdade – 14º Festival Internacional de Documentários de São Paulo - 2009 - SP - Brail • 13º FAM - Florianópolis Audiovisual Mercosul - 2009 – SC - Brasil• 6º Festival de Cinema de Maringá - 2009 – PR - Brasil • 7º VLAFF – Vancouver Latin American Film Festival - 2009 - Canadá• 20º Festival Internacional de Curta-metragens de São Paulo - 2009 – SP - Brasil• 4º DOCSDF – Festival Internacional de Cine Documental de la Ciudad de Mexico - 2009 - DF - México• 3º Curta Cabo Frio - 2009 – RJ - Brasil• 9º Goiânia Mostra Curtas - 2009 – GO - Brasil• Grand Off Award - 2009 - Varsóvia - Polônia• Saint-Petersburg International Youth Film Festival - 2009 - Rússia• Curta Cinema - 2009 – RJ – Brasil• 8º Discovering Latin America Film Festival - 2009 - Londres - Inglaterra• 16º Vitória Cine Vídeo – 2009 - ES - Brasil• Festival Manuel Padeiro de Cinema e Animação - 2010 - RS - Brasil• 1º Festival de Cinema de Ribeirão Pires "" Um Novo Olhar"" - 2010 - SP - Brasil• 2º IN-EDIT BRASIL, Festival Internacional do Documentário Musical - 2010 - SP - Brasil",Melhor Fotografia em Curta-metragem 35mm no FAM - Florianópolis 2009Melhor Documentário em Película no Curta Cabo Frio 2009Melhor Fotografia em Película no Curta Cabo Frio 2009Melhor Curta 35mm no Festival de Cinema de Maringá 2009 Melhor Produção no Vitória Cine Video 2009,,Curta-metragem
1308,Emprego temporário,LEONARDO ESTEVES,Brasil,2007,5,Leonardo Gomes Esteves,- Curta Cinema 2007- 19 Festival Internacional de Curtas metragens de São Paulo- II Vale Curtas- Curta-se- Cinesul- Petrobrás Curta as Seis,- Premio Porta Curtas no 19 Festival Int. de Curtas de São Paulo- Melhor filme Experimental no  II Vale Curtas,,Curta-metragem
1259,Vira Vira (Of. Kino),"Claudinei Alves de Souza, Andr&eacute; Oliveira &amp; Manuel Vanderlei Pinto Ara&uacute;jo e Oficinas Kinoforum",Brasil,2001,6,Associação Cultural Kinoforum,Não informado,Não informado,,Curta-metragem
1260,Super-gato contra o apagão,"Lu&iacute;s Cl&aacute;udio de Brito, F&aacute;bio Jos&eacute; Novaes, D&acirc;fnis Alessandro, Magno Evans &amp; Di&oacute;genes Pires da Silva",Brasil,2001,5,Associação Cultural Kinoforum,"Festival Brasileiro de Cinema Universitário, 2002",Não informado,,Curta-metragem
1261,Armando o Barraco (Of. Kino),"Rodrigo Valadares, Danilo Barretos, Fabiano Oliveira, Adriana Freitas, Geonilson Dantas, Fabio Dantas",Brasil,2003,7,Associação Cultural Kinoforum,"Toronto Latino Film & Video Festival, 2003; Tangolomango 2004 – Mostra de Vídeo Popular; Tampere 36th Short Film Festival 2006 - Mundo Brasil 3: Kinoforum Workshops; 11º Festival Brasileiro de Cinema Universitário – Mostra Oficinas, 2006; 8ª Mostra Londrina de Cinema, 2006.",Não informado,,Curta-metragem
1262,A favela é assim ,"Thiago Bispo, Bruno Augusto, Dereck Denis, Pablo Ferreira  e Adeilton Pereira",Brasil,2003,4,Associação Cultural Kinoforum,"Toronto Latino Film & Video Festival, 2003; Tangolomango 2004 – Mostra de Vídeo Popular.",Não informado,,Curta-metragem
1263,Cão de fogo (Of. Kino),"Vanice  Deise, Eder Augusto, Leandro Martins, M&aacute;rcio Goulart,  Dimas Reis e Vagner Santana",Brasil,2003,5,Associação Cultural Kinoforum,"Tangolomango 2004 – Mostra de Vídeo Popular; CineEsquemaNovo # 6, 2004; Toronto Latino Film & Video Festival, 2003; Mostra de Curta Metragem de Ilha Comprida/2006.",Não informado,,Curta-metragem
1264,Gestando (Of. Kino),"Fernanda Mendes, Fausto Felix, Marcia B. dos Santos, Eliane Borges, Eliz&acirc;ngela Almeida e Marta Silva",Brasil,2003,6,Associação Cultural Kinoforum,"Mostra do Audiovisual Paulista 2004; 13º Mostra Curta Cinema, 2003; Tangolomango 2004 – Mostra de Vídeo Popular; III MoVA Caparaó - Mostra de Vídeo Ambiental do Caparão 2006; Tampere 36th Short Film Festival 2006 - Mundo Brasil 3: Kinoforum Workshops; 11º Festival Brasileiro de Cinema Universitário – Mostra Oficinas, 2006.",Não informado,,Curta-metragem
1265,Gritos da alma (Of. Kino),Carlos Pereira Jr.; Daniela dos Santos; &Eacute;lcio Freitas; Priscila Pereira; S&eacute;rgio Luiz.,Brasil,2005,5,Associação Cultural Kinoforum,"16º Festival Internacional de Curtas Metragens de São Paulo; 3º lugar na 20ª Mostra de Vídeo de Santo André; Onda Cidadã no Itaú Cultural, 2006; Festival Visões Periféricas, prêmio na categoria Critica Social. ",Não informado,,Curta-metragem
1266,Filhos do trem ,Fernanda Benichio; Marcelo Domingues; Reinaldo Silva; Leonardo Rodrigues.,Brasil,2005,5,Associação Cultural Kinoforum,"16º Festival Internacional de Curtas-Metragens de São Paulo; Onda Cidadã no Itaú Cultural, 2006; Gramado Cine Vídeo, 2006 - Prêmio de Incentivo do Júri; 20ª Mostra de Vídeo de Santo André; 29º The Norwegian Short Film Festival, 2006, CineCufa 2007; Mostra Brésil en Mouvements, junho/2008.",Não informado,,Curta-metragem
1267,O lado B da periferia (Of. Kino),Andr&eacute;a Ramos da Concei&ccedil;&atilde;o; Bruno Viana do Nascimento; Fabiano Leite da Silva; Jacy Sousa Guedes; Jonathan Saraiva.,Brasil,2005,5,Associação Cultural Kinoforum,"9 ª Mostra de Cinema de Tiradentes; Onda Cidadã no Itaú Cultural, 2006; Tampere 36th Short Film Festival 2006 - Mundo Brasil 3: Kinoforum Workshops; 11º Festival Brasileiro de Cinema Universitário – Mostra Oficinas, 2006.",Não informado,,Curta-metragem
1268,"Dói, mas passa (Of. Kino)",Cristiane Guterres; Elaine de Oliveira Pereira; Eliana Lotifo Monzano; Rog&eacute;rio Paulo de Souza; Tiago Luna.,Brasil,2005,5,Associação Cultural Kinoforum,"Programa Oficinas Brasileiras no Curta Cinema 2005; 9 ª Mostra de Cinema de Tiradentes/2006; Mostra de Cinema Paineiras, 2006 Jundiaí/SP; III MoVA Caparaó - Mostra de Vídeo Ambiental do Caparão 2006; Onda Cidadã no Itaú Cultural, 2006; Tampere 36th Short Film Festival 2006 - Mundo Brasil 3: Kinoforum Workshops; 11º Festival Brasileiro de Cinema Universitário – Mostra Oficinas, 2006; 8ª Mostra Londrina de Cinema, 2006.",Não informado,,Curta-metragem
1269,Como se rouba a cena no cinema (Of. Kino),"Luis Tadeu Carraca, Marcele Guerra, Ot&aacute;vio Augusto; Rafael Ferreira",Brasil,2006,6,Associação Cultural Kinoforum,"17º  Festival Internacional de Curtas-Metragens de São Paulo; 20º Mostra do Audiovisual Paulista, 2006; 10ª Mostra de Cinema de Tiradentes, 2006. 8° Festivalzinho – “Vitória Cine Vídeo” 2007, Cine Galpão Itinerante – “Vitória Cine Vídeo” 2007.3º Festival de Jovens Realizadores do MERCOSUL,2007.",Não informado,,Curta-metragem
1270,Vê se você escuta! (Of. Kino),Celso Ricardo da Trindade; Eduardo S. de Paulo; Janilson Aparecido da Silva; Jos&eacute; Jac&oacute; Lucas da Silva; Rodrigo Roberto do Nascimento.,Brasil,2006,4,Associação Cultural Kinoforum,"17º Festival Internacional de Curtas-Metragens de São Paulo; 20º Mostra do Audiovisual Paulista, 2006; 10ª Mostra de Cinema de Tiradentes, 2006, Festival Visões Periféricas, menção afetiva. 2007.",Não informado,,Curta-metragem
1271,Bala na cabeça,Cristiano Abud,Brasil,2009,14,Abuzza Filmes,XXIV FESTIVAL DEL CINEMA  LATINO AMERICANO – TRIESTE 13° FESTIVAL DE CINEMA DE TIRADENTES 26TH ANNUAL CHICAGO LATINO FILM FESTIVAL CURTAMAZÔNIA 2010 ,Não informado,,Curta-metragem
1272,Mato ou morro (Of. kino),Fabio Ferreira dos Santos; Kleber Araujo Cavalcanti Fraga; Michel Alfredo de Mouro; Vanessa Luzia Lima; Wanessa Neves da Silva.,Brasil,2006,5,Associação Cultural Kinoforum,"20º Mostra do Audiovisual Paulista, 2006; 10ª Mostra de Cinema de Tiradentes, 2006.",Não informado,,Curta-metragem
1273,Raiz Pankararu (Of. Kino),"Alan George de Souza, Edcarlos Pereira do Nascimento, Kellin Greize Segalla Fornita, Tarcisio Henrique Nascimento.",Brasil,2006,8,Associação Cultural Kinoforum,"17º Festival Internacionao de Curtas-Metragens de São Paulo; Curta Cinema 2006, 20º Mostra do Audiovisual Paulista, 2006; 10ª Mostra de Cinema de Tiradentes, 2006; Festival Visões Periferias, menção afetiva, 2007; 3º Festival de Jovens Realizadores do MERCOSUL,2007.",Não informado,,Curta-metragem
1274,Na visão dos Pankararu (Of. Kino),"Deise Mary da Cruz, Eliene Santos Silva, Sidney Bezerra Batalha, Taciane Maria do Nascimento.",Brasil,2006,6,Associação Cultural Kinoforum,"20º Mostra do Audiovisual Paulista, 2006.",Não informado,,Curta-metragem
1275,Especiais (Of. Kino),"C&iacute;cero do Santos, Divani Natcha de Toledo, Fab&iacute;ola Chaves Barros, Sandro Acr&iacute;sio.",Brasil,2006,6,Associação Cultural Kinoforum,"20º Mostra do Audiovisual Paulista, 2006; 10ª Mostra de Cinema de Tiradentes, 2006",Não informado,,Curta-metragem
1276,Paixão fulminante (Of. Kino),"Jaqueline Ramos da Silva, Izabela Machado Alves de Lima, Luciana Paulino da Silva, Rafael Rocha dos Santos, Vitor Calazans.",Brasil,2006,5,Associação Cultural Kinoforum,"20º Mostra do Audiovisual Paulista, 2006; 10ª Mostra de Cinema de Tiradentes, 2006, CurtaSe 6, 2006.",Não informado,,Curta-metragem
1277,Do sertão á garoa (Of. Kino),"F&aacute;tima Melo, Jos&eacute; Ricardo de Moura, Josenaldo de Freitas, Mar&iacute;lia Ara&uacute;jo, Suely Sales.",Brasil,2007,6,Associação Cultural Kinoforum,": 18º Festival Internacional de Curtas Metragens de São Paulo; XV Festival de Vídeo de Teresina – FESTVIDEO, 2007.",Não informado,,Curta-metragem
1278,P... Que pariu! (Of. Kino),"Fernando Faria Freitas, Paulo Franco de Camargo, Rodrigo L. de Souza, Rog&eacute;rio Novaes",Brasil,2007,5,Associação Cultural Kinoforum,"18º Festival Internacional de Curtas Metragens de São Paulo, 1º Festival de Curtas de Mairiporã; Mostra Ticket de Cinema Brasileiro nas Periferias, 2007.",Não informado,,Curta-metragem
1279,Pelas calçadas (Of. Kino),"Nick Douglas de Morais Moreira, Lucas Maia Gon&ccedil;alves, David Duarte da Silva, Wictor Miranda Lima, Jessica Cavalcante Santos",Brasil,2008,6,Associação Cultural Kinoforum,"19º Festival Internacional de Curtas-Metragens de São Paulo, 2008.",Não informado,,Curta-metragem
1280,O segredo das armas (Of. Kino),"Ana Paula Quintino de Oliveira, Patr&iacute;cia Cardoso Rodrigues, Fernanda Dantas Turvollo, Reginaldo Gomes Inoc&ecirc;ncio.",Brasil,2008,5,Associação Cultural Kinoforum,"19º Festival Internacional de Curtas-Metragens de São Paulo, 2008.",Não informado,,Curta-metragem
1281,Baianinho (Of. Kino),Marcio Jose Moreno,Brasil,2008,9,Associação Cultural Kinoforum,"19º Festival Internacional de Curtas-Metragens de São Paulo, 2008.Favela é Isso aí, 2009.",Não informado,,Curta-metragem
1282,Sortudo!? (Of. Kino),Gustavo Henrique da Silva Ribeiro,Brasil,2008,10,Associação Cultural Kinoforum,"19º Festival Internacional de Curtas-Metragens de São Paulo, 2008; Cinefavela 2008, Prêmio CineFavela de Curta Metragem. Favela é Isso ai, 2009.",Não informado,,Curta-metragem
1283,Pêmba (Of. Kino),Thiago Alberto Oliveira da Silva,Brasil,2008,11,Associação Cultural Kinoforum,"19º Festival Internacional de Curtas-Metragens de São Paulo, 2008.",Não informado,,Curta-metragem
1284,OPS...! (Of. Kino),"Deise Silva, Juliete Bernardo, Marcela Diniz, Rodrigo Souza",Brasil,2009,4,Associação Cultural Kinoforum,"20º Festival Internacional de Curtas-Metragens de São Paulo, 2009.",Não informado,,Curta-metragem
1285,Enchente - Reflexão dos seus atos (Of. Kino),"Magda Gon&ccedil;alves, Michael de Jesus, Paulo Cardoso, William Nunes",Brasil,2009,4,Associação Cultural Kinoforum,"20º Festival Internacional de Curtas-Metragens de São Paulo, 2009.MOSCA 6 – Mostra Audiovisual de Cambuquira",Não informado,,Curta-metragem
1286,Voz do Torcedor (Of. Kino),"Danieli Barboza, C&iacute;cero Tiago, Nat&aacute;lia dos Santos, Patr&iacute;cia Tavares",Brasil,2009,5,Associação Cultural Kinoforum,"20º Festival Internacional de Curtas-Metragens de São Paulo, 2009",Não informado,,Curta-metragem
1287,Pronto pra recomeçar (Of. Kino),Deborah Azevedo; Rafael Azevedo; Renato Ramos; Talita Ap. Ribeiro; Williams Martins.,Brasil,2006,6,Associação Cultural Kinoforum,"20º Mostra do Audiovisual Paulista, 2006; 10ª Mostra de Cinema de Tiradentes, 2006, CurtaSe 6, 2006; 3º Festival de Jovens Realizadores do MERCOSUL,2007.",Não informado,,Curta-metragem
1288,Acorda! (Of. Kino),Aline de O. dos Santos; Camila de Carvalho Alves; Karina Cristaldo do Nascimento; Regis Talles de Lima; Vanessa Domingues Sobral.,Brasil,2006,5,Associação Cultural Kinoforum,"20º Mostra do Audiovisual Paulista, 2006; 10ª Mostra de Cinema de Tiradentes, 2006; 3º Festival de Jovens Realizadores do MERCOSUL,2007.",Não informado,,Curta-metragem
1289,X-Lobo (Of. Kino),"Deivison dos Santos, Felipe A. C. Lacerda, Felipe Fortes da Silva M. dos Santos, Rafael Fortes Silveira.",Brasil,2006,5,Associação Cultural Kinoforum,"20º Mostra do Audiovisual Paulista, 2006",Não informado,,Curta-metragem
1290,Sampa isso é sampismo (Of. Kino),"Amanda Aparecida de Melo, Ana Clara da Costa, Diego Batista Rodrigues, Jos&eacute; Fernando Gon&ccedil;alves, Flavio Andrade da Silva, Waldiael Braz Silva.",Brasil,2006,5,Associação Cultural Kinoforum,"20º Mostra do Audiovisual Paulista, 2006.",Não informado,,Curta-metragem
1291,Memórias de uma vida (Of. Kino),Djavam R Silva; J&eacute;ssica Danielle Hon&oacute;rio; Luziane D. Oliveira; Marielle B. Alves; Michelle N. Santos.,Brasil,2006,5,Associação Cultural Kinoforum,"20º Mostra do Audiovisual Paulista, 2006.",Não informado,,Curta-metragem
1292,Tribos (Of. Kino),"Elen Cristina de Marselha Silva, Glauber Alves da Silva, Juliana Cristina de Moura, Max Paulo da S. Fonseca, Paula Schnaider de Oliveira.",Brasil,2006,6,Associação Cultural Kinoforum,"20º Mostra do Audiovisual Paulista, 2006",Não informado,,Curta-metragem
1293,O enredo do meu samba,"Ad&iacute;lio Gon&ccedil;alves, Luiz Paulo da Silva, Paulo Henrique da Costa, Rafael Rodrigo de Araujo Veira, Wellington Valdevino Nobero",Brasil,2007,5,Associação Cultural Kinoforum,18º Festival Internacional de Curtas Metragens de São Paulo.,Não informado,,Curta-metragem
1294,Roda Baiana! (Of. Kino),"Cristina Adelina de Assun&ccedil;&atilde;o, Danilo Cruz Dainezi, Dilvania Ferreira de Santana, Fernanda dos Santos Ribeiro.",Brasil,2007,5,Associação Cultural Kinoforum,"18º Festival Internacional de Curtas Metragens de São Paulo, XV Festival de Vídeo de Teresina – FESTVIDEO, 2007, 1º Festival da cidade de Nova Iguaçu -IGUACINE, 2008, 21ª Mostra do audiovisual Paulista 2008.",Não informado,,Curta-metragem
1295,O resgate de Perus (Of. Kino),"C&aacute;tia Borges, Diane Dourado, L&aacute;zaro Reis, Talita Maria da Silva, Thays Souza.",Brasil,2007,5,Associação Cultural Kinoforum,18º Festival Internacional de Curtas Metragens de São Paulo.,Não informado,,Curta-metragem
1296,O mingau que virou tutu (Of. Kino),"Carlos Augusto Rodrigues, Eduardo Lisboa, Fabio Oliveira, Jorge Aparecido, Ricardo Vieira, Richelio Pereira.",Brasil,2007,5,Associação Cultural Kinoforum,18º Festival Internacional de Curtas Metragens de São Paulo.,Não informado,,Curta-metragem
1297,Vitrine do prazer (Of. Kino),"Andr&eacute;ia Franco, Loane Cibele, Regina Albano, Thais Silvestre.",Brasil,2007,6,Associação Cultural Kinoforum,"18º Festival Internacional de Curtas Metragens de São Paulo 2007, 21ª Mostra do audiovisual paulista 2007, 7ª Mostra do filme livre 2008, Mostra Taguatinga 2008.",Não informado,,Curta-metragem
1298,Contrariando as estatísticas (Of. Kino),"Evandro S. Alves, Heloisa Pereira Cassiano, Let&iacute;cia Rodrigues Faustino Gomes, Rafael H. Carmargo, Sabrina Santos Costa.",Brasil,2007,5,Associação Cultural Kinoforum,18º Festival Internacional de Curtas Metragens de São Paulo.,Não informado,,Curta-metragem
1299,Auto de azar (Of. Kino),"Aline Silva, Diego Lemos de Jesus, Ewerton Luiz, Lidiane Martins Ferreira, Renata Agudo, Robson Lima",Brasil,2007,5,Associação Cultural Kinoforum,18º Festival Internacional de Curtas Metragens de São Paulo.,Não informado,,Curta-metragem
1300,Chapeuzinho controverso (Of. Kino),"Lilian Pires Penha, Yasline Domingos Felix, Yasmin Cristina Domingos Felix.",Brasil,2007,5,Associação Cultural Kinoforum,18º Festival Internacional de Curtas Metragens de São Paulo.,Não informado,,Curta-metragem
1353,Na casa ao lado ,Naiara Rimoli,Brasil,2010,6,Não informado,Não informado,Não informado,,Curta-metragem
1354,Direita é a mão que você escreve,Paula Santos,Brasil,2009,15,PUC-Rio,"Curta Cinema 2009 (RJ)FAM 2010 (Florianópolis- SC) 9ª Mostra de Cinema Infantil de Florianópolis 2010 (SC) FBCU - Festival Brasileiro de Cinema Universitário 2010 (Rio de Janeiro-RJ) 21o. Festival Internacional de Curtas Metragens de São Paulo- 2010 (SP)Perro Loco 2010 (Goiânia- GO)Cinema com Farinha 2010 (Patos, PB)Primeiro Plano 2010 ( Juiz de Fora- MG)Festival Manuel Padeiro 2010 (Pelotas- RS)Festival Goiamum Audiovisual 2010 (Natal – RN)Cine Festival Inconfidentes 2010 (Ouro Preto- MG)Mostra Cinema no Sertão 2010 (Patos- PB) ",Prêmio de Melhor Curta do Panorama Carioca pelo Júri Popular- Curta Cinema 2009Prêmio de Melhor Direção Arte na Mostra Curtas em Vídeo - FAM 2010Prêmio Melhor Curta pelo Júri Popular Infantil- Primeiro Plano 2010,,Curta-metragem
1302,Contos da gruta (Of. Kino),"Aline Cristiane Vieira da Costa, Andr&eacute; Aquiles Pereira Giannicario, Leonardo Silva, Maiza da Mota Castro, Nattana Vaz Costa, Priscila Tomas de Sena.",Brasil,2008,5,Associação Cultural Kinoforum,"19º Festival Internacional de Curtas-Metragens de São Paulo, 2008.",Não informado,,Curta-metragem
1303,Transtorno (Of. Kino),"Barbara Lucia Abreu Siqueira, Gislaine Camila Duarte, Leandro Mendes Bassi, Luana Veira de Oliveira.",Brasil,2008,5,Associação Cultural Kinoforum,"19º Festival Internacional de Curtas-Metragens de São Paulo, 2008.",Não informado,,Curta-metragem
1304,De repente E.T (Of. Kino),"J&eacute;ssica Nayara Coelho Gomes, Jo&atilde;o Vitor Alves da Rocha, Mariane Barroquel Silva, Mariane Luiza Zuim, Nath&aacute;lia Ang&eacute;lica Silva. ",Brasil,2008,5,Associação Cultural Kinoforum,"19º Festival Internacional de Curtas-Metragens de São Paulo, 2008.",Não informado,,Curta-metragem
1305,verAcidade? (Of. Kino),"Anamaria Ferreira Lucena, Fernando Augusto Pavam, Luana da Fonseca Roque, Melissa Maciel Cenachi, Paloma Rabassi.",Brasil,2008,5,Associação Cultural Kinoforum,"19º Festival Internacional de Curtas-Metragens de São Paulo, 2008.Mostra Geração, 2009.",Não informado,,Curta-metragem
1306,Fazenda Ermida,"Gabriel da Silva Gergye, Jo&atilde;o Marcos Lacerda dos Santos, Luis Eduardo Cardoso Carreiro, Magnilson Reis Marcos, Ot&aacute;vio Aparecido Bernardes. ",Brasil,2008,4,Associação Cultural Kinoforum,"19º Festival Internacional de Curtas-Metragens de São Paulo, 2008.",Não informado,,Curta-metragem
1307,"Bom dia, meu nome é Sheila, ou Como trabalhar em telemarketing e ganhar um vale-coxinha",Angelo Defanti,Brasil,2009,17,Sobretudo Produção,"Festival do Rio 2009 – Mostra Competitiva – Prêmio Porta Curtas; Melhor Filme – II Curta Copa 2009, Prêmio Luis Espinal na 5ª Mostra CineTrabalho/Marília; Seleção do Curta-SE – Festival Íberoamericano de Cinema de Sergipe, da Mostra de Cinema de Marília 2010, do do Santa Maria Cine Vídeo 2009, Araribóia Cine 2009, do 3º Festival de Cinema de Triunfo/PE 2010, do 3º MIAU 2010, do Festival de Cinema de Campo Grande 2010, do 7º Cinedocumenta de Ipatinga 2010, do II Festival do Filme Etnográfico do Recife 2010, da FAT 2.0 - Festival de Artes e Tecnologia 2010 – Campo Grande/MS, do Festcine Amazônia 2010 – Porto Velho/RO, do Festival de Cinema de Ribeirão Pires 2010, do 15º FBCU, do 3º Entretodos 2010 – Festival de Curtas de Direitos Humanos/SP, da 1ª Mostra Curta Sertão 2010 – Olinda/PE, do Festival de Arte e Tecnologia 2.0 – Campo Grande/MS, do IV Curta Cabo Frio/RJ 2010, III Curta Taquary/PE 2010, da Mostra de Ourinhos 2009, do 1º Festival Nacional de Cinema de Petrópolis 2010, do 3º Curta Jacaré 2010, da Mostra do Filme Livre 2010, do MOSCA 6 – Mostra Audiovisual de Cambuquira/MG 2010, do Curta Carajás 2009 e do III Festival do Filme Etnográfico do Recife 2011.","Festival do Rio 2009 – Mostra Competitiva – Prêmio Porta Curtas; Melhor Filme – II Curta Copa 2009, Prêmio Luis Espinal na 5ª Mostra CineTrabalho/Marília; Seleção do Curta-SE – Festival Íberoamericano de Cinema de Sergipe, da Mostra de Cinema de Marília 2010, do do Santa Maria Cine Vídeo 2009, Araribóia Cine 2009, do 3º Festival de Cinema de Triunfo/PE 2010, do 3º MIAU 2010, do Festival de Cinema de Campo Grande 2010, do 7º Cinedocumenta de Ipatinga 2010, do II Festival do Filme Etnográfico do Recife 2010, da FAT 2.0 - Festival de Artes e Tecnologia 2010 – Campo Grande/MS, do Festcine Amazônia 2010 – Porto Velho/RO, do Festival de Cinema de Ribeirão Pires 2010, do 15º FBCU, do 3º Entretodos 2010 – Festival de Curtas de Direitos Humanos/SP, da 1ª Mostra Curta Sertão 2010 – Olinda/PE, do Festival de Arte e Tecnologia 2.0 – Campo Grande/MS, do IV Curta Cabo Frio/RJ 2010, III Curta Taquary/PE 2010, da Mostra de Ourinhos 2009, do 1º Festival Nacional de Cinema de Petrópolis 2010, do 3º Curta Jacaré 2010, da Mostra do Filme Livre 2010, do MOSCA 6 – Mostra Audiovisual de Cambuquira/MG 2010, do Curta Carajás 2009 e do III Festival do Filme Etnográfico do Recife 2011.",2009-09-28,Curta-metragem
1309,Restos,cristina maure e Pablo Lobato,Brasil,2003,11,Não informado,"01 - 14º São Paulo International Short Film Festival, Brasil 200302 - 3ª Mostra Curta Minas – Belo Horizonte, Brasil 200303 - 9º Rio de Janeiro International Short Film Festival 200304 - Fluxus, 4º International Film Festival on the internet 200305 - 7ª Mostra de Cinema de Tiradentes – MG – Brasil – 200406 - Mostra do Filme Livre, Rio de Janeiro – Brasil - 200407 - 7º Cine las Américas - International film Festival - Austin – Texas – 200408 - 3º Ecocine – Fest. Nac. de Cinema e Vídeo Ambiental – S. Sebastião - SP - 200409 - Curta-se Festival Brasileiro de Curtas Metragens de Aracaju - 200410 - 8 º Florianópolis Audiovisual Mercosul - FAM 200411 - Catarina Festival de documentários - 200412 - 1ª Mostra Angracine – Angra dos Reis – 200413 - Festival de Curtas de Goiânia - 200414 - Cine Amazônia – Mostra de Cinema e Vídeo Ambiental - Rondônia - 200415 - Les Ecrans Documentaires – França – 200416 - Festival Guarnicê – São Luis do Maranhão – 200517 - MoVa – Festival Ambiental Caparao – ES – 200518 - Mostra Nacional de Vídeo Ecológico – Mato Grosso - 200519 - 7th morbegno film festival – Itália – 200520 – Festival de Documentários de Maringá – PR – 2005",01 - Melhor Documentário no 8º Florianópolis Audiovisual Mercosul 2004;02 - Melhor Edição no Catarina Festival de Documentário 2004;03 - Melhor Trilha Sonora no Cararina Festival de Documentário 2004;04 - Melhor Filme pelo jurí popular no Catarina Festival de Documentário 2004;05 – Menção Honrosa - II MoVA Caparao – Mostra de Vídeo Ambiental – ES - 2005,,Curta-metragem
1310,Rio de Mulheres,cristina maure e Joana Oliveira,Brasil,2009,21,Vaca Amarela Produções Multimidia LTDA,_ Gramado Cine Vídeo – Gramado – Brasil - 2009_ ForumDoc BH – 13º Fest. Do filme Doc. e Etnográfico - 2009_ Mostra de Cinema de Tiradentes – 2010 _ FELCO – Festival Latino de La Clase Obrera – Palácios das Artes – 2010_ Cine Documenta – 7ª mostra de cinema doc.de Ipatinga – 2010_ BAFF – Bahia Afro Film Festival – 2010 _ FEMINA – Femina Festival – Rio de Janeiro - Brasil_ Cinesul 2010– Festival Ibero Americano – Rio de Janeiro –2010_ 33º Festival do Guanircê – São Luis Maranhão - 2010,Melhor documentário Gramado Cine Video – 2009Melhor direção BAFF – Bahia – 2010Melhor Fotografia – BAFF – Bahia – 2010Melhor curta – BAFF – Bahia – 2010Melhor filme do Festival – BAFF – Bahia - 2010,,Curta-metragem
1311,Eixo,Uliana Duarte,Brasil,2010,18,nonanuvem filmes,VIII ABD CINE GOIÁS5ª Mostra de Cinema de Ouro Preto (cineOP),Não informado,2010-03-29,Curta-metragem
1312,O apito,Alan Minas,Brasil,2000,5,Caraminhola Produções Artística LTDA.,Festival Cine Flô; Festival 5 minutos Bahia;,Não informado,,Curta-metragem
1313,"Thomaz Farkas, brasileiro",Walter Lima J&uacute;nior,Brasil,2004,16,Urca Filmes,Festival Internacional de Curtas de São Paulo; Festival Internacional de Curtas do Rio de Janeiro;RECINE; Festival Cinedocumenta; Festival do Uruguay 2005; Festival de Curtas de Belo Horizonte,Prêmio de Melhor Edição para Renato Martins no festival RECINE 2004,,Curta-metragem
1314,Alguém tem que honrar essa derrota!,LEONARDO ESTEVES,Brasil,2009,7,Filmes da Garotada,- 20º Festival Internacional de Curtas-metragens de São Paulo- 9ª Goiânia Mostra Curtas- Curta Cinema 2009 - Festival Internacional de Curtas-metragens do Rio de Janeiro- Vale OpenAir - 2009- VIII Araribóia Cine - Festival de Niterói- 16º Vitória Cine Vídeo- 4ª Mostra de Cinema de Itabira - 35ª Curta nas Telas (Porto Alegre)- 13ª Mostra de Cinema de Tiradentes- 9ª Mostra do Filme Livre- 1ª CineIpoema - Mostra de Cinema de Ipoema- 38º Festival Internacional de Cine de Huesca (Espanha)  - Mostra Clássicos Brasileiros em P&B (Caixa Cultural - RJ) - Cinesul 2010 - Festival Latino-Americano de Cinema e Vídeo- 14º FAM - Florianópolis Audiovisual Mercosul- 7º Festival de Cinema de Maringá (Paraná)- 3ª Mostra Outros Cinemas (Ceará) - Semana Paulistana do Curta-metragem 2010- Curta-SE 10 - Festival Íberoamericano de cinema de Sergipe,* Menção Honrosa no 16º Vitória Cine Vídeo* Prêmio de Melhor Filme na 9ª Mostra do Filme Livre,2009-08-23,Curta-metragem
1315,Multiplicadores,RENATO MARTINS,Brasil,2006,21,URCA FILMES,Não informado,Único curta-metragem beneficiado pela Seleção Patrocínios do BNDES 2004.,,Curta-metragem
1316,Achados e perdidos,EDUARDO ALBERGARIA,Brasil,2002,21,URCA FILMES,Não informado, premiado pelo Ministério da Cultura como “melhor roteiro” e no Festival de Curtas-Metragens de São Paulo com o prêmio de aquisição Canal Brasil e “Melhores do Público”.,,Curta-metragem
1317,O Apóstolo do Sertão,Laercio Filho,Brasil,2008,20,Acauã Produções Culturais,Fest Aruanda (João Pessoa - PB); Comunicurtas (Campina Grande - PB); Cinema com Farinha (Patos - PB); Mostra do Audiovisual Paraibano (UFPB/João Pessoa); Mostra Acauã do Audiovisual Paraibano e Mostra BNB de Cinema,Prêmio Zé do Norte de Cultura Sertaneja,,Curta-metragem
1318,Bailão,Marcelo Caetano,Brasil,2009,17,PaleoTV,"Festival de Brasilia, 2009; Mostra de Cinema de Tiradentes, 2010; Festival de Recife (Cine Pe), 2010; Festival de Huesca (Espanha), 2010; Festival Guarnicê - São Luis/MA, 2010; CineOP - Ouro Preto/MG 2010; FAM - Florianópolis/SC, 2010. ","Melhor curta - Festival de Recife (Cine PE), 2010Melhor montagem - Festival de Brasília, 2009Melhor curta/ABD e trilha - Festival Guarnicê, 2010Prêmio Cidadania e Diversidade, APOGLBT, 2010",2009-11-20,Curta-metragem
1319,Cão guia,Gustavo Acioli,Brasil,1999,17,Lavoro Produções,"Festival de Brasília 99, Festival do Rio 99, Festival do Recife 2000, FBCU 2000, Festival de Gramado 2000, Festival de Curitiba 2000, Vitória CineVídeo 2000, Mostra de Tiradentes 2000, Festival Guarnicê 2000, Festival de Montevidéu 2000, Festival Wie Wir Leben 2001, entre outros.","Melhor Atriz - Festival do Rio 99; Melhor Atriz, Melhor Ator e Melhor Roteiro - Festival de Brasília 99; Prêmio do Público - Festival Guarnicê 2000; Prêmio do Público e  Prêmio de Contribuição Técnica - FBCU 2000; Melhor Atriz e Prêmio Canal Brasil - Festival de Gramado 2000; Melhor Atriz e Prêmio da Crítica - Festival de Curitiba 2000; Melhor Filme e Melhor Diretor - Festival Universitário de Belo Horizonte 2000; Prêmio Especial do Júri - Festival de Montevidéu 2000.",,Curta-metragem
1320,Numa noite qualquer,Gustavo Acioli,Brasil,2001,11,Lavoro Produções,FBCU 2001; Vitória CineVídeo 2001; Festiva de Curtas de São Paulo 2001; Mostra Curta Cinema 2001.,Melhor Ator - Vitória CineVideo 2001; Menção Honrosa - FBCU 2001.,,Curta-metragem
1321,Nada a declarar,Gustavo Acioli,Brasil,2003,9,Lavoro Produções,"Festival de Brasilia 2003, Mostra Curta Cinema 2003, Cine PE 2004, Festival do Rio 2004, Festival de Curtas de SP 2004, FAM 2004, Festival de Curitiba 2004, Festival de Santa Maria da Feira 2003, Vitória CineVideo 2004; , entre outros.",Melhor Roteiro - Festival de Brasilia 2003 (em 16mm); Melhor Filme - Cine PE 2004 (em 16mm); Melhor Filme e Melhor Ator - Festival de Curitiba 2004; Melhor Filme Prêmio do Público - Festival do Rio 2004; Melhor Ator - Vitória CineVideo 2004; Melhor Filme Prêmio do Público - Festival Cine Esquema Novo 2004; Melhor Direção - FAM 2004.,,Curta-metragem
1322,Mora na Filosofia,Gustavo Acioli,Brasil,2004,9,Lavoro Produções,"Mostra Curta Cinema 2004, Festival de Belem 2005, FAM 2005, Festival de Curtas SP 2005, Festival Signes de Nuit 2005.",Não informado,,Curta-metragem
1323,As artes que vem do mar,Fl&aacute;vio C&acirc;ndido,Brasil,2008,26,Cândido&Moraes Ltda.,Nunca foi enviado a festivais.,Não informado,,Curta-metragem
1324,Um dia como hoje,Eduardo Wannmacher,Brasil,2008,9,Okna Produções e Firma Filmes,36º Festival de Cinema de Gramado - Mostra Gaúcha,"Melhor filme,roteiro,ator,atriz e montagem no 36º Festival de Cinema de Gramado - Mostra Gaúcha",,Curta-metragem
1325,Camila e o espelho,Amadeu Alban,Brasil,2010,14,Santo Forte Imagem & Conteúdo,9ª Mostra de Cinema Infantil de FlorianópolisFICI - Rio de Janeiro ,Não informado,,Curta-metragem
1326,Sensações Contrárias,Amadeu Alban,Brasil,2007,5,Santo Forte Imagem & Conteúdo, Curta Cinema - Festival Internacional de Curtas do Rio de Janeiro 2007Dança em Foco 2007Festival de Inverno de Bonito 2007,Galgo de Ouro de Melhor Vídeo Experimental no Gramado Cine Vídeo 2007,,Curta-metragem
1327,10 centavos,Cesar Fernando de Oliveira,Brasil,2007,19,Santo Forte Imagem & Conteúdo,"Brazilian Film Festival of Toronto 2008CineSul 2008Festival internacional de cine de Alcalá de Henares - Alcine 38, Espanha 2008Festival International du Court Métrage Clermont-Ferrand, França 2008Goiânia Mostra Curta 2008Mostra de Curtas do Instituto Jubarte 2008Mostra de Filmes do Fórum ""Universidade, Juventude e Diversidade"", Brasil 2008Mostra Veja Cultura de Cinema 2008Seoul International Youth Film Festival - Short Film Invited, Coréia 2008Short Film Corner - Festival de Cannes 2008Sua Nota É um Show - Cinema 2008FICA 2008Mostra Cinema Conquista 2008Mostra Paulista de Cinema Nordestino 2008",Prêmios  Melhor Ator no Festival Guarnicê de Cinema do Maranhão 2008Melhor Ficção no Festival Guarnicê de Cinema do Maranhão 2008Melhor Filme Nacional - Júri popular no Festival Guarnicê de Cinema do Maranhão 2008Melhor Filme Nacional - Júri técnico no Festival Guarnicê de Cinema do Maranhão 2008Troféu Jangada no Festival Guarnicê de Cinema do Maranhão 2008Prêmio UNICEF no Festival Internacional de Cine Documental y Cortometraje de Bilbao 2008Melhor direção no Festival Guarnicê do Maranhão 2008Melhor Ator no Florianópolis Audiovisual Mercosul 2008Menção Especial do Juri no Seminário Internacional de Cinema e Audiovisual 2008 ,,Curta-metragem
1328,Calangos e Calangueiros - uma viagem caipira pelo Vale do Paraíba,Flávio Cândido,Brasil,2008,26,Cândido&Moraes Ltda.,Cinesul 2010 (internacional - RJ)7º Festival de Cinema de Maringá (PR)4º Festival de Cinema e Vídeo dos Sertões (PI)1º In-Edit Brasil (internacional - SP)2º Mostra de Cinema de Itatiaia (RJ),"Melhor Filme pelo Júri Popular do 4º Festival de Cinema e Vídeo dos Sertões (Floriano, PI)",,Curta-metragem
1329,Livros no quintal,VINICIUS CRUXEN,Brasil,2009,13,Okna Produções,"MOSTRA GAÚCHA DO FESTIVAL DE GRAMADO 2009.Dia 14 de agosto, no Centro Municipal de Cultura em Gramado.CINE MUBE- Vitrine IndependenteDia 19 de setembro. São Paulo2 MOSTRA MARÍLIA DE CINEMA (1 a 4 de outubro)8th Discovering Latin America Film Festival, Londres.NOVEMBRO",MOSTRA GAÚCHA DO FESTIVAL DE GRAMADO 2009.Prêmio de Melhor Edição de Som ,,Curta-metragem
1330,Páginas de menina,Monica Palazzo,Brasil,2008,18,Filmes de Abril,"NACIONAIS:   1. Estréia São Paulo – 25/04/2008 – Reserva Cultural   2. Femina – 02 a 08 de Junho de 2008 – Rio de Janeiro   3. Estréia Araraquara – 17/06/2008 - CineLupo   4. 1° Cineclube LGBT do Rio de Janeiro - 20/06/2008– CineOdeon   5. SESC Ribeirão Preto – Agosto de 2008   6. 19° Festival Internacional de Curtas de São Paulo – 21 a 29 de Agosto de 2008    7. II For Rainbow – Fortaleza – Brasil – 2008 - Prêmio de melhor fotografia e direção de arte, melhor atriz:Tieza   8. 8ª Mostra de Curtas de Goiânia – GO – Brasil - 2008   9. Primeiro Plano – Brasil - 2008  10. 16° Mix Brasil - São Paulo - BH - Brasil 2008  11. Cinema Mundo - Itu - Brasil - 2008  12. Curta Petrobrás às 6 - dez 2008 à mar 2010  13. Festival Art Deco de Curtas e Documentários - São Paulo - maio 2010  14. Mostra Possíveis Sexualidades - Bahia - 10 a 17 de junho de 2010 INTERNACIONAIS   1. 18th Melbourne Queer Film Festival - Melbourne - Austrália – 2008 – Melhor Curta: Escolha da Audiência   2. 9th Brisbane Queer Film Festival - Brisbane - Austrália - 2008   3. Inside Out - Toronto - Canadá - 2008   4. 20th NewFest - Nova Iorque - EUA - 2008   5. 32nd Frameline - São Francisco - EUA - 2008   6. 18th OutFest - Los Angeles - EUA – 2008   7. 13th Hungarian GLBT Film Festival - 2008   8. 2008 Palm Springs International Film Festival - 2008   9. Fresno GLBT Film Festival – Fresno – EUA - 2008  10. Clip Tampa Film Festival – Tampa - EUA – 2008  11. Closet Cinema – Albuquerque - EUA – 2008  12. Image Out - Rochester GLBT Film Festival - EUA – 2008  13. Cinemarosa (cineclube) - EUA - 2008  14. Reel Affirmations – Washington - EUA – 2008  15. St. John's Womens Film Festival - Canada - 2008  16. Closet Cinema - EUA - 2008  17. Lesgaicinemad - Espanha - 2008  18. Reeling Film Festival - EUA - 2008  19. Montreal LGBT - Canada - 2008  20. GLBT - Bloomington - EUA - 2009  21. GLBT San Antonio - EUA - 2009  22. Out at the movies - EUA- 2009  23. IDEM - Espanha - 2009  24. Verzaubert - Alemanha (Munich, Cologne, Frankfurt e Berlin) - 2009  25. 23th London Lesbian & Gay Film Festival - UK - 2009  26. 33rd Clevand Film Festival - EUA - 2009  27. London Lesbian Film Festival - CA - 2009  28. Pink Apple - Zurich - 29 de abril a 6 de maio  29. Out takes - nova zelandia - 21 de maio a 10 de junho  30. Identities 2009 - Viena - 4 a 12 de junho  31. CHIFFs Seoul - 24/08 a 01/09/2009  32. Copenhagen LGFF - Dinamarca - 16 a 10 de outubro  33. Mezipatra 2009 - 23 a 31/10/2009  34. Cineffable 29/10-02/11/2009  35. Kommunales Kino Esslingen - de 05 a 11/11/2009  36. Cheries – Cheris  -  de 16/11 a 22/11/2009  37. GLBT Andalusia de 20 a 29/11/2009  38.  Manila Ride – Phillipines -  de 25/11 a 01/12/2009  39. Queer Zagreb - Croácia - de 8 a 14 de maio de 2010  40. TLVFest - Tel Aviv - de 22 a 26 de junho de 2010","- Melhor curta por escolha da audiência no 18th Melbourne Queer Film Festival-Melhor direção de arte, fotografia e atriz (Tieza Tissi) no II For Rainbow",2008-04-25,Curta-metragem
1331,Implacável,Pedro Struchi,Brasil,2007,13,Filmes de Abril,7ª Mostra do Filme Livre21ª Mostra do Audiovisual Paulista2ª Mostra Curta Audiovisual de Campinas1º Festival de Cinema e Vídeo de Santa Cruz das Palmeiras,Não informado,,Curta-metragem
1332,Depois do almoço,Rodrigo Diaz Diaz,Brasil,2010,13,Filmes de Abril,- Curta-SE 2010- 20th Melbourne Queer Film Festival - 25th Guadalajara International Film Festival - The 24th London Lesbian & Gay Film Festival - Outfest Gay and Lesbian Film Festival - BRAFF - Miami - 12º Perlen Lesbian and Gay Film - Paulinia 2010 - 25th Copenhagen Gay & Lesbian Film Festival 2010,Não informado,,Curta-metragem
1333,Variante,Ester F&eacute;r e Pietro Picolomini,Brasil,2010,30,Filmes de Abril,- Festival de inverno de Ouro Preto e Mariana - 5° CineOP - Mostra Felco São Paulo ,Não informado,,Média-metragem
1334,Vozes,"Anna Costa e Silva, Fabio Canetti e Luiza Santoloni",Brasil,2009,19,Green Go Films,"Festival de Cannes 2010 - Short Film Corner - seleção oficial - FrançaFesCine Amazônia 2009- ROThe Accolade Competition 2009- Los Angeles, CA, USAIndiefest! 2009 - Miami, FL, USAFestival de Cinema Brasileiro de New Jersey 2009- USAUm Novo Olhar - Festival de Cinema Riberão Pires 2010 - SP Mostra do Filme Livre 2010 -  RJ Iguacine 2010 - RJ Trash - Mostra de Filmes Independentes de Goiânia 2010 - GO Cine Documenta - Festival de Cinema Documentário de Ipatinga - MG","Accolade Award of Excellence - Accolade Competition - Califórnia, US - 2009 Melhor Filme Experimental – Festival de Cinema da Amazônia – 2009 – Rondônia - Brasil",,Curta-metragem
1335,hai kai,francisco de paula,Brasil,1989,8,naive filmes,festival de curtas de são paulo 1990,x,,Curta-metragem
1336,primavera,francisco de paula,Brasil,1994,17,naive filmes,festival internaciona lde curtas- são paulo,x,,Curta-metragem
1337,As andorinhas,francisco de paula,Brasil,1990,8,naive filmes,festival int'l de curtas- são paulo9o rio cine festival- rio de janeiro,x,,Curta-metragem
1338,Celebração- 100 anos de cinema,francisco de paula,Brasil,1999,23,naive filmes,Não informado,Não informado,,Curta-metragem
1339,Povos unidos- parte 2,francisco de paula,Brasil,1996,8,naive filme,Não informado,Não informado,,Curta-metragem
1340,Entusiasmo e Fome,francisco de paula,Brasil,1995,9,naive filmes,Não informado,Não informado,,Curta-metragem
1341,povos unidos,francisco de paula,Brasil,1991,9,naive filmes,Não informado,Não informado,,Curta-metragem
1342,Urbe,Marcos Pimentel,Brasil,2009,15,Tempero Filmes do Brasil,"“31º JVC Tokyo Film Festival” (Japão, 2009) “02º Festival Internacional de Cinema de Luanda” (Angola, 2009)“16º Vitória Cine-Vídeo” (ES, 2009)“8º Festival Primeiro Plano” (MG, 2009)“9º Mostra do Filme Livre” (RJ, 2010)","“31º JVC Tokyo Film Festival” (Japão, 2009) – Prêmio: Melhor Documentário",,Curta-metragem
1343,Pólis,Marcos Pimentel,Brasil,2009,22,Tempero Filmes do Brasil,"13º Festival de Cinema Luso-Brasileiro de Santa Maria da Feira (Portugal, 2009)13º Mostra de Cinema de Tiradentes (MG, 2010)3º IGUACINE – Festival de Cinema de Nova Iguaçu (RJ, 2010)Fluxus On-line 2010 (internet/SP, 2010)8 Mostra Minas de Cinema e Vídeo (MG, 2010)5º DOCS DF – Festival Internacional de Documentários do México (a ser realizado em outubro, 2010)","13º Festival de Cinema Luso-Brasileiro de Santa Maria da Feira (Portugal, 2009)Prêmio: Prêmio Especial do Júri15º Prêmio SESC/SATED – indicado à Melhor Filme e Melhor Direção, na categoria de curta-metragem (MG, 2010)",,Curta-metragem
1344,Taba,Marcos Pimentel,Brasil,2010,16,Tempero Filmes do Brasil,"38 Festival de Cine de Huesca (Espanha, junho 2010)24 Festival Internacional de Documentários de Parnu (Estônia, julho 2010)",Não informado,,Curta-metragem
1355,O coração às vezes para de bater,Maria Camargo,Brasil,2009,14,Maria Camargo,"-Mostra Premiere Brasil - Festival do Rio 2009 – Rio de Janeiro, Brasil, 2009-International Short Film Festival Detmold – Alemanha, junho de 2010;-Mostra de Cinema Infantil de Florianópolis –  Florianópolis, Santa Catarina, Brasil - junho de 2010 - prêmio de melhor curta-metragem de ficção;-O 15° Festival Internacional de Cine para Niños (… y no tan Niños), Cidade do México, México - agosto de 2010 – Prêmio de melhor curta-metragem;-O Mosca 6 - Mostra Audiovisual de Cambuquira - Cambuquira, MG, Brasil -  julho de 2010;- O 3º Festival de Cinema de Triunfo – Triunfo, Pernambuco, Brasil - agosto de 2010;- 38º Festival de Cinema de Gramado – Mostra Paralela, Gramado, Rio Grande do Sul, Brasil - agosto de 2010;- Festival Internacional de Cinema Infantil 2010 – de agosto a outubro de 2010 – Rio de Janeiro, São Paulo, Brasília, Minas Gerais, Pernambuco, Bahia e Sergipe - Brasil;- 2º Festival Ver e Fazer Filmes – Cataguases, MG, Brasil -  agosto de 2010 – Melhor curta da Mostra Jovem - Troféu Câmera na Cabeça;- 4º Cine Música - Festival de Cinema de Conservatória, Rio de Janeiro, Brasil -  setembro de 2010;- Festival Internacional de curtas-metragens de São Paulo – São Paulo, São Paulo, Brasil – agosto de 2010.- Festival Iberoamericano de Cinema de Sergipe – Curta-SE 2010 – Mostra Informativa - setembro, em Aracaju, São Cristóvão, Estância e Laranjeiras, Sergipe.- Chicago Internacional Children’s Film Festival –  outubro de 2010 – Chicago, Illinois, Estados Unidos.- Amazonas Film Festival – Mostra Social Cinema Por Aí – Infanto Juvenil - novembro de 2010, em Manaus, Amazônia, Brasil.- Curta Cinema 2010 – Festival Internacional de Curtas do Rio de Janeiro – outubro e novembro – programa Panorama Carioca – Rio de Janeiro,  Rio de Janeiro, Brasil.","- 2º Festival Ver e Fazer Filmes – Cataguases, MG, Brasil - agosto de 2010 – Melhor curta da Mostra Jovem - Troféu Câmera na Cabeça;-O 15° Festival Internacional de Cine para Niños (… y no tan Niños), Cidade do México, México - agosto de 2010 – Prêmio de melhor curta-metragem;-Mostra de Cinema Infantil de Florianópolis –  Florianópolis, Santa Catarina, Brasil - junho de 2010 - prêmio de melhor curta-metragem de ficção;",,Curta-metragem
1356,Bailarino e o bonde,Rog&eacute;rio Nunes,Brasil,2009,10,Karmatique Imagens Ltda,1. 28 Festival Cinematográfico Internacional del Uruguay/Montevideo/ 2. FILM FESTIVAL ZLIN – REPÚBLICA TCHECA / Junho 20103. ZAGREB ANIMAFEST 2010  - CROACIA / Junho 20104. Festival Iberoamaericano de Cinema de Huesca/Espanha/ Junho 20105. Festival de Cinema Digital de Jericoquara/Brasil / Junho 20106. Cinesul 2010/Rio de Janeiro /Brasil7. 9 Mostra do Cinema Infantil de Florianópolis/ Brasil  8. 14º FAM 2010/Florinópolis/Brasil9. Cine Ouro Preto/ Ouro Preto/ Brasil10. Festival Guarnicê de Cinema/ Brasil11. Divercine/Montevideo/Uruguay12. 8 Festival Internacional de Cinema Infantil/Rio de Janeiro&SP/Brasil13. International Animation Film Festival  KROK/RUSSIA14. Festival Int. Drama/Grécia15. Curta Cariri/Cariri/Brasil16. 28 Jornada Inter. De Cinema da Bahia/Salvador/Brasil17. Festival de Inter. De Cinema de Cabo Frio/Brasil18. Cinecult/Aracajú/Brasil19. Cine Canoa Quebrada/Canoa Quebrada/Brasil20. BrasilCine/Estocolm/Suécia21. Múmia/Belo Horizonte/Brasil22. Festival Internacional de Curtas Metragens de Upsala/ Suécia 23. Cinekid Screening Club/ Holanda24. Festival Internacional de Curtas de Jakarta/Indonésia25. Festival Aruanda/João Pessoa/ Brasil26. Festival Int. Del Nuevo Cine Latino Americano/Havana/Cuba27. Festival Internacional de Cine Arte para Niñas y Niños/Colômbia28. Mostra do Audiovisual Paulista/São Paulo/Brasil29. Corto Tokio 2010/Tóquio/Japão30. Cine Miragem/Miracema/Brasil31. Mostra infantil Festival Int. De Curtas BH/Belo Horizonte/Brasil32. Cinerail/ Paris/ France33. Monstra festival de animação/Lisboa/Portugal34. Festival de Cine Infantil de Blumenau/Blumenau/Brasil35. Maranime/São Luis/Brasil36. Images de Ville/Aix-en-Provence/França37. Ojo AL Piojo/Rosário/Argentina38. Festival de Cine Del Paraguay/Paraguay39. Big Cartoon Festival/Moscow/Russia40. Alucine festival del cine latino/Toronto/Canadá41. FENACO Festival de curtas de Cuzco/Peru42. Inconfidentes festival de cinema de Marina/Minas gerais/Brasil,1. Melhor Animação/Best animation/ FESTIVAL DE JERICOAQUARA2. Melhor Animação / Best Animation/  28 Jornada Inter. De Cinema da Bahia3. Melhor Animação/ Best Animation/ Festival de Inter. De Cinema de Cabo Frio4. Melhor Trilha Sônora/ Best Soundtrack/ Cine Canoa Quebrada5. Menção Honrosa/ Honour Mention/Múmia6. Melhor animação/Maranime,2010-03-05,Curta-metragem
1357,O boxeador,Leonardo Wittmann,Brasil,2009,11,RBS TV,Não informado,Não informado,,Curta-metragem
1358,O que nosso corpo faz para que a gente cresça e se modifique? ,Mateus Di Mambro,Brasil,2010,2,Não informado,Não informado,Não informado,,Curta-metragem
1359,Caminhos,Fernanda Boff e Vin&iacute;cius Bock,Brasil,2009,9,PUCRS e Claquette,Não informado,Não informado,,Curta-metragem
1360,E agora o que nois ramú cumê? ,Daniel Luiz Batista,Brasil,2009,2,Não informado,Não informado,Não informado,,Curta-metragem
1361,Carreto,Cl&aacute;udio Marques e Mar&iacute;lia Hughes,Brasil,2009,11,Coisa de Cinema,"38º Festival de Cinema de Gramado (MELHOR FILME E MELHOR ROTEIRO)• 10º Goiânia Mostra Curtas (MELHOR FILME)• Iguacine - 3º Festival da Cidade de Nova Iguaçu (MELHOR SOM)• VI Seminário Internacional de Cinema da Bahia (MELHOR FILME BAIANO)• 21º Festival Internacional de Curtas-Metragens de SP (Um dos dez melhores curtas eleitos pelo público)• 3ª Entretodos - Mostra Direitos Humanos (MELHOR ROTEIRO)• 3º Curta Jacaré (MELHOR CURTA - INCENTIVO À CULTURA)• Festival Internacional de Curtas do Rio de Janeiro - Curta Cinema 2010 (novembro/2010) (PRÊMIO ONDA CURTA, AQUISIÇÃO RTP - TV PORTUGAL)• 8º FESTCINEAMAZÔNIA (MELHOR DIREÇÃO)• 5º Percepções (MELHOR FILME)• 17º Vitória Cine Vídeo (MELHOR FOTOGRAFIA)• 42º Festival de Brasília do Cinema Brasileiro• 13ª Festival de Cinema de Tiradentes• 7º Festival de Cinema de Maringá• 9ª Mostra de Cinema Infantil de Florianópolis• VI Mosca - Mostra Audiovisual de Cambuquira• 7º AMAZONAS FILM FESTIVAL• III Janela Internacional de Cinema de Recife• Arraial Cine Fest• CINEME-SE 2010 (Mostra não-competitiva)• 12º Fest. de Cinema Ambiental de Goiás (FICA Animado - Mostra não-competitiva)• VI Mostra Cinema Conquista (Mostra não-competitiva)• I Festival Nacional de Cinema de Petrópolis (Mostra não-competitiva)• 2ª Santa Rosa Mostra Gramado (Mostra não-competitiva)• Cine Capão (Mostra não-competitiva)• 5ª Mostra Cinema e Direitos Humanos na América do Sul (Mostra não-competitiva)• Cine Festival Inconfidentes (Mostra não-competitiva)• 7ª Bienal da UNEProjetos e exibições especiaisCircuito Cultural Cinema na Escola (SP)","38º Festival de Cinema de Gramado (MELHOR FILME E MELHOR ROTEIRO)• 10º Goiânia Mostra Curtas (MELHOR FILME)• Iguacine - 3º Festival da Cidade de Nova Iguaçu (MELHOR SOM)• VI Seminário Internacional de Cinema da Bahia (MELHOR FILME BAIANO)• 21º Festival Internacional de Curtas-Metragens de SP (Um dos dez melhores curtas eleitos pelo público)• 3ª Entretodos - Mostra Direitos Humanos (MELHOR ROTEIRO)• 3º Curta Jacaré (MELHOR CURTA - INCENTIVO À CULTURA)• Festival Internacional de Curtas do Rio de Janeiro - Curta Cinema 2010 (novembro/2010) (PRÊMIO ONDA CURTA, AQUISIÇÃO RTP - TV PORTUGAL)• 8º FESTCINEAMAZÔNIA (MELHOR DIREÇÃO)• 5º Percepções (MELHOR FILME)• 17º Vitória Cine Vídeo (MELHOR FOTOGRAFIA)",2009-11-18,Curta-metragem
1362,Os anjos do meio da praça,Al&ecirc; Camargo e Camila Carrossine,Brasil,2010,10,Buba Filmes,• Anima Mundi 2010• Festival Guarnicê de cinema -- MA• V mostra de cinema de Ouro Preto -- MG• V Cine Fantasy -- Festival curta fantástico• VI Mostra Mosca -- Cambuquira -- MG• XIII Fenart -- PA• X Festival Iberoamericano de Cinema de Sergipe,• Prêmio especial do Júri  -XXXVIII Festival de Cinema de Gramado – RS• Melhor Direção e Melhor Curta-Metragem -- IV Brazilian Film Festival of Toronto -- Canadá.• Melhor Video de Animação - XIV FAM - Florianópolis Audiovisual Mercosul• Melhor Curta – I FestCine Maracanaú – 2010 - CE• Melhor Curta - II Festival de Itapetinga• Melhor Filme de Animação - Festival Locomotiva 2010• Melhor curta-metragem nacional de animação -- VI Fantaspoa - RS• Melhor filme mostra teen --VIII FICI• Melhor Música - Festival Locomotiva 2010• Melhor Curta Metragem de Animação - Festival de Cinema de Maringá• Melhor Direção (Animação) - Festival de Cinema de Maringá• Melhor Roteiro (Animação) - Festival de Cinema de Maringá• Melhor Música (Animação) - Festival de Cinema de Maringá• Melhor Cenário (Animação) - Festival de Cinema de Maringá• Melhor Personagem (Animação) - Festival de Cinema de Maringá• Menção Honrosa - I Curta Amazônia 2010,2010-04-10,Curta-metragem
1363,Vivi viravento,Al&ecirc; Abreu,Brasil,2009,11,Radar Cinema e Televisão Ltda,Não informado,Não informado,,Curta-metragem
1364,Bolota & Chumbrega: um guarda-chuva muito especial ,Frederico Pinto,Brasil,2009,11,Não informado,Não informado,Não informado,,Curta-metragem
1365,A profecia de Asgard,Giu Jorge,Brasil,2003,14,Não informado,Não informado,Não informado,,Curta-metragem
1366,Godofredo – O interruptor ,Eva Furnari,Brasil,2010,5,Não informado,Não informado,Não informado,,Curta-metragem
1367,Doce Turminha e a bola cor de chiclete ,Eduardo Drachinski,Brasil,2010,1,Drachinski Estúdio,"Festival de Cinema Curta Amazônia,Mostra de Cinema Infantil de Florianópolis,FAM (Florianópolis Audiovisual Mercosul),Mostra Audiovisual de Cambuquira.",Não informado,,Curta-metragem
1368,Feijão com arroz ,Daniela Marinho,Brasil,2009,8,Universidade de Brasília (UnB),Mostra Brasília do 42º Festival de Brasília do Cinema Brasileiro | 1º Festival de Cinema Universitário do IESB | Mostra Brasília Ano 10 | 1º Cine Ipoema VII PUTZ – Festival de Cinema e Vídeo de Curitiba | 9a Mostra de Cinema Infantil de Florianópolis | 15o Festival Brasileiro de Cinema Universitário | 21o Festival Internacional de Curtas-Metragens de São Paulo | Perro Loco 4 – Festival de Cinema Universitário Latino Americano | 8o Festival de Cinema Infantil – FICI | 9o. Noia – Festival do Audiovisual Universitário | 9a. Mostra Nacional de Vídeo Universitário em Mato Grosso | Festival Primeiro Plano 2010 | Mostra de Cinema Mulher em Cena | 4o. Arraial Cine Fest | V Mostra Curta Audiovisual Campinas | VI Fest Aruanda do Audiovisual Brasileiro | III Mostra de Curtas-metragens independentes de Copacabana,Menção Honrosa - Primeiro Plano 2010 | 2º lugar na Categoria Universitária na 9ª Mostra Nacional de Vídeo Universitário em Mato Grosso.,2009-11-21,Curta-metragem
1369,Minhas férias,Arnaldo Galvão,Brasil,2009,11,Não informado,Não informado,Não informado,,Curta-metragem
1370,O menino mofado,Andre Pellenz,Brasil,2010,9,Trinta Filmes,Festival de Cinema Infantil - FlorianópolisFICI _ festival Internacional de Cinema Infantil Cinemark,Não informado,,Curta-metragem
1371,Imagine uma menina com cabelos de Brasil…,Alexandre Bersot,Brasil,2010,10,Não informado,Não informado,Não informado,,Curta-metragem
1583,Samba no Botequim do seu Zé,bernardo gebara,Brasil,2008,14,cinema artezanal,"são carlos, santos, cabo friio, campinas",Não informado,,Curta-metragem
1373,Godofredo – Nhact,Eva Furnari,Brasil,2010,1,Não informado,Não informado,Não informado,,Curta-metragem
1374,A sombra misteriosa,Maurício Squarisi e Wilson Lazaretti,Brasil,2009,5,Não informado,Não informado,Não informado,,Curta-metragem
1375,Família a gente não escolhe,Márcio Schoenardie,Brasil,2010,13,Não informado,Não informado,Não informado,,Curta-metragem
1376,De onde vem a nossa voz?,Mateus Di Mambro,Brasil,2009,1,Não informado,Não informado,Não informado,,Curta-metragem
1377,Língua livre,Igor Spacek e Ivan Spacek,Brasil,2009,4,Não informado,Não informado,Não informado,,Curta-metragem
1378,Dona Tota e o menino mágico ,Adriana Meirelles,Brasil,2010,12,Anágua Filmes (Lia Nunes Produções Artísticas Ltda.),Não informado,Não informado,,Curta-metragem
1408,Leve voo ,Nat&aacute;lia Cristine Alencar de Freitas,Brasil,2010,4,Não informado,Não informado,Não informado,,Curta-metragem
1380,Doidito – aprendendo a voar ,Paulo José (animador),Brasil,2009,2,Não informado,Não informado,Não informado,,Curta-metragem
1381,Rupestre,Paulo Miranda,Brasil,2010,20,Não informado,Não informado,Não informado,,Curta-metragem
1382,Doido Lelé ,Ceci Alves,Brasil,2009,17,Ideograma Produções Culturais LTDA.,"V Seminário Internacional de Cinema e Audiovisual – SemCine, Salvador/BA – 2009V Festival Latino Americano de Curta Metragem - Curta Canoa, Canoa Quebrada/CE  - 20094o Festival do Paraná de Cinema Brasileiro Latino, Curitiba/PR – 200924e. La Corrida Audiovisuelle, Toulouse, França - 200916º Vitória Cine Vídeo, Vitória/ES – 2009Porta Curtas Petrobras, Vitória/ES - 2009Mostra Cinema Conquista - Ano 5, Vitória da Conquista/BA - 20098º FestAruanda, João Pessoa/PB - 2009I Festival Cultura Viva, Brasília/DF - 2009III Bahia Afro Film Festival, Cachoeira/BA - 2010III Los Angeles Brazilian Film Festival, West Los Angeles, EUA - 201025e. Marché International du Court Métrage, Clermont-Ferrand, França – 2010Short Film Corner, 63º Festival de Cannes, França – 2010Festival Jericoacoara Cinema Digital/CE – 2010VII Festival de Cinema de Maringá, Maringá/PR – 2010CurtAmazônia, Manaus/AM – 2010CINEME-SE – Festival da Experiência do Cinema, Santos/SP – 20108º Festival Internacional de Cinema Infantil, Rio de Janeiro/RJ – 2010Filmets Badalona Film Festival 2010, Badalona/Barcelona, Espanha – 20106th Jecheon International Music & Film Festival (JIMFF), Seul, Coreia – 20104º Cine Música - Festival de Cinema de Conservatória/RJ - 2010Rota do Cinema, Guayaramerin/Beni/Bolívia – 2010Primeiro Plano 2010 - Festival de Juiz de Fora e Mercocidades – 2010Encontro Baiano Mulheres e Mídia, Salvador/BA – 201036ª Edição do Curta nas Telas, Porto Alegre/RS – 2010Cineclubinho – Mostra de Curtas-Metragens Baianos, Salvador/BA – 2010 Circuito Crianças no Pelô,  Salvador/BA – 2010","Melhor Montagem - V Festival Latino Americano de Curta Metragem - Curta Canoa, Canoa Quebrada/CE  - 2009Melhor Ator  - 4o Festival do Paraná de Cinema Brasileiro Latino, Curitiba/PR – 2009Melhor Filme, Melhor Ficção e Prêmio do Júri Popular – III Bahia Afro Film Festival, Cachoeira/BA  - 2010Melhor Roteiro - VII Festival de Cinema de Maringá/PR – 2010 Prêmio Amazonsat/Júri Popular - CurtAmazônia 2010Melhor Direção de Arte - Festival Jericoacoara Cinema Digital/CE - 2010Melhor Filme pelo Júri Popular - 9ª Mostra de Cinema Infantil de Florianópolis/SC – 2010Menção honrosa na categoria Mostra Teen do 8º Festival Internacional de Cinema Infantil, Rio de Janeiro/RJ – 2010Melhor Filme escolhido por voto popular do I Festival de Cinema Baiano, Ilhéus/BA - 2011",2009-07-30,Curta-metragem
1383,Teo e sua turma em: o menino que não gostava de tomar banho ,André Rodrigues,Brasil,2009,10,Não informado,Não informado,Não informado,,Curta-metragem
1384,O primitivo,Cinema Nosso,Brasil,2010,6,Não informado,Não informado,Não informado,,Curta-metragem
1385,Bobolândia e Monstrolândia ,Ale McHaddo,Brasil,2010,13,44 Toons,9a Mostra de Cinema Infantil de Florianópolis (jun/10)Cartoons on the Bay – Itália (abril/11),Não informado,2010-06-23,Curta-metragem
1386,O retorno de Saturno,Lisandro Santos,Brasil,2009,12,Não informado,Não informado,Não informado,,Curta-metragem
1387,Godofredo – O rádio,Eva Furnari,Brasil,2010,5,Não informado,Não informado,Não informado,,Curta-metragem
1388,Infância ,Cinema Nosso,Brasil,2010,3,Não informado,Não informado,Não informado,,Curta-metragem
1389,"Faca sem ponta, galinha sem pé ",Antonio Carlos da Fontoura,Brasil,2010,12,Não informado,Não informado,Não informado,,Curta-metragem
1390,Criança ecológica,Silvia Prado,Brasil,2009,8,Não informado,Não informado,Não informado,,Curta-metragem
1391,Garoto barba ,Christopher Faust,Brasil,2010,14,-,"-9ª Mostra de Cinema Infantil de Florianópolis | Florianópolis/SC | mostra competitiva | 19/06 e 29/06-VI Putz - Festival Universitário de Cinema e Vídeo de Curitiba | Curitiba/PR | mostra informativa | 28/05-15° FBCU - Festival Brasileiro de Cinema Universitário | Rio de Janeiro/RJ | mostra competitiva | 1°/08 e 02/08-5° Cine Fantasy - Festival Curta Fantástico | São Paulo/SP | mostra competitiva | 02/09 e 08/09-21° Festival Internacional de Curtas de São Paulo | São Paulo/SP | mostra infantil | 21/08, 22/08, 24/08, 28/08-3° Entretodos - Festival de Curtas de Direitos Humanos | São Paulo/SP | mostra não-competitiva e mostra infantil | 15/09, 17/09 e 18/09 – 13 a 16/09 + 18/09 [mostra itinerante]-9° Santa Maria Cinema e Vídeo 2010 | Santa Maria/RS | mostra competitiva | 31/08-III Curta Taquary | Taquaritinga do Norte/PE | mostra infantil | 10/09-VI Curta Canoa 2010 | Aracati/CE | mostra competitiva | 18 a 25/09-1° Festival de Cinema de Rio Bonito | Rio Bonito/RJ | mostra competitiva | 14 a 16/10-2° Curta Neblina | Paranapiacaba/SP | mostra competitiva | 14 a 17/10-Festival Audiovisual Visões Periféricas | Rio de Janeiro/RJ | mostra Periferia Animada | 15 a 24/10-6° Curta Ourinhos | Ourinhos/SP | mostra competitiva infantil | 18 a 22/10-8° FestCineAmazônia - Festival Latino Americano de Cinema e Vídeo Ambiental | Porto Velho/RO | mostra competitiva | 09 a 13/11",Melhor Direção de Arte | 2° Festival Manuel Padeiro (Pelotas/RS)Melhor Ficção | 9ª Mostra Nacional de Vídeo Universitário em Mato Grosso (Cuiabá/MT),2010-05-12,Curta-metragem
1392,O melhor lugar ,Jefferson Paulino e Nildo Ferreira,Brasil,2009,13,Querô Filmes Ltda,9ª Mostra de Cinema Infantil de FlorianópolisFestival CineipoemaV Festival Cine Favela de Curta-MetragemFestival Latino Americano da Classe Obrera – Cinema e VídeoCurtamazôniaCine Festival Inconfidentes1ª Mostra de Vídeo Popular de São Carlos ,1ª Mostra de Vídeos Popular de São CarlosMelhor  vídeo pelo júri popular 9ª Mostra de Cinema Infantil de FlorianópolisMenção Honrosa,,Curta-metragem
1393,Família Vegan ,Cinema Nosso,Brasil,2010,8,Não informado,Não informado,Não informado,,Curta-metragem
1394,Isso disso ,Mário Sergio Cardoso,Brasil,2010,5,Não informado,Não informado,Não informado,,Curta-metragem
1395,A esperança é a última que morde ,Neil Armstrong,Brasil,2010,5,Não informado,Não informado,Não informado,,Curta-metragem
1396,À moda antiga ,Bruno Carvalho,Brasil,2009,13,RBS TV,Não informado,Não informado,,Curta-metragem
1397,A história do monstro Khátpy ,Kamikia P.T. Kisedje e Whinti Suy&aacute;,Brasil,2009,5,Vídeo nas Aldeias,"- 9ª Mostra Internacional de Cinema Infantil (Florianópolis, Santa Catarina, de 19/06 a 04/07/2010)- IV Curta Cabo Frio (Cabo Frio – RJ, 03/09 a 12/09/2010)- Curta-SE 10 (Aracaju, São Cristóvão, Estância e Laranjeiras – SE, 14 a 18/09/2010)- 3º Entretodos - Festival de Curtas de Direitos Humanos (São Paulo – SP, 14/09 a 18/09/2010)- 10º Goiânia Mostra Curtas (Goiânia, 05/10 a 10/10/2010)- Visões Periféricas 2010 (Rio de Janeiro, 18/10 a 24/10/2010)- TV Cultura - Programa A’Uwe dia 21/11/2010- 1º Cine Festival Inconfidentes (Mariana – MG, 26/11 a 28/11/2010)- 10ª Goiânia Mostra Curtas na TV - Programa DOCTV Goyaz - TV UFG / TV Brasil Central (Abril - agosto de 2011)- Exposição Xingu 50 anos, SESC Pompéia (01/09/2011)- DOCSDF 2011 – 6º Festival Internacional de Cine Documental de la Ciudad de México (29/09 a 09/10/2011, Cidade do México)- Mostra Vídeo Índio Brasil (19 a 23/12/2011, MIS Campo Grande, MS) ",Não informado,2009-10-01,Curta-metragem
1398,A princesa do coração gelado ,"Antônio Navarro, Beca Furtado e Zu Escobar",Brasil,2009,11,Não informado,Não informado,Não informado,,Curta-metragem
1399,Procura-se ,Iber&ecirc; Carvalho,Brasil,2010,15,PAVIRADA FILMES,Festival Prix Jeunesse Iberoamericano 2011,"Melhor filme pelo juri infantil e contemplado com o segundo lugar do juri oficial da categoria ""7 a 11 anos Ficção"", do Festival Prix Jeunesse Iberoamericano 2011. ",2010-11-27,Curta-metragem
1401,A língua das coisas ,Alan Minas,Brasil,2009,14,Não informado,Não informado,Não informado,,Curta-metragem
1402,Desentralha ,Andrés Lieban,Brasil,2010,11,Não informado,Não informado,Não informado,,Curta-metragem
1406,Trudi e Kiki ,Eva Furnari,Brasil,2010,6,Não informado,Não informado,Não informado,,Curta-metragem
1407,Porque as coisas são assim ,Michelline Helena,Brasil,2010,10,Não informado,Não informado,Não informado,,Curta-metragem
1405,Buba e o aquecimento global ,Eduardo Takao Nakamura,Brasil,2009,1,Não informado,Não informado,Não informado,,Curta-metragem
1409,Vai dar samba ,Humberto Avelar,Brasil,2010,11,Urca Filmes,Não informado,Não informado,,Curta-metragem
1410,Sorria ,Bruno Vaks,Estados Unidos,2009,3,Não informado,Não informado,Não informado,,Curta-metragem
1411,Carrapatos e catapultas ,Almir Correia,Brasil,2010,11,Não informado,Não informado,Não informado,,Curta-metragem
1412,Voando com Pipo ,Michel Leandro Borges dos Santos,Brasil,2006,5,Flamma Produções Audiovisuais,Não informado,Não informado,,Curta-metragem
1413,Até quando,Cinema Nosso,Brasil,2010,3,Não informado,Não informado,Não informado,,Curta-metragem
1414,"Atibaia, de Congos e Moçambiques",Amilcar Monteiro Claro,Brasil,2000,20,Não informado,Não informado,Não informado,,Curta-metragem
1415,Imagens de uma vida simples,Daniel Fagundes,Brasil,2000,31,Não informado,Não informado,Não informado,,Média-metragem
1416,Canto para a liberdade,Orlando Bomfim Netto,Brasil,1978,19,Circus Produções Cinematográficas,Não informado,Não informado,,Curta-metragem
1417,Pretos,"Gabriel Perrone, Gui Castor e Lauriete Nardi",Brasil,2000,22,Não informado,Não informado,Não informado,,Curta-metragem
1418,Alforria da percepção,Lucas Terra,Brasil,2007,12,Não informado,Não informado,Não informado,,Curta-metragem
1419,Mestre Pedro de Aurora,Orlando Bomfim Netto,Brasil,1978,20,Não informado,Não informado,Não informado,,Curta-metragem
1420,Tambores que cantam e encantam,Giselle Brosard,Brasil,2000,29,Não informado,Não informado,Não informado,,Curta-metragem
1421,"Honrados, amaros e bentidos",Tania Anaya,Brasil,2000,29,Não informado,Não informado,Não informado,,Curta-metragem
1422,"Negro, uai!",José Eduardo Santiago,Brasil,2000,9,Não informado,Não informado,Não informado,,Curta-metragem
1423,Lambe-seujo,Casa Curta-se,Brasil,2000,2,Não informado,Não informado,Não informado,,Curta-metragem
1424,Cumbuca de quilombo,Ricardo Augusto e Roberto Sabóia,Brasil,2000,20,Não informado,Não informado,Não informado,,Curta-metragem
1425,Mutum,Sandra Kogut,Brasil,2007,89,Tambellini Filmes e Gloria Films,Não informado,Não informado,,Longa-metragem
1426,O olho mágico do amor,&Iacute;caro Martins e Jos&eacute; Antonio Garcia,Brasil,1981,84,Olympus Filme,"Festival de Gramado, BrasilIndicação para Kikito de Ouro de Melhor Filme Brasileiro","Festival de Gramado, Brasil - Kikito de Ouro de Melhor Atriz Coadjuvante (Carla Camurati)Associação Paulista de Críticos de Arte:Prêmio de Melhor FilmePrêmio de Melhor FotografiaPrêmio de Melhor EdiçãoPrêmio de Melhor História OriginalPrêmio de Melhor Direção (Ícaro Martins, José Antonio Garcia)Prêmio de Melhor FigurinoPrêmio de Melhor Atriz (Tânia Alves, Carla Camurati)Prêmio de Melhor Atriz Coadjuvante (Cida Moreira)Prêmio de Melhor Cenografia",,Longa-metragem
1427,Copacabana me engana,Antonio Carlos da Fontoura,Brasil,1968,95,Canto Claro Produções Artísticas Ltda.,"Festival de Brasília,            Mostra  80  Ans de Cinéma Brésilien, Centro Pompidou, Paris (1978)            Cinema Novo and Beyond, Museu de Arte Moderna, Nova York (1998)","            Prêmio de Melhor Roteiro, Brasília (1969)            Prêmio de Melhor Atriz, Brasília (1969)            Prêmio de Melhor Ator Coadjuvante, Brasília (1969)            Prêmio de Qualidade do Instituto Nacional de Cinema            Prêmio  Nacional de Melhor Roteiro, INC (1969)            Prêmio  Nacional de Melhor Atriz, INC (1969)            Prêmio  Nacional de Melhor Coadjuvante, INC (1969)            Prêmio Nacional de Melhor Fotografia, INC (1969)",,Longa-metragem
1429,Absolutamente certo,Anselmo Duarte,Brasil,1957,93,Cinedistri Produção e Distribuição Audiovisual Ltda,Não informado,Não informado,,Longa-metragem
1430,A baronesa transviada,Watson Macedo,Brasil,1957,108,Produções Watson Macedo,Não informado,Não informado,,Longa-metragem
1431,A super fêmea,An&iacute;bal Massa&iacute;ni,Brasil,1973,101,Cinedistri Produção e Distribuição Audiovisual Ltda,Não informado,Não informado,,Longa-metragem
1432,Nossa escola de samba,Manoel Hor&aacute;cio Gimenez,Brasil,1965,29,Não informado,Não informado,Não informado,,Curta-metragem
1433,Memória do cangaço,Paulo Gil Soares,Brasil,1964,29,Divisão Cultural do Itamarati; Departamento de Cinema do Patrimônio Histórico e Artístico Nacional,Não informado,Não informado,,Curta-metragem
1434,Subterrâneos do futebol,Maurice Capovilla,Brasil,1964,32,Thomaz Farkas Filmes Culturais,Não informado,Não informado,,Média-metragem
1435,Viramundo,Geraldo Sarno,Brasil,1964,37,Não informado,Não informado,Não informado,,Média-metragem
1437,Os imaginários,Geraldo Sarno,Brasil,1970,9,Saruê Filmes,Não informado,Não informado,,Curta-metragem
1438,"Frei Damião trombeta dos aflitos, martelo dos hereges",Paulo Gil Soares,Brasil,1969,20,Não informado,Não informado,Não informado,,Curta-metragem
1439,Jornal do sertão,Geraldo Sarno,Brasil,1969,13,Saruê Filmes,Não informado,Não informado,,Curta-metragem
1440,Vitalino / Lampião,Geraldo Sarno,Brasil,1969,9,Saruê Filmes,Não informado,Não informado,,Curta-metragem
1443,"Simão, o caolho",Alberto Cavalcanti,Brasil,1952,96,Cinematográfica Maristela,Não informado,Não informado,,Longa-metragem
1444,S. Bernardo,Leon Hirszman,Brasil,1972,114,Saga Filmes,Quinzena de realizadores do Festival de Cannes; Filmforum de Berlim e Festival de Pesaro (Itália),Embrafilme - melhor adaptação literária; Margarida de Prata - CNBB (Melhor Filme); Air France (Melhor Filme),,Longa-metragem
1445,Na senda do crime,Flam&iacute;nio Cerri,Brasil,1954,72,Companhia Cinematográfica Vera Cruz S.A.,Não informado,Não informado,,Longa-metragem
1446,Espaço sagrado ,Geraldo Sarno,Brasil,1975,17,Saruê Filmes e DAC/PAC/MEC,Não informado,Não informado,,Curta-metragem
1447,Raz,Andr&eacute; Lavaquial,Brasil,2010,20,Labareda Filmes,13ª Mostra de Cinema de Tiradentes - 201020º Festival Internacional de Curtas do Rio de Janeiro -  Curta-Cinema - 201012º Festival Internacional de Curtas de Belo Horizonte – 2010III Janela Internacional de Cinema do Recife - 2010,Não informado,2010-01-20,Curta-metragem
1448,O Som e o Resto,Andr&eacute; Lavaquial,Brasil,2007,23,Labareda Filmes ,Festival de Cannes – França - 2008Festival Internacional de Clermont-Ferrand – França - 2008Festival de San Sebastián - Espanha – 2007Festival Luso-Brasileiro de Santa Maria da Feira – Portugal- 2008FX-Festival Lisboa – Portugal – 2007Curta-Cinema- Brasil - 2007Cinesul  – Festival Ibero-Americano de Cinema e Vídeo- Brasil - 2007Festival Internacional de Cinema de Algarve-FICA- Portugal – 2008Jecheon International Music & Film Festival – Coréia - 2008Festival Internacional de Jóvenes Realizadores de Granada - Espanha - 2008 Festival Internacional de Curtas-Metragens de São Paulo – Brasil – 2008Janela Internacional do Cinema de Recife – Brasil – 2008Minimalen International Short-film Festival – Noruega – 2009Cine Las Americas – Estados Unidos – 2009,Escolha da audiência - Festival Internacional de Curtas-Metragens de São Paulo – Brasil – 2008Melhor curta do ano segundo o público – Cineclube Mate com Angu – Rio de JaneiroMelhor Direção / Melhor Fotografia – Mostra ABI de Cinema – 2008,2007-05-20,Curta-metragem
1449,Câmara viajante,Joe Pimentel,Brasil,2007,20,Trio Filmes Produções Artísticas Ltda,18º Festival ibero Americano de Cinema e Vídeo-Cine Ceará/2007; 10ª Mostra Internacional de Curta de S.Paulo/2007; 14ª Vitória Cine e Vídeo/2007; 3º Festival Latino Americano de canoa Quebrada/Ce-2007; Mostra Internacional do Filme Etnográfico/2007; 7ª Goiania Mostra Curta/2007; 11ª Mostra de Cinema de tiradentes/2007; Cine Pe/2008; 31º Concurso Oficial de Filme - maranhão/2008; 6ª Edição Fest Cineamazônia/2008,Melhor documentárioMelhor produção CearenseMelhor Trilha SonoraMelhor FotografiaMensão Honrosa,,Curta-metragem
1450,Olhos de ressaca,Petra Costa,Brasil,2009,20,Aruac Produções,"Cinequest Film Festival 20 MOMA, PREMIERE BRAZIL, NY 2010Festival do Rio 200913th Cine Las Americas 9a Goiania Mostra de CurtasVitoria Cine Video 2009Festival de Gramado 2009Mostra de São Paulo 2009Curta Cabo-Frio 2010NEFIAC 2010Short Film Festival in Drama 2010","Melhor Curta – Rio de Janeiro International Film Festival 2009Melhor Curta Documentário – 13th Cine Las Americas International Film FestivalMelhor Filme – 9a Goiania Mostra de CurtasMelhor Roteiro – 3o Itu International Film FestivalMelhor Montagem – Vitoria Cine Video 2009Prêmio Especial do Júri – Gramado Film Festival 200910 favoritos do público – São Paulo International Film Festival 2009Melhor Curta Documentário em 35mm - Curta Cabo-Frio 2010Melhor Curta - NEFIAC 2010, New England Festival of Ibero American Cinema",,Curta-metragem
1451,Memórias finais da república de fardas,Gabriel F. Marinho,Brasil,2008,38,Totó Filmes e Villa-Lobos Produções,•41º Festival de Brasília do Cinema Brasileiro (2008)•Panorama Recife de Documentários (2009)•CineSul (2009)•Festival de Cinema na Floresta (2009)•Festival de Cinema de Cascavel (2009)•CineBH (2009),"•Troféu Candango Marco Antônio Guimarães, pela pesquisa de imagens (41º Festival de Brasília do Cinema Brasileiro)•Melhor Média-metragem (Festival de Cinema na Floresta)•Melhor filme- Júri Popular (Festival de Cinema de Cascavel)",,Média-metragem
1452,A navalha na carne,Braz Chediak,Brasil,1970,91,Magnus Filmes,Não informado,Não informado,,Longa-metragem
1453,Irmãos Aniceto - No rastro do camaleão,Eric Laurence,Brasil,2007,21,Set Produções Audiovisuais e Comunicação Ltda,Festival Cine PE 2007Cine Ceará 2007,Melhor Fotografia - Cine Ceará 2007,,Curta-metragem
1454,Copa mixta,Jos&eacute; Joffily,Brasil,1979,10,Coevos Filmes LTDA.,Não informado,Não informado,,Curta-metragem
1455,Vontade,Manoel Rangel,Brasil,2002,13,ECA-USP,Não informado,Não informado,,Curta-metragem
1456,Pedalar,Andr&eacute;a Seligmann,Brasil,1992,13,Federação de Escolas de Imagem e Som da América Latina e ECA-USP,Não informado,Não informado,,Curta-metragem
1457,Ilê Aiyê / Angola,Orlando Senna,Brasil,1985,16,Saruê Filmes,Não informado,Não informado,,Curta-metragem
1458,O ano em que meus pais sairam de férias,Cao Hamburger,Brasil,2006,103,Gullane Filmes,Não informado,Não informado,2006-11-02,Longa-metragem
1459,Chega de saudade,La&iacute;s Bodanzky,Brasil,2008,95,Gullane Filmes e Buriti Filmes,Não informado,Não informado,2008-03-21,Longa-metragem
1460,Zagati,Edu Felistoque e Nereu Cerdeira,Brasil,2003,17,LCV Video Comunicação LTDA,Não informado,Não informado,,Curta-metragem
1461,Valdir & Rute,Eloi Pires Ferreira,Brasil,1997,15,Labo Vídeo Produções Artísticas Ltda.,"- VIII Fest. Internac. de Curtas Metragens de S.Paulo - 1997; - Fest. de Cinema de Cuiabá - 1997;- Fest. Internac. do Rio de Janeiro - 1997;- Lei do Curta, Porto Alegre -RS - 1998;- Fest Cine de Curitiba - (prêmio montagem) - 1998;- Guarnicê do Maranhão - 1998;- XVIII Fest. Intern. du Film d’Amiens (França) - 1998.- Cine-clube de Altensteig (Alemanha) - dez. ’99;- Proj. “Curta às Seis” / Espaço Unibanco (2 sem.) - SP- fev. 2000- Circuito Sem Tela – Curitiba - PR junho / 2000",Não informado,1997-12-13,Curta-metragem
1462,Avós,Michael Wahrmann,Brasil,2009,12,Sancho Filmes,"* 60th Berlin International Film Festival - BERLINALE 2010* 49th Golden Knight MALTA INT. Short Film Festival – Nominee* 34th Open Air Filmfest Weiterstadt – Germany* 33th Elche Film Festival – Spain* 32º Festival Internacional de Nuevo Cine Latinoamericano, Habana, Cuba – Competição* 27º BogoCine – Festival Internacional de Cine de Bogota, Colombia* 15th Ourense International Film Festival, Spain* 13th Festival Internacional de Cortos La Boca del Lobo, Madrid, Spain* 8th Zagreb Film Festival, Croatia* 8th CINEFIESTA – Puerto Rico Short Film Festival* 8th Palace Fest International Short Film Festival – Balchik, Bulgaria* 7th Filmfest Eberswalde, Germany* 6th Festival International du Court-Metrage de Geneve, Ecran Mobile, Switzerland* VI ISAFF Open Cinema, St.Petersburg, Russia* 5th Universo Corto, Short Film Festival Elba Island, Italy* 4th Thessaloniki International Short Film Festival, Greece* 20o Curta Cinema – Festival Internacional de Curtas do RJ* 20º Cine Ceará – Festival Ibero-americano de Cinema, Fortaleza* 17o Vitoria Cine e Vídeo, ES* 14a Mostra de cinema de Tiradentes, MG* VI Panorama Coisa de Cinema da Bahia – Salvador 2010* 5º CINEOP – Mostra de Cinema de Ouro Preto, MG* 9º MFL 2010 – Mostra de Filme Livre Rio de Janeiro 2010* 5º Festival Latino Americano de Cinema de São Paulo* 5ª Mostra Cinema e Direitos Humanos na América do Sul, Brasil – Exibição em 20 capitais brasileiras* IX Araribóia Cine - Festival de Niterói* 3a Janela Internacional de Cinema de Recife, PE* Mostravídeo ITAU Cultural – Curitiba e Belo Horizonte","* 30th Amiens International Film Festival, France - Grand Prix – Unicórnio de ouro para curta-metragem* 46th Chicago International Film Festival, IL, USA – Placa de Ouro para melhor curta de ficção* 14th Festival de Cinema Luso Brasileiro de Sta. Maria da Feira – Portugal – Melhor filme* Short Shorts International Film Festival Mexico – Melhor filme e melhor Diretor* 8º Festival Internacional de Cortometrajes MALCINE, Punta del Este, Uruguay – Melhor filme júri oficiale menção honrosa júri jovem* III Milano Super 8 Film Festival – Italy – Melhor Filme* 17th FeSanCor – Santiago International Film Festival, Chile – II melhor curta* 9º La Pedrera Short Film Festival – Uruguay - 2010 – Melhor diretor de arte* III La Noche de Los Cortos - International Short Film Festival, Lima, Peru – Menção Honrosa* Semana Paulista do Curta-metragem 2010 – Melhor Filme* 10º Goiania Mostra Curtas 2010, GO – Melhor Diretor* Primeiro Plano, Festival de Cinema de Juiz de Fora – Melhor diretor, Melhor Ator, Melhor filme júrijovem e menção honrosa para melhor atriz.* 21º Festival Internacional de Curtas de São Paulo – Mostra Brasil – entre os dez mais votados dopublico e menção honrosa no premio revelação.* 3º Entretodos, Festival de Curtas de Direitos Humanos, São Paulo – Melhor Diretor Estreante* V Miragem – Mostra Miracema de Cinem e Video, TO – Melhor Filme* 12o Mostra de Cinema de Londrina, PR - Troféu AVEC (Associação de Cinema e Vídeo do Paraná)* Curta 8 – V festival Internacional de Cinema Super 8 de Curitiba – 2009 – Melhor Filme, MelhorDireção, Melhor Roteiro, Melhor Sonorização, Melhor Ator para Sidney Szaja e Melhor Filme Júri Popular* 14º FAM – Florianópolis Audiovisual Mercosul - Menção Honrosa* 15° Festival Brasileiro de Cinema Universitário – Premio Cachaça Cinema Clube* PREMIO Aquisição Porta Curtas Petrobras no MIAU – Mostra Independente de Audiovisual Universitário– GOIANIA 2010* III Mostra MARILIA de Cinema 2010 – Melhor Trilha Sonora* PUTZ Festival Universitário de Curitiba – Melhor filme júri universitário, Melhor filme júri jovem emenção honrosa júri oficial* 4ª Mostra Curtas Cariri – CE – Premio do Publico* 4º Perro Loco – Festival de Cinema Universitário Latino Americano – Goiania, GO – Melhor ExpressãoCultural* Mostra IESB de cinema universitário, Brasilia, DF – Melhor Roteiro",2009-10-26,Curta-metragem
1463,Documentário,Rog&eacute;rio Sganzerla,Brasil,1966,10,Mercúrio Produções,Não informado,Não informado,,Curta-metragem
1464,O Bandido da Luz Vermelha,Rog&eacute;rio Sganzerla,Brasil,1968,92,Mercúrio Produções,Não informado,Não informado,,Longa-metragem
1465,W.C,DUNIA GOITIA SALAZAR,Brasil,1998,3,FAAP,Não informado,Não informado,,Curta-metragem
1466,"rio de-janeiro, Minas",Marily da Cunha Bezerra,Brasil,1991,10,Não informado,Não informado,Não informado,,Curta-metragem
1467,Fênix,Silvio Da-Rin,Brasil,1980,12,Não informado,Não informado,Não informado,,Curta-metragem
1468,Stelinha,Miguel Faria Jr.,Brasil,1990,113,1001 Filmes e Filmes do Sol,Festival de Gramado 1990;Festival de Cine de Viña del Mar 1991;Festival del Nuevo Cine 1991 Latinoamericano de la Habana,"Doze (12) prêmios no Festival de Gramado 1990, incluindo Melhor Filme pelo juri e Melhor Filme pelo juri popular.",,Longa-metragem
1469,Alma no olho,Zozimo Bulbul,Brasil,1974,12,Zozimo Bulbul,VI Jornada de Curtas Metragens (Salvador- Bahia - 1977),VI Jornada de Curtas Metragens (Salvador- Bahia - 1977) - melhor filmeTroféu Humberto Mauro - Embrafilme,,Curta-metragem
1470,Eu queria ser um monstro,Mar&atilde;o,Brasil,2009,8,Marão Filmes,"FEST CINE (São Carlos)CineFantasy - 4º Festival Curta Fantástico8º Santa Maria Vídeo e Cinema (Menção Honrosa)Animaserra (RJ)CHICO 2009 - Festival de Cinema e Video de PalmasVale Curtas - Festival Nacional de Curtas do Vale de São Francisco VI Mostra Competitiva de Videos do Interior – SP (Prêmio: Melhor Animação)4° Percepções - Festival Nacional de cinema de Muriaé (Prêmio: Melhor Animação)13ª Mostra de Cinema de TiradentesXIV Cine-PE – RecifeIguacine 20109ª Mostra de Cinema Infantil de FlorianópolisII ANIMAGE – Festival Internacional de Cinema de Animação de PernambucoLocomotiva 2010 (Prêmio: Melhor Animação Infantil)20º Cine Ceará (Mostra Especial)14º Florianópolis Audiovisual Mercosul / FAM2010 (Prêmios: Melhor Curta Infanto-Juvenil pelo Júri Popular e Menção Honrosa pelo Júri Oficial)18º Anima Mundi (Prêmios RJ: Melhor Animação Brasileira e Segunda Melhor Animação Infantil; Prêmio SP: Terceira Melhor Animação Brasileira)Mostra Ex-Alunos do Festival Brasileiro de Cinema Universitário3º Festival de Cinema de TriunfoSemana Paulistana do Curta Metragem 2010MOSCA 6 – Mostra Audiovisual de Cambuquira8° Festival Internacional de Cinema InfantilFestival de Cortos de Córdoba (Argentina)21º Festival Internacional de Curtas-Metragens de São PauloAnimaldiçoados - Festival Internacional de Animação de HorrorV Comunicurtas – Paraíba (Prêmios: Melhor Roteiro pelo Júri Oficial e Melhor Filme pelo Júri da Imprensa)1º Festival de Cinema de Paraíso –Tocantins (Prêmio: Melhor Animação)8º MUMIA - Mostra Udigrudi Mundial de Animação (Menção Honrosa)Mostra A Caverna (Santa Catarina)Entretodos 3 – Festival de Curtas de Direitos HumanosCurta-SE 10III Curta Taquary (Prêmios: Melhor Direção e Melhor Roteiro)4º Festival de Cinema na Floresta (Mato Grosso)IV Curta Cabo Frio (Prêmio: Melhor Animação)10ª Goiânia Mostra Curtas6º Curta Ourinhos (SP)Dia Internacional da Animação 2010 (quatrocentas cidades)ANIMANIMA International Animation Festival 2010 (Sérvia)CineBH - Mostra Internacional de Cinema de Belo Horizonte (Mostrinha de Cinema)Curta Cinema 2010 (RJ)7º Amazonas Film FestivalFBCU Mostra Ex-Alunos 2010II Eco Cine NoronhaFestival BrasilNoar (Barcelona - Catalunha – Espanha)2º Festival Manuel Padeiro de Cinema e Animação (Pelotas/RS)EXPOTOONS International Animation Festival's 4th edition (Argentina)II CurtaCarajás 1º Festival Nacional de Cinema de Petrópolis (Prêmio: Melhor Direção)IX Araribóia Cine – Festival de Niterói (Prêmio: Melhor Filme pelo Júri Multimídia)Mostra Miragem – Tocantins (Prêmio: Melhor Filme pelo Júri Popular)17º Vitória Cine VídeoCARTOONS ON THE BAY (Rapallo, Itália)","8º Santa Maria Vídeo e Cinema (Menção Honrosa)VI Mostra Competitiva de Videos do Interior – SP (Prêmio: Melhor Animação)4° Percepções - Festival Nacional de cinema de Muriaé (Prêmio: Melhor Animação)Locomotiva 2010 (Prêmio: Melhor Animação Infantil)20º Cine Ceará (Mostra Especial)14º Florianópolis Audiovisual Mercosul / FAM2010 (Prêmios: Melhor Curta Infanto-Juvenil pelo Júri Popular e Menção Honrosa pelo Júri Oficial)18º Anima Mundi (Prêmios RJ: Melhor Animação Brasileira e Segunda Melhor Animação Infantil; Prêmio SP: Terceira Melhor Animação Brasileira)V Comunicurtas – Paraíba (Prêmios: Melhor Roteiro pelo Júri Oficial e Melhor Filme pelo Júri da Imprensa)1º Festival de Cinema de Paraíso –Tocantins (Prêmio: Melhor Animação)8º MUMIA - Mostra Udigrudi Mundial de Animação (Menção Honrosa)III Curta Taquary (Prêmios: Melhor Direção e Melhor Roteiro)IV Curta Cabo Frio (Prêmio: Melhor Animação)1º Festival Nacional de Cinema de Petrópolis (Prêmio: Melhor Direção)IX Araribóia Cine – Festival de Niterói (Prêmio: Melhor Filme pelo Júri Multimídia)Mostra Miragem – Tocantins (Prêmio: Melhor Filme pelo Júri Popular)CARTOONS ON THE BAY (Rapallo, Itália)",,Curta-metragem
1471,Olhar e sensação,Carlos Reichenbach,Brasil,1994,10,Dezenove Som e Imagens,"Festival Internacional de Curtas de São Paulo, 1995.",Não informado,1994-10-21,Curta-metragem
1472,Naiá e a lua,Leandro Tadashi,Brasil,2010,13,Lúdico Filmes,"Festival de Cinema de Gramado; Festival Internacional de Curtas-Metragens de São Paulo Amazonas Film Festival;Goiânia Mostra Curtas;Curta Cinema;Mostra CineBH;Mostra do Audiovisual Paulista;Cine Fest Votorantim;Curta Ourinhos; Noite Contemporânea Cine Fest; Festival Pan-Amazonico de Cinema;Vitória Cine Vídeo;V Tudo sobre Mulheres;Festival de Varginha; Curta Carajás; Goiamum Audiovisual; Festival Aruanda do Audiovisual Brasileiro;Cine Cipó;24fps 2010 (Abilene, USA);Kino Klub Novi Sad - Film Front 2010 (Novi Sad, Serbia); Festival International du Court Métrage à Clermont-Ferrand (Clermont-Ferrand, France)","Menção Honrosa (Festival Noite Contemporânea – Rio de Janeiro, Brasil – Outubro 2010);Prêmio Gavião Real – Melhor Curta de Ficção (II Curta Carajás - Belém, Brasil – Dezembro 2010);Troféu Amazônia Doc – Melhor Curta de Ficção pelo Júri Popular (Amazônia Doc.2 - Belém, Brasil - Novembro 2010);Destaque Feminino pela Direção de Fotografia (V Festival Tudo Sobre Mulheres – Chapada dos Guimarães, Brasil - Novembro 2010);Prêmio Júri Popular (CineCipó - Festival de Cinema Sócio-Ambiental da Serra do Cipó – Janeiro de 2011).",,Curta-metragem
1474,A sombra de Sofia,Flavia Thompson,Brasil,2011,14,Catu Filmes,inédito,Não informado,,Curta-metragem
1473,O homem nu,Roberto Santos,Brasil,1968,112,WallFilmes e Pelmex Películas Mexicanas do Brasil,Não informado,Não informado,,Longa-metragem
1475,Filme demência,Carlos Reichenbach,Brasil,1985,90,"E. M. Cinematográfica ltda, Beethoven Street Filmes e Cinearte Produções Cinematográficas Ltda","* 14º  Festival de Gramado* 3º Rio Cine Festival* Troféu Macunaíma - Federação Nacional de Cine-Clubes (melhor filme de 86)Festivais InternacionaisRotterdam, Salssomagiore, Montreal, Edinburg, Ghent, etc."," * 14º  Festival de Gramado: Melhor Diretor (Carlos Reichenbach), Melhor Ator Coadjuvante (Emílio Di Biasi),  Melhor Atriz Coadjuvante (Imara Reis),  Melhor Montagem (Eder Mazini) e Prêmio da Crítica (Melhor Filme)* 3º Rio Cine Festival: Melhor Ator (Ênio Gonçalves) e Melhor Trilha Sonora  (Manoel Paiva & Luiz Chagas)* Votado no Festival de Rotterdam para o prêmio de ""filme inovador do ano"".",1987-03-19,Longa-metragem
1476,Nós somos um poema,Beth Formaggini e Sergio Sbragia,Brasil,2008,16,Lu Araújo Produções Artísticas Ltda.,Festival do Rio 2008Jornada de Cinema da Bahia 2008Vitória Cine Vídeo 2008CINE PE - FESTIVAL DO AUDIOVISUAL 2009Cinesul 2009 Cine Sul - Festival Ibero-Americano de Cinema e Vídeo 2009IN – EDIT Festival Internacional do Documentário Musical – Brasil 2009FESTIVAL GUARNICÊ DE CINEMA 20099ª Goiânia Mostra Curtas 2009Curta Taquary - Festival Nacional de Curta Metragem  2009 3º Festival Cine Música 2009RECINE - Festival Internacional de Cinema de Arquivo 2009Mostra Cinema Conquista 2009,"Menção Especial do Troféu Jangada (OCIC) do Vitória Cine Vídeo,Menção Honrosa pelo resgate de um registro único de uma parceria inédita entre dois gigantes da música brasileira” no Cine PE 2009 e Prêmio de melhor Documentário do Festival Guarnicê 2009. Foi um dos 10 selecionados pelo público do 20° Festival Internacional de Curtas Metragens de São Paulo.",,Curta-metragem
1477,O bravo guerreiro,Gustavo Dahl ,Brasil,1969,80,Difilm e Saga Filmes,Não informado,Não informado,,Longa-metragem
1478,Quem matou Elias Zi?,Murilo Santos,Brasil,1986,15,Brasiliana Produções Artísticas,Não informado,Não informado,,Curta-metragem
1479,A mula teimosa e o controle remoto,H&eacute;lio Villela Nunes,Brasil,2010,15,Gato do Parque,Não informado,Não informado,,Curta-metragem
1480,Pro dia nascer feliz,Jo&atilde;o Jardim,Brasil,2007,88,Tambellini Filmes e Fogo Azul Filmes,Não informado,29ª Mostra Internacional de Cinema de São Paulo  - Principal mostra competitivaPrêmio de Melhor Documentário – júri oficialPrêmio de Melhor Documentário – escolha do públicoFestival do Rio 2006 - Mostra competitiva de documentáriosFestival de Gramado 2006 - mostra competitiva princialPrêmio de Melhor filme - escolha da críticaPrêmio de Melhor Filme – Júri Popular Prêmio de Melhor trilha sonora Prêmio especial do Júri10º Festival de Recife/CINE PE 2006 - mostra competitiva principalPrêmio Especial do Júri Festival de Cinema Brasileiro de Miami -  2007 Prêmio especial do juriPrêmio Margarida de prata de melhor filme concedido pela CNBB – 2007,,Longa-metragem
1481,Janela molhada,Marcos Enrique Lopes,Brasil,2010,23,Tempo Impresso,XXI Festival Internacionalde Curtas-Metragens de São Paulo 2010X Goiânia Mostra Curtas 2010VII Amazonia Film Festival 2010 (Manaus)III Janela Internacional de CInema 2010 (Recife),Rucker Vieira de Roteiros da Fundação Joaquim Nabuco 2008Dez Favoritos do Público no XXI Festival Internacionalde Curtas-Metragens de São Paulo 2010Prêmio ABD no III Janela Internacional de CInema 2010 (Recife),,Curta-metragem
1482,Uma casa muito engraçada,Toshie Nishio,Brasil,1996,3,Universidade Federal Fluminense,ANIMA MUNDI – 4a Mostra Internacional de AnimaçãoCCBB – Rio de Janeiro – RJ – Brasil16 a 25 de agosto de 1996XXIII Jornada Internacional de Cinema da BahiaSalvador – BA – Brasil12 a 18 de setembro de 19964a Mostra Brasileira de Cinema e Vídeo de CuiabáCuiabá – MT – Brasil13 a 19 de outubro de 1996XXIX Festival de Brasília do Cinema BrasileiroDistrito Federal – Brasil28 de outubro a 04 de novembrode 1996Festival Internacional du Film Pour L'enfance et la JeunesseSousse – Tunisie24 a 30 de dezembro de 1996Sessão de Curtas no Estação Botafogo( dentro do programa “Curtas no Estação”)Rio de Janeiro – RJ – Brasil28 de janeiro de 1997I Festival de Cinema do RecifeRecife – PE – Brasil12 a 17 de março de 1997Festival de Cinema e Vídeo de CuritibaCuritiba – PR – Brasil28 de abril a 05 de maio de 1997Festival Guarnicê de Cine-VídeoSão Luís – MA – Brasil17 a 22 de junho de 19972 tes Internationales Festival des Jungen FilmsLeipzig – Alemanha04 a 12 de julho de 19975o Cinema Criança –Festival Internacional de Filmes para Infância e JuventudeCCBB – Rio de Janeiro – RJ – Brasil10 a 19 agosto de 19978o Festival Internacional de Curtas Metragens de São PauloSão Paulo – SP – Brasil21 a 30 de agosto de 1997IV Festival Internacional de Escuelas de CineDF – México08 a 15 de outubro de 19977a Mostra Curta CinemaCCBB – Rio de Janeiro – RJ – Brasil14 a 23 de novembro de 1997Sessão Criança – CCBBPrograma: “O mundo Mágico do Cinema”Rio de Janeiro – RJ – Brasil17 e 18 de janeiro de 19981o Prêmio Estação Botafogo de Cinema BrasileiroRio de Janeiro – RJ – Brasil20 a 26 de fevereiro de 1998Mostra “Curtas Premiados do Curso de Cinema da UFF” (Durante o Fórum preparatóriodo ECOCINE – 1o Festival Internacional do Cinema do Meio Ambiente) Teresópolis – RJ –Brasil22 a 24 de janeiro de 1999DIVERCINE - Festival Internacional de Cine para niños y jóvenesUruguay - Argentina - Brasil - Venezuela – Bolívia05 a 16 de julho de 1999Festival Internacional de Cinema da AmazôniaBelém do Pará – Brasil26 de novembro a03 de dezembro,"Prêmio de Melhor Filme Curta metragem no 29o Festival do Cinema Brasileiro (Júri Oficial)Moção de Congratulações, pela Câmara Municiplar de NiteróiPrêmio cantareira das Artes",,Curta-metragem
1483,Chá verde e arroz,Olga Futemma,Brasil,1989,12,Tapiri Cinematográfica,Não informado,"Prêmio Estímulo, 1988 da Secretaria da Cultura do Estado de São Paulo.Melhor figurino no Festival de Gramado, 18, 1990, Gramado, RS.Prêmio do Júri no Festival de Havana, 12, 1990, Havana, CU.",,Curta-metragem
1484,Os olhos não tem cerca,"Fabr&iacute;cio Mendes, Felipe Dias, Juliana Breda, Marisa Siqueira e S&eacute;rgio Giraldi",Brasil,2010,9,Kinoarte - Instituto de Cinema e Vídeo de Londrina,3a Mostra Marília de Cinema (estreia)21o Curta Kinoforum - Festival Internacional de Curtas Metragens de São Paulo,Não informado,2010-05-30,Curta-metragem
1485,That's a lero lero,Amin Stepple Hiluey e L&iacute;rio Ferreira,Brasil,1994,16,Trama Produções,Não informado,Não informado,,Curta-metragem
1486,Alice,Rafael Gomes,Brasil,2005,15,Ioio Filmes,"- 16º Festival Internacional de Curtas Metragens de São Paulo, 2005.- Festival do Rio BR – Festival Internacional de Cinema do Rio de Janeiro, 2005.- Tudo Sobre Mulheres – Festival de Cinema Feminino da Chapada dos Guimarães, 2005.- 3º Curta Santos, 2005.- 5º Goiânia Mostra Curtas, 2005.- 7ª Mostra Londrina de Cinema, 2005. - 19ª Mostra do Audiovisual Paulista, 2005.- II Mostra Piauí de Cinema, 2005.- 9ª Mostra de Cinema de Tiradentes, 2006.- Mostra do Filme Livre 2006.- 3º Festival de Cinema de Campo Grande, 2006.- 4º Festival de Cinema de Ribeirão Preto, 2006.- 16º Cine Ceará, 2006.- XI Festival Brasileiro de Cinema Universitário, 2006.- FAM 2006 – Florianópolis Audiovisual Mercosul, 2006.- 5º Santa Maria Vídeo e Cinema, 2006.- 3º Festival de Belém do Cinema Brasileiro, 2006.- 5º Festival de Cinema de Varginha, 2006.•FESTIVAIS INTERNACIONAIS – Seleção Oficial:- XX Festival Latino Americano de Trieste (Itália), 2005.- Festival Internacional de Cinema de Miami (EUA), 2006.- 18º Encontro do Cinema Latino Americano de Toulouse (França), 2006.- IV Festival Internacional de Filmes de Baixo Orçamento, Festival del Cine Pobre (Cuba), 2006.- Festival de Cinema Latino Americano de Utrecht (Holanda), 2006.- Festival Internacional de Curtas-Metragens de Trevignano - La Cittadella del Corto (Itália), 2006.- 34º Festival de Cinema de Huesca (Espanha), 2006.- II Festival Internacional de Cinema de Monterrey (México), 2006.- FilmGate 2006 – Festival Internacional de Filmes de Escola (EUA","- Prêmio de melhor filme de ficção no FilmGate International Student Film Festival, 2006.- Prêmio Porta Curtas (votação do público), no 16º Festival Internacional de Curtas de São Paulo, 2005.- Prêmio de Contribuição Técnica no XI Festival Brasileiro de Cinema Universitário, 2006.- Prêmio de Melhor Fotografia no 5º Santa Maria Vídeo e Cinema, 2006.- Prêmio de Melhor Filme, Melhor Direção, Melhor Ator (Fernando Alves Pinto) e Melhor Fotografia no 5º Festival de Cinema de Varginha, 2006.",,Curta-metragem
1487,Nuvens,Daniel Grinspum,Brasil,2008,13,ECA-USP,"6. CineFest de VotorantimFestival Cinema de Ourinhos 2009 - SP, BrasilFestival Internacional de cortos-metrages ""La Boca del Lobo"" - Madrid, EspanhaSaint-Petersburg International Youth Film Festival8. festival Nueva Mirada BsAs Argentina17. festival Int. de Curtas de Santiago Chile20. festival Int. de Curtas de São PauloMostra Ibergente 2009 Equador4. Mostra de Cinema Latino Americano de São Paulo13. FAM - Festival Audiovisual do Mercosul 2009","8. Beijing Film Academy Festival - Pequim, China (Prêmio Jurí Popular)36. Jornada Int. de Cinema da Bahia (Prêmio Melhor Mixagem)18. Prêmio Nascente 2008Festival Pantalla Latina - Zurich Suiça (Destaque Popular)",2009-04-27,Curta-metragem
1488,Garoto Cósmico,Al&ecirc; Abreu,Brasil,2007,75,Alê Abreu Produções Ltda.,Animacór- Festival Int. de animação de Córdoba-Espanha/  MÚMIA- Mostra Udigrudi de Animação 2007/   XI Festival Imagem em 5 minutos/ XI Festival Festival de Cinema de Ribeirão Preto/ Granimado- Festival de animação de Gramado 2008 / V VideoFestival de São Carlos/ I Animage- Festival Int. de animação de Pernambuco / Festival do Júri Popular 2009,"Animacór- Festival Int. de animação de Córdoba-Espanha: Menção Especial do Júri/  MÚMIA- Mostra Udigrudi de Animação 2007:Prêmio de Público/   XI Festival Imagem em 5 minutos: Menção Especial do Júri / XI Festival Festival de Cinema de Ribeirão Preto: Melhor Filme Júri Oficial, Melhor Filme Júri Popular / Granimado- Festival de animação de Gramado 2008: Menção Especial do Júri / V VideoFestival de São Carlos: Melhor filme de animação / I Animage- Festival Int. de animação de Pernambuco: Melhor Trilha Sonora / Festival do Júri Popular 2009: Melhor Motagem, Melhor filme experimental",2008-01-11,Longa-metragem
1489,Justiça,Maria Augusta Ramos,Brasil,2004,106,Limite,"Vision du Réel - NyonMessage to Man - St. Petersburg22nd München Film FestivalRencontres Int. de Cinéma - ParisEncounters – Cape TownMarias Kino - Bad EndorfNederlands Film Festival-Utrecht Biarritz, Fest. ... de l'Amerique LatineBordeaux Int. Film Fest. of Women in CinemaDocumentaire sur Grand Ecran - Paris Vlaams Int. Film Festival - GentViennale - ViennaInt. Leipzig Festival for Documentary Lisbon Int. Doc. Festival Aarhus Filmfestival Biannual Documentary Conference MexicoCopenhagen Int. Documentary Film Fest.Sheffield Int. Documentary FilmfestivalRencontres Int. du Doc. de Montréal 14. Oslo Internasjonale Filmfestival Festival dei Popoli, FlorenceMarfici 2004, Buenos AiresHuman Rights in Film , Warsaw Taiwan Int. Documentary festival Palm Springs International Film FestivalLas Palmas de Gran Canaria Int. FFFestival du Cinéma Nordique Play-Doc, I Festival Internacional de Doc. de Tui Thessaloniki Doc. Fest. Coruna, Centro Galego de Artes da Imaxe Dortmund, 10th Int. Womens FF. ""femme totale"" Buenos Aires, Festival del Cine Int. Quito, Ecuador Corporacion Cinememoria Seoul Human Rights Film Festival New York, Human Rights WatchJump Cut, Tel Aviv: School for EditorsBuenos Aires Festival Internacional de Cine IndependienteTri Continental Film Festival- Cape Town","Melhor Filme no Festival Internacional de Cinema Feminino de BordeauxMelhor Filme na Categoria Atlântico no Play-Doc(Festival Internacional de Documentários de Tui) na Espanha, março/2005.JUSTIÇA recebeu o Prêmio ""Grand Prize"" de Melhor Filme no Festival Internacional de Documentário de Taiwan, dezembro/2004Justiça recebe Menção Especial do Júri do II Festival Internacional de Cinema Documental, em Lisboa, “Pelo olhar sem compromissos ou demagogia sobre os destinos sociais no Brasil.”Prêmio da Anistia Internacional no Festival Internacional de Documentário de Copenhagen, Dinamarca, 2004Vencedor do Grande Prêmio do Festival Visions du Réel, em Nyon (Suíça), 2004Premiado na Seleção Extraordinária 2003 para Projetos de Distribuição de Filmes de Longa-Metragem da Petrobras",,Longa-metragem
1490,Helena Meirelles - A dama da viola,francisco de paula,Brasil,2005,72,Naïve Produções Artísticas Ltda,festivla do riomostra br de são paulofestiva latino americano de trieste- itáliamostra viva brasil- frança,Não informado,,Longa-metragem
1491,Sírius,Al&ecirc; Abreu,Brasil,1993,12,Alê Abreu Produções Ltda.,Não informado,Festival Imagemmágica93melhor direção de arteJornada de Cinema da Bahia94melhor filme de animaçãoFestival Int. de Cine para Niños e Jóvenes do Uruguayprêmio do júri oficialprêmio do júri de niñosprêmio BICE/Unicef,,Curta-metragem
1492,Gato / Capoeira,Mario Cravo Neto,Brasil,1979,13,Não informado,Não informado,Não informado,,Curta-metragem
1493,Pobre é quem não tem Jipe,Amauri Tangar&aacute;,Brasil,1997,23,Artes Brasil Produções Artísticas Ltda,8º Festival Internacional de Cinema de São Paulo;XXIIV Jornada Internacional de Cinema da Bahia;XXX Festival de Brasília do Cinema Brasileiro;VII Mostra Curta Cinema do CCBB;V Festival de Cine e Vídeo de CuiabáXXI Festival Guarnicê - MaranhãoXXXIX Festival de Cinema de Bilbao - Espanha;V Mostra Internacional do Filme Etnográfico - RJ;Festival do ALgarve - PortugalII Festival de CuritibaMostra de Cinema Brasileiro na CULTURGEST - PortugalFestival Internacional de Cinema de Cabo Verde;Mostra Brasileira de Cinema nos Açores - PortugalMostra Cine Serra - <T>eatro Bando - Portugal,Classificado entre os 10 melhores filmes do 8º Festival Internacional de Cinema de São Paulo;Prêmio OCIC  - JangadaPrêmio Revelação - Festival de BrasíliaPrêmio Andi - Festival de BrasíliaMelhor Filme - Juri Popular - Festival GuarnicêPrêmio Especial - Juri Oficial - Festival GuarnicêMelhor curta - ABD NacionalPrêmio Adriano Mo0raes - Festival do Algarve,,Curta-metragem
1494,Os cafajestes,Ruy Guerra,Brasil,1962,90,Magnus Filmes Ltda,Não informado,-Melhor filme estrangeiro no XII Festival Internacional de Berlin – Julho de 1962-Melhor filme estrangeiro no festival Internacional de New York – 1962-Award of Meritorious Participation no Festival Internacional de São Francisco – Novembro de 1962 ,,Longa-metragem
1495,Palavra (En)cantada,Helena Solberg,Brasil,2009,84,Radiante Filmes Ltda.,Não informado,Não informado,,Longa-metragem
1496,A OITAVA COR DO ARCO-IRIS,-,Brasil,2004,80,Artes Brasil Produções Artísticas Ltda,- 28º Mostra Internacional de Cinema de São Paulo – 2004- 2º Festival Internacional de Cinema de Campo Grande – MS – 2005- 3º Festival Internacional de Cinema de São Luis do Maranhão – MA 2005- 4º Festival Internacional de Cinema Infantil de Florianópolis – SC – 2005- 2º Festival de Cinema de Maringá  - PR – 2005- Gramado Cine e Vídeo – RS – 2005- Festival de Cinema Brasileiro de Nova York – 2005- 3º Festival Internacional de Cinema Infantil – Brasília – 2005- 3º Festival de Cine Inédito de Islantilla – Espanha – 2006- 1º Cine Brasil at the Mall – Los Angeles – USA 2006-  3º Festival de Atibaia Internacional do Audiovisual -  2008- 1st Charity Festival of Mônaco – 2008- 1º Festival de Alta Floresta – 2008- Festival de Cinema do Rio de Janeiro             -  3º Festival de Cinema de Belém            -  Festival de Brasília do Cinema Brasileiro,Não informado,,Longa-metragem
1497,"Bonitinha, mas ordinária",J.P. de Carvalho,Brasil,1963,101,Magnus Filmes Ltda.,Não informado,Não informado,,Longa-metragem
1498,A última casa de ópio,Pedro Rossi,Brasil,2010,22,Coevos filmes,Brazil Film Festival de Sydney - 2010;Chicago Latino Film Festival - 2011.,Não informado,,Curta-metragem
1499,Pão com mortadela ,Georgina Castro e Marcos Mello,Brasil,2009,15,Cinematográfica Superfilmes,20º Festival Internacional de Curtas-Metragens de São Paulo - Curta Kinoforum14º FAM 2010 - Florianópolis Audiovisual MercosulMelhor Curta Metragem - VI Prêmio FIESP/SESI do Cinema PaulistaCinesul 2010 - Festival Ibero-Americano de Cinema e Vídeo 2º Melhor Curta Metragem - Semana Paulista de Curta Metragem 3º Festival de TriunfoCinesul 2010 - Festival Ibero-Americano de Cinema e Vídeo Semana Paulista de Curta MetragemFestival Latino Americano de Canoa Quebrada -  VI Curta CanoaPrimeiro Plano 2010 – Festival de Cinema de Juiz de Fora e MercocidadesArraial Cine Fest 2010,Não informado,,Curta-metragem
1500,Rec Pause,-,Brasil,2009,15,Cinematográfica Superfilmes,Alucine - Toronto Latin Media Festival21º Festival Internacional de Curtas Metragens de São Paulo3º Festival de Cinema de Triunfo,Não informado,,Curta-metragem
1501,Um Rei no Xingu,-,Brasil,2001,28,Cinematográfica Superfilmes,"Festival do filme Documentário Etnográfico de Belo horizonte (Brasil/02)12º Mostra Curta Cinema (Brasil/02)45º International Leipzig Festival for Documentary (Leipzig/02)22º Festival International Film Amiens (França/2002)International Short Film Évora (Portugal/02)Vídeo Festival de São Carlos (Brasil/02)I Panorama Coisa de Cinema (Bahia/02)26º Festival de Guarnicê de Cinema (Brasil/03) Prêmios: Melhor Filme Júri Popular, Melhor Filme Vídeo Nacional Júri Técnico, Melhor Roteiro, Melhor Edição.",..,,Curta-metragem
1503,Ressaca,-,Brasil,2009,10,Rene Brasil,"18 Festival Biarritz Amerique Latine,17º FESANCOR - Festival del Cortometraje de Santiago - Chile.8º International Short FIlm Festival - Bulgaria,16º Mostra Latinoamerica de Lleida - Catalunya - Espanha,NYLFF - New York Latino Film Festival - USA,13º Mostra de Cinema de Tiradentes,20º Mostra Internacional de Curtas Metragens de São Paulo",Não informado,,Curta-metragem
1504,Princípio da incerteza,Cau&ecirc; Brand&atilde;o,Brasil,2009,14,Boo! Filmes,Não informado,Melhor Direção - Goiânia Mostra Curtas 2010,,Curta-metragem
1505,O gato na caixa,Cau&ecirc; Brand&atilde;o,Brasil,2010,19,Boo! Filmes,Não informado,Não informado,,Curta-metragem
1506,Dona Militana - a romanceira dos oiteiros,HERMES LEAL,Brasil,2010,18,HL FILMES,"Cine Ceará, Gramado Cine Vídeo, Curta Kinoforum, Santa Maria Vídeo e Cinema, Curta Canoa, Jornada da Bahia, Curta Cinema, FestCine Amazônia, FestNatal, Tudo sobre Mulheres, Chico, Curta Carajás, Mostra do Audiovisual Paulista",Melhor documentário no FestCine Amazônia,2010-06-28,Curta-metragem
1507,Libertas,Jackson Abacatu,Brasil,2009,9,Jackson Abacatu,"4º Locomotiva (Garibaldi/RS) - 15 a 18/04/2009VII Mostra Minas (Belo Horizonte/MG) - 04 a 06/06/20093º Curta Cabo Frio (Cabo Frio/RJ) – 03 a 13/09/2009Dia Internacional da Animação (Mostra em MG) – 26/10/2009VIII Anim!arte (Niterói/RJ) – 27 a 29/10/20097ª Mostra Múmia (Belo Horizonte/MG) – 26/10 a 01/11/20098º Festival de video estud. e mostra de cinema de Guaiba (GuaibaRS) – 08 a 14/11/20097º Festcine Amazônia (Porto Velho/RO) – 07 a 12/12/20094ª Mostra Disseminação (Belo Horizonte/MG) – 15 a 18/12/200913 ª Mostra Tiradentes (Tiradentes / MG) – 22 a 30/01/20101o Cine Ipoema (Ipoema / MG) – 20 a 25/04/2010Tanz Cine Brazil Fest (Zanzibar e Dar es Salaam – Tanzânia) – 27 a 30/05/201033º Festival Guarnicê de Cinema (São Luis/MA) – 22 a 26/06/2010Toronto Brazilian Expressions (Toronto – Canadá) – 16 a 18/07/2010Curta Taquary - (Taquaritinga do NortePE) – 09 a 11/09/2010Cine Inconfidentes (Mariana/MG) – 26 a 28/09/2010A Caverna –Mostra de animação (Florianólis/SC) – 26 a 29/10/2010Miragem – V Mostra de cinema e video de Miracema (Miracema doTocantins/TO) – 01 a 04/12/2010I Festival Maranhense de animação Maranime – (São Luis/MA) – 23 a 26/02/2011Mostra do Filme Livre – (São Paulo/SP, Rio de Janeiro/RJ) - 10 a 31/03/20116º FAIA – (Atibaia/SP) - 08 a 15/04/20115ª Baixada Animada Tela Digital – Web e TV Brasil – 2011",*Sonoplastia - 4º Locomotiva (Garibaldi/RS) - 2009*Melhor animação - VII Mostra Minas (Belo Horizonte/MG) – 2009*1º lugar animação – mostra alternativa - 8º Festival de video estud. e mostra de cinema de Guaiba (GuaibaRS) –2009*Melhor animação – categoria video - 33º Festival Guarnicê de Cinema (São Luis/MA) – 2010*Melhor curta (animação) *Melhor fotografia (animação) - Curta Taquary - (Taquaritinga do NortePE) – 2010*Melhor animação - I Maranime – (São Luis/MA) – 2011,,Curta-metragem
1508,Tempestade,Cesar Cabral,Brasil,2010,10,COALA PRODUÇÃO DE ELEMENTOS P/ CENOGRAFIA E ANIMAÇÃO LTDA,14o Cultura Inglesa Festival3o Festival de Cinema de Paulínia18o Animamundi21o Festival Internacional de Curtas de São PauloFestival do Rio 201010o Mostra Curtas GoiâniaMostra Cinema Conquista 2010 Mostra Cine BH 201017o Festival de Cinema de CuiabáMostra Caverna – Florianópolis20o Curta Cinema – Festival Internacional do RJ25o Festival Internacional de Cine Mar del Plata (Argentina)Loisadas Cortos (Espanha)12º Festival Internacional de Curtas de BH12° Mostra Londrina de Cinema22° Mostra do Audiovisual Paulista32° Festival Internacional del Nuevo Cine Latinoamerica (Havana – Cuba)17° Vitória Cine Vídeo11° Sundance Film Festival14ª Mostra de Cinema Tiradentes6° Festival Internacional de Cinema de Atibaia3° Festival do Júri PopularVII Prêmio FIESP/SESI do Cinema PaulistaRegensburger KurzfilmwocheUncipar SoloCortosBaixada Animada 201129° Festival Int. Cinematográfico do Uruguai18° Trickfilm Stuttgart Animation Festival15º Cine PEAnnecy Festival 2011Grande Prêmio do Cinema Brasileiro 20118° South Side Film FestivalCinesul 201115° FAM – Florianópolis Audiovisual Mercosul,Melhor produção na área de Cinema Digital – 14o Cultura Inglesa FestivalMelhor Direção – 3o Festival de Cinema de PaulíniaMelhor Filme – 17o Festival de Cinema e Vídeo de CuiabáMelhor Som - 17o Festival de Cinema e Vídeo de CuiabáMenção Honrosa - 32o Festival Internacional del Nuevo Cine Latinoamerica (Havana)Seleção oficial Sundance Film FestivalMelhor curta-metragem – XV Cine PEMelhor fotografia – XV Cine PEMelhor direção de arte – XV Cine PEMelhor Curta Metragem de Animação – Grande Prêmio do Cinema Brasileiro 2011,2010-07-16,Curta-metragem
1511,O Cozinheiro Negro,Eduardo Kishimoto,Brasil,2010,15,Cinegrama Filmes,Não informado,Não informado,,Curta-metragem
1509,Black Berlim,-,Brasil,2009,13,ACT Ubirajara Fidalgo,"I Mostra Espelho Atlântico – Matilha Cultural - São Paulo – Nov/2009Lateinamerika Institut der Freie Universität Berlin – Berlim, Alemanha - Fev/2010III Mostra Espelho Atlântico – Caixa Cultural – Rio de Janeiro – Maio/2010  III BAFF – Bahia Afro Film Festival – UFRB – Cachoeira/Bahia – Maio/2010IV Festival Internacinal Cine Cufa – CCBB – Rio de Janeiro – Agosto/2010 XXXVII Jornada Internacional de Cinema da Bahia - Espaço Unibanco Glauber Rocha e Goethe Institut - Salvador/Bahia - Setembro/2010  IV Encontro de Cinema Negro Brasil, Africa e Caribe - Cine Odeon - Rio de Janeiro -Novembro/2010  II Festival Audiovisual de Cineastas Mujeres Hecho X Mujeres - Cine El Cairo - Rosario/Argentina - Novembro/2010  Circuito Popular de Cinema e Video da Bahia - Salvador e interiores - Novembro/2010.SEDA - Semana do Audiovisual de Juiz de Fora - CineArte Palace - Maio/2011MostraBrasil Brasilianische Filmschau - Munique/Alemanha - Outubro/2011","•Selecionado como filme síntese sobre migração e imigração na Europa pelo Lateinamerika-Institut da Universidade Livre de Berlim•Menção Honrosa de Incentivo à Produção pelo juri do III BAFF – Bahia Afro Film Festival, Cachoeira/Bahia.",,Curta-metragem
1510,3x4,Caue Nunes,Brasil,2010,5,2.8 Comunicação ,18º Gramado Cine Vídeo (2010)IV Cinema Mundo - Festival Internacional de Cinema de Itu (2010)3º Festival Amadis du Film – Montpellier - França (2010)VII Mostra de Vídeos do Interior de SP (2010)IV Festival Internacional de Filmes Curtíssimos (2011)9º Cine Fest Brasil 2011 - Nova York IV Festival Paulínia de Cinema (2011)15º Brazilian Film Festival 2011 - Miami ,Melhor Roteiro - categoria curta regional - IV Festival Paulínia de Cinema (2011),,Curta-metragem
1512,Um dia e pouco (um filme a capela),-,Brasil,2011,8,Novas Direções Empreendimentos Culturais Ltda,Não informado,Não informado,,Curta-metragem
1513,Verdades Temporárias,-,Brasil,2009,15,Cinegrama Filmes,Não informado,Não informado,,Curta-metragem
1520,Mangueira por ela mesma,Carolina Paiva,Brasil,1996,15,Flora Filmes & Videos Produções Artísticas LTDA,Não informado,Não informado,,Curta-metragem
1515,Foi Uma Vez,-,Brasil,2009,15,Centro Universitário Senac,"15º Festival Brasileiro de Cinema Universitário, III Cine MuBE Vitrine IndependenteFestival Miragem 2010",Não informado,,Curta-metragem
1516,Ponto G - Amor à flor da pele,Marcelo Vogelaar,Brasil,2011,22,Centro Universitário Senac,In-Edit 2011,Não informado,,Curta-metragem
1519,Ellen e Davi,-,Brasil,2009,15,Traquitana Filmes,IV Festival de Cinema da Chapada dos Guimarães-MTIV Curta Canoa- CE16º Gramado Cine Vídeo- RS3º Festival de Cinema de Cascavel-PRFestival Agulhas Negras- RJCineclube Nós do Morro- RJ,Não informado,,Curta-metragem
1517,Quem Matou o Jorge?,-,Brasil,2009,16,F.F.Fraiha Produções ME,Não informado,Não informado,,Curta-metragem
1518,Contra-Golpe,-,Brasil,2010,7,Apoio de: FAAP,34º Mostra Internacional de Cinema em São Paulo,Não informado,,Curta-metragem
1521,Uma estrela de quatro pontas,Carolina Paiva,Brasil,1998,20,Flora Filmes & Videos Produções Artísticas LTDA,Não informado,Não informado,,Curta-metragem
1522,O contador de filmes,Elinaldo Rodrigues,Brasil,2010,15,Eliro Produções,"Festival Guarnicê de Cinema do Maranhão 2011;  Cine PE 2011; Festival Internacional de Cinema Lume; Curta-SE 2011, Festival Cinema com Farinha 2011; Festival de Ciinema de Riberão Preto 2011; Fest Aruanda 2010; Festival de Cinema de Votorantim 2010.",Melhor Documentário e Prêmio ABD-MA de Melhor Filme Curta Metragem no Festival Guarnicê do Maranhão 2011; Melhor Documentário do Cinema com Farinha - Festival de Audiovisual do Sertão Paraibano; Prêmio Neppau Melhor Curta Paraibano - Fest Aruanda 2010.,2010-12-13,Curta-metragem
1523,Outros Olhos,-,Brasil,2001,30,Flora Filmes,New York International Independent Film and Video Festival (ano 2001).XX Jornada Internacional de Cinema da Bahia (ano 2002).Mostra o Seu que eu Mostro o Meu – MAM RJ (ano 2002).III Jornada Fluminense de Cultura (ano 2002).Festival de Filmes Digitais do Amazonas (ano 2003).,Não informado,,Média-metragem
1538,1:21,Adriana C&acirc;mara,Brasil,2010,10,Menina dos Olhos do Brasil,"15º Cine PE Festival do Audiovisual - Recife/PE 2011(Prêmio de Melhor Filme da Mostra Pernambuco)18º Gramado Cine Vídeo - Gramado/RS, 2010(Prêmio de Melhor Ficção)6º Fest-Aruanda do Audiovisual - João Pessoa/PB 2010(Prêmios de Melhor Curta Experimental, Melhor Som, Melhor Fotografia) 1º Festival de Cinema Curta Amazônia - Porto Velho/RO, 2010(Prêmio de Melhor Filme Experimental)4º Festival Nacional de Curta Metragens do Vale do São Francisco, Vale Curtas – Juazeiro/BA e Petrolina/PE, 2010 (2º Prêmio de Melhor Filme Experimental)III Festival Paulínia de Cinema - Paulínia/SP, 201014ª Mostra de Cinema de Tiradentes - Tiradentes /MG, 20115º Cine Fantasy Festival Curta Fantástico - São Paulo/SP, 20101ª Mostra Nacional Curta Sertão - Floresta/PE, 20102º Festival Internacional de Cinema Independente Kino-Olho FIIK- Rio Claro/SP, 20103º Curta Taquary: Festival Nacional de Curta Metragem - Taquaritinga do Norte/PE, 20108ª Mostra Udigrudi Mundial de Animação MUMIA - Belo Horizonte MG e Nova Lima, 2010Locomotiva Festival de Cinema de Animação - Garibaldi/RS, 20105ª Mostra de Cinema e Vídeo de Miracema MIRAGEM - Miracema, Palmas, Tocantínia, Miranorte, Paraíso e Gurupi /TO, 20102º Mostra de Cinema Sem Limites - Rio Claro / SP, 2011Take 1 Mostra de Cinema e Vídeo -  Indaiatuba / SP, 2011Mostra Internacional do Primeiro Filme - Timbaúba/PE, 2011","Melhor Filme - 15º Cine PE Festival do Audiovisual - Mostra Pernambuco - Recife/PE 2011Melhor Ficção - 18º Gramado Cine Vídeo - Gramado/RS, 2010Melhor Curta Experimental, Melhor Som, Melhor Fotografia - 6º Fest-Aruanda do Audiovisual - João Pessoa/PB 2010Melhor Filme Experimental - 1º Festival de Cinema Curta Amazônia - Porto Velho/RO, 20102º Melhor Filme Experimental - 4º Festival Nacional de Curta Metragens do Vale do São Francisco, Vale Curtas – Juazeiro/BA e Petrolina/PE, 2010 ",,Curta-metragem
1525,Salto alto,Carolina Paiva,Brasil,2000,18,Flora Filmes,Não informado,Não informado,,Curta-metragem
1526,Alô tetéia,Jos&eacute; Joffily,Brasil,1978,10,Coevos filmes,Participou do Festiva de Brasília em 1978,Prêmio Festival JB Shell (1979),,Curta-metragem
1527,Canoa veloz,Joe Pimentel e Tibico Brasil,Brasil,2005,13,Tibico Brasil Imagens,CINE CEARÁ 2005FESTIVAL GUARNICE SAO LUIS 2005FESTIVAL DE VIDEO DA AMAZONIA,MELHOR DOCUMENTÁRIOMELHOR FILME ,,Curta-metragem
1528,Igbadu - cabaça da criação,Carla Lyra,Brasil,2007,16,Carla Lyra,"2007- IV Panorama Recife de Documentários, Recife – Brasil (pré-estréia em digital),  junho, 2007- VI Primeiro Plano, Juiz de Fora – Brasil (primeira exibição) , novembro  2007- 12a Mostra Internacional Etnográfica, Rio de Janeiro, Brasil, novembro, 2007- IX Festival Internacional de Cinema de Brasília, Brasília – Brasil, dezembro, 20072008&#61485;Cine PE – Mostra Pernambuco , Pernambuco, - Brasil, abril, 2008&#61485;Festival Todas las Voces Contra El Silencio, México – 11/04/2008- 15o Festival de Cinema e Video de Cuiaba, Mato Grosso - Brasil, maio, 2008&#61485;V Festival de Cinema de Maringá, Paraná – Brasil, maio 2008&#61485;31° Festival Guarnicê de Cinema – 11° Mostra Refestança – São Luis, Maranhão – 16/06/2008&#61485;Cineme-se, Santos – SP, junho 2008&#61485;Embaixada de Pernambuco, Santa Tereza, Rio de Janeiro, agosto/2008&#61485;3a Mostra Paulista de Cinema Nordestino, Centro Cultural São Paulo, São Paulo, 19 de setembro de 2008 (www.centrocultural.sp.gov.br)&#61485;XXV Festival de Cine de Bogota, Bogota, Colômbia, outubro/2008&#61485;Festival de Curtas de Natal, setembro/2008 (www.curtanatal.com.br)&#61485;AluCine Toronto Latin Film Festival – Curta – metragens de Brazil – Toronto – Canada – 28/11/2008&#61485;FestCine Amazônia, Porto Velho, Rondônia 10 a 15 de novembro de 20082009&#61485;- 7º Festival Internacional de Cine Digital, Viña del Mar-Chile&#61485;- II Festival Internacional de Cine de Gualeguaychú, Entre Ríos - Argentina&#61485;No Siesta, Fiesta! Festival Tromsø,  Noruega - www.nosiestafiesta.no org.nr &#61485;Festimatge 2009 - Barcelona -www.fotofilmcalella.org&#61485; I Festival do Filme Etnográfico do Recife - Mostra Ritual, Religião e Práticas Tradicionais, Recife, junho/2009 &#61485;Seleção oficial do Camera Mundo - 2º Festival de Filmes Independentes, Holanda junho/2009 www.cameramundo.nl&#61485; 7th edition ofthe international short festival Salento Finibus Terrae Salve, Nardò, Torre Santa Susanna, Carovigno, Mesagne, San Vito dei Normanni (Apulia, Italy)  from 11 to 26 July 2009&#61485; Cineseptiembre – Segunda Muestra de Cine Independiente – Mazatlan Sinaloa, México, from 16 to 20 Septiembre 20092010&#61485;IV Festival do Audiovisual – Cinema São Luiz, Recife",Prêmio Firmo Neto de Roteiro - 2004,,Curta-metragem
1529,O Rei Está Doente,Adriano Justino,Brasil,2003,16,Kosmos Noetos Produções Culturais LTDA.,Não informado,"Melhor Direção no II Curta Santos. Melhor Edição no Festival Primeiro Plano de Juiz de Fora. 3º lugar no Curitiba Videolab Festival - Ação 4:3. Troféu Pinhão de Melhor Edição - VI Festival de Cinema, Vídeo e Dcine de Curitiba. Troféu Armando Carreirão (Júri Popular) - I Catarina Festival de Documentários",,Curta-metragem
1530,Caminhão de Cavalo,Adriano Justino,Brasil,2008,10,Kosmos Noetos Produções Culturais LTDA,Não informado,Não informado,,Curta-metragem
1531,O Dia da Neve,Adriano Justino,Brasil,2009,20,Kosmos Noetos Produções Culturais LTDA,Não informado,Não informado,,Curta-metragem
1532,Curta saraus,David Alves,Brasil,2010,15,Não informado,"VII - Brésil en Mouvements, Paris, França, 2011V - Festival Cinema Mundo, Itu, Brasil, 2011II - Festival de Jericoacoara Cinema Digital, Jericoacoara, Brasil, 2011VII - Festival de Filmes do Interior - SP Film Comission, Ribeirão Preto, Brasil, 2011I - Festival de Cinema de Paraisopolis, São Paulo, Brasil, 2011I - Festival Nós na Tela, São Paulo, Brasil, 2011","Menção Honrosa - II - Festival de Cinema de Jericoacoara, Brasil, 2011Melhor Documentário - VII - Mostra Competitiva de Vídeos do Interior SP, Ribeirão Preto, Brasil, 2011Melhor Documentário - I - Festival de Paraisópolis, São Paulo, Brasil, 2011",,Curta-metragem
1539,Ratão,-,Brasil,2010,22,TMTA Comunicações,- 38º Festival de Cinema de Gramado- 34ª Mostra Internacional de Cinema em São Paulo- 43º Festival de Brasília do Cinema Brasileiro- 14ª Mostra de Cinema de Tiradentes- 3º Festival do Júri Popular- 4ª Mostra Marília de Cinema- 8º Festival de Cinema de Maringá- 6º Mostra de Cinema de Ouro Preto – CineOP- 34º Festival de Cine Independiente de Elche (Espanha)- 22º Festival Internacional de Curtas-Metragens de São Paulo,- Melhor Filme do Júri Popular no 38º Festival de Gramado- Melhor Filme do Júri Popular na 4ª Mostra Marília- Prêmio Câmara Legislativa - 43º Festival de Brasília,2010-08-12,Curta-metragem
1534,Adormecidos,-,Brasil,2011,6,Teia + Anavilhana,- 13º BAFICI - Festival Internacional de Cinema Independente de Buenos Aires – Argentina - 2011- 57º Festival Internacional de Cinema de Oberhausen – Alemanha - 2011- 19º Curtas Vila do Conde - Festival Internacional de Cinema – Portugal - 2011- 22º FIDMarseille – Festival Internacional de Cinema de Marseille – França - 2011- 8º Femina - Festival Internacional de Cinema Feminino - Rio de Janeiro - 2011 ,- Prêmio Especial do Júri no 8º Femina - Festival Internacional de Cinema Feminino - Rio de Janeiro - 2011 ,,Curta-metragem
1535,A invenção da infância,Liliana Sulzbach,Brasil,2000,26,M. Schmiedt Produções,"É Tudo Verdade, Festival de Brasilia e todos os festivais abaixo em que ganhou prêmios.","- Melhor Filme de Média-metragem, Melhor Diretor, Melhor Roteiro, Prêmio Especial de Filme Gaúcho, no 28º Festival de Gramado – Cinema Latino e Brasileiro;- Eleito um dos 10 favoritos do público, no 11º Festival Internacional de Curtas Metragens de São Paulo;- Melhor Filme pelo júri popular e Prêmio UNICEF, no 42º Festival Internacional de Filme Documentário e Curta-Metragem de Bilbao – Espanha;- Melhor Filme 16mm, no 1º Prêmio APTC de Cinema;- Melhor Curta-metragem, eleito pelo público, na 4ª Mostra de Cinema Brasileiro de Tiradentes; - Melhor Média-metragem, no II Grande Prêmio Cinema Brasil;- Melhor Curta-metragem, no II Images du Noveau Monde – Quebéc/Canadá;- Melhor Filme Documentário, Melhor Direção, Roteiro e Montagem de Curta-metragem em 16mm, no 5º Festival de Cinema do Recife;- Melhor Filme eleito pelo público, na 3ª Mostra de Taguatinga de curta-metragem; - Melhor Filme, no Short Short Film Festival – Tokio/Japão – 2001;- Menção Honrosa, no Sexto Festival Internacional Santiago Álvarez In Memoriam – Cuba – 2005.",,Curta-metragem
1536,Relicário,Rafael Gomes,Brasil,2008,18,Ioio Filmes,Não informado,"- Prêmio Tv Cultura de Curta Metragem, Panorama Paulista – 19º Festival Internacional de Curtas Metragens de São Paulo, 2008- Melhor ator (Thiago Pinheiro) no IV Festival Latino Americano de Cinema de Canoa Quebrada – Curta Canoa, Brasil, 2008- Melhor Fotografia no 2º Festival Paulínia de Cinema, Brasil 2009",,Curta-metragem
1562,Mulher Azul,-,Brasil,2011,20,Geofilmes Produções Audiovisuais Ltda,Não informado,Não informado,2011-06-28,Curta-metragem
1545,O Sete trouxas,M&aacute;rcio Schoenardie,Brasil,2008,14,Márcio da Rosa Schoenardie,Não informado,Não informado,,Curta-metragem
1540,A cidade e o poeta,Luelane Loiola Corr&ecirc;a,Brasil,2007,14,ELA Filmes ,"- 3ª Mostra de Cinema de Itabira, Pedra que Brilha.- V Mostra Curta Pará- Festival Luso-Brasileiro de Curtas Metragens de Sergipe, Curta-Se 8.- 11ª Mostra de Cinema de Tiradentes - 14º Vitória Cine Vídeo- VI Araribóia Cine - 7ª Goiânia Mostra Curtas","- Academia Brasileira de Cinema 2007,  Melhor Curta-Metragem de Documentário.- Prêmio Canal Brasil (Mostra de Tiradentes).- Prêmio Cine Santa (Vitória Cine Vídeo).",,Curta-metragem
1541,Perto de qualquer lugar,Mariana Bastos,Brasil,2007,17,Ioio Filmes,Não informado,"- Melhor atriz (Caroline Abras) no 35º Festival de Gramado, 2007- Menção de honra Canal Brasil, 2007- Melhor atriz (Caroline Abras) no 7º Santa Maria Vídeo e Cinema, Brasil, 2008- Melhor Direção de Fotografia (Cláudio Leone) no 7º Santa Maria Vídeo e Cinema, Brasil, 2008- Melhor atriz (Caroline Abras e Renata Gaspar) na 2ª Mostra Internacional de Cinema em Língua Portuguesa – Mostralíngua, Portugal, 2008- Melhor fotografia na 2ª Mostra Internacional de Cinema em Língua Portuguesa – Mostralíngua, Portugal, 2008 ",,Curta-metragem
1542,Saliva,Esmir Filho,Brasil,2007,15,Ioio Filmes,Não informado,"• Selecionado para o FESTIVAL DE CANNES 2007 – Semana da Crítica • Melhor curta metragem no SITGES – Festival Internacional de Filmes de Cataluña, Espanha, 2007 • Eleito candidato Brasileiro para disputa de Indicação ao OSCAR •Melhor Direção no 35º Festival de Cinema de Gramado, 2007• Grande Prémio de Melhor filme no Festival Internacional de curtas do Rio de Janeiro – Curta Cinema 2007• Grande Prêmio Mostralíngua 2007, Coimbra - Portugal• Melhor direção e Melhor montagem na Mostra Londrina de Cinema 2007• Melhor Filme no 11o. Festival Cultura Inglesa, 2007.• Prémio Aquisição Canal Brasil 2007• Melhor direção e Melhor Atriz no Curta Canoa 2007• Melhor curta metragem no III Tudo Sobre Mulheres 2007• 2º Lugar Melhor Curta Metragem no 4ª Mostra Curta Pará Cine Brasil• Melhor fotografia e Melhor montagem no Vitória Cine e Vídeo 2007• 2º Lugar no  Festival Nacional de Curtas- Metragens do Vale do São Francisco, Vale Curtas,  2007• Melhor Filme no 5º Festival de Cinema de Campo Grande (júri official), 2008• Melhor Curta no Festival Internacional OrvietocortoFest , Itália, 2008• Melhor Direção e Melhor Montagem no CINE PE – Festival do Audiovisual, Brasil, 2008• Prêmio Especial Melhor Filme pelo júri, 2º Festival de Cinema de Itapeva, Brasil, 2008• Melhor Montagem no 15º Festival de Cinema e Vídeo de Cuiabá, Brasil 2008• Melhor Direção e Melhor Fotografia no 12º Festival do Cinema Brasileiro em Miami, EUA, 2008• Melhor Direção e Melhor Edição no FAM – Florianópolis Audiovisual Mercosul, Brasil, 2008• Melhor Filme no II Festival de Cine de los Pueblos de Sur, Venezuela, 2008• Melhor Filme no 24º Festival de Cinema de Torino, Itália, 2009• Prêmio Especial do Júri – Melhor Filme no 17º Festival de Curtas Arcipélago, Itália, 2009",,Curta-metragem
1543,Caos,-,Brasil,2010,15,ÍonCine,33º Festival Internacional de Curtas-metragens de Clermont-Ferrand34º Montreal World Film Festival40º Festival Internacional de Cinema de Kiev33º Moscow International Film Festival (Rússia)29º Festival Internacional de Cinema do Uruguay26° Festival Internacional de Cine en Guadalajara22º NewFest: New York LGBT Film Festival15º FLICKERS: Rhode Island International Film Festival (EUA)17º CFC - Worldwide Short Film Festival (Canadá)16º FBCU - Festival Brasileiro de Cinema Universitário4º Tabakalera Labo 201121º Festival Internacional de Curtas de São Paulo14ª Mostra de Cinema de Tiradentes22ª Mostra do Audiovisual Paulista21º Semana de Cine Experimental de Madrid (Espanha)20º Message to Man - International Film Festival10º Cineclube Curta Circuito10ª Mostra do Filme Livre9º Festival de Cinema de Ribeirão Preto&#8207;8º Cine Esquema Novo8º SEDICICORTO International Film Festival8º Festival de Cinema de Maringá6º Festival de Cinema Latino-Americano de São Paulo4º International Festival of Short Films and Visual Arts4ª Mostra CineBH 20104ª Mostra Marília de Cinema3º Festival do Júri Popular2ª Semana dos Realizadores3º Festival ArtDeco2º Guará - Festival de Cinema Ambiental1º Festival Lume de Cinema1º Mostra Piqui de Artes Audiovisuais,Melhor Filme no Festival Lume de Cinema 2011Melhor Filme no Festival ArtDéco de Cinema 2011Melhor Concepção Sonora na Mostra de Cinema de Marília 2011,2010-08-20,Curta-metragem
1628,Reminiscências,-,Brasil,2010,19,Grafo Audiovisual,Não informado,Não informado,,Curta-metragem
1630,Animágico! Le grand finale ,-,Brasil,2011,1,Não informado,Não informado,Não informado,,Curta-metragem
1631,Animágico! O grande amor ,-,Brasil,2011,1,Não informado,Não informado,Não informado,,Curta-metragem
1632,Animágico! O grande truque ,-,Brasil,2011,1,Não informado,Não informado,Não informado,,Curta-metragem
1633,Bonequices ,Rodrigo Alonso,Brasil,2010,9,Não informado,Não informado,Não informado,,Curta-metragem
1634,Borboleta,-,Brasil,2011,1,Não informado,Não informado,Não informado,,Curta-metragem
1635,A bruxinha Lili e a baleia Belena ,-,Brasil,2011,5,Não informado,Não informado,Não informado,,Curta-metragem
1636,O casamento da Ararinha-azul,-,Brasil,2011,4,Não informado,Não informado,Não informado,,Curta-metragem
1546,Tembîara,Jackson Abacatu,Brasil,2011,10,Abacatu,-,-,,Curta-metragem
1547,Hoje tem alegria,-,Brasil,2010,25,Ay que Rico,* É tudo verdade 2011 * Mostra do Filme Livre 2011 * Festival Internacional de Uruguay 2011 * Festival Internacional de Huesca (Espanha) 2011 * Cinedocumenta - Ipatinga MG 2011 * Cinesul 2011," É tudo verdade 2011 - melhor curta-metragem, júri ABD-SP",,Curta-metragem
1548,Passeios pelo invisível: encontros com a fotografia,J&uacute;lio Ricc&oacute;,Brasil,2010,21,Júlio Riccó Fotografia,Tela Digital2 Curtamazônia8 Cinedocumenta,Não informado,,Curta-metragem
1549,Betty quer morrer,Joeli Pimentel,Brasil,2009,15,Joda Filmes,"Selecionado para 33° Mostra Internacional de Cinema de São Paulo, 1° Festival de cinema de Paraupebas/ Curta Carajás, FestAmazônia 2010 e 1° Arraial Film Festival/Bahia)",Nenhum,2009-10-01,Curta-metragem
1550,Aeroporto,-,Brasil,2010,22,Símio Filmes,"III Janela Internacional de Cinema, Recife14a Mostra de Cinema de Tiradentes Curta Cinema de 2010, Rio de Janeiro",Não informado,,Curta-metragem
1551,Hoje tem Felicidade,Lisiane Cohen,Brasil,2005,13,Margem Cinema Brasil Ltda,"Festival de Gramado, 5º Curta-se de Sergipe, Festival de Belém, 8º Brasil Plural, New York Brasilian Film Festival 2005, 9º FAM, 16º Festival Internacional de Curta-metragem de São Paulo, entre outros.","Melhor Filme no 5º Curta-se de Sergipe, Melhor ator no 2º Festival de Belém, Melhor atriz no 33º Festival de Gramado Mostra Gaúcha, Prêmio José Lewgoy de melhor ator",,Curta-metragem
1552,Mestre Izael,-,Brasil,2011,24,Magma Filmes,Não informado,Não informado,2011-07-23,Curta-metragem
1553,Releitura,-,Brasil,2011,25,Lutek Filmes,Não informado,Não informado,2011-09-17,Curta-metragem
1554,Retrovisor,-,Brasil,2010,14,Oka Comunicações,Festival de Cinema de Paulínia (2010)Jornada Internacional da Bahia (2010)Festival do Rio – Mostra Geração (2010)Festival Internacional del Nuevo Cine Latinoamericano – Havana – Cuba (2010)17º Vitória Cine Vídeo (2010)8º Festival de Cinema de Maringá (2011)Curta-SE (2011),Prêmio de Melhor Ator Principal para Douglas Valdez Lima no 8º Festival de Cinema de Maringá (2011),,Curta-metragem
1555,Uma Primavera,Gabriela Amaral Almeida,Brasil,2011,15,Acere Produção Artística e Cultural Ltda,4º Paulínia Festival de CinemaFEMINAVII Panorama Internacional Coisa de CinemaFestival Internacional de Curta Metragem SP- KinoforumSemana Paulistana do Curta MetragemXXXVIII Jornada  Internacional de Cinema da Bahiacine BH13o Festival Internacional de Curtas de Belo HorizonteCurtas Cinema (Rio de Janeiro) Mostra Feminino PluralIV Janela Internacional de Cinema Mostra Cinema da Conquista,Melhor Direção no Festival de Paulínia,2011-06-12,Curta-metragem
1556,A sutil circunstância,Gabriela Amaral Almeida e Matheus Rocha,Brasil,2011,11,ACERE FC,Mostra TiradentesI Festival Internacional de Cinema de Lume ,Não informado,,Curta-metragem
1557,Izamara,Diogo Hayashi,Brasil,2010,10,"ACERE FC, Vision Filmes, Universidade Anhembi Morumbi.",21º Curta Kinoforum Festival Internacional de Curtas Metragens de SPPerro Loco8º MUMIA Mostra Udiigridi Mundial de AnimaçãoPrimeiro Filme9º Santa Maria Vídeo e Cinema10ª Goiânia Mostra Curtas9º NÓIA - Festival do Audiovisual Universitário9º Araribóia Cine - Festival de NiteróiFestival Cine Inconfidentes22ª Mostra do Audiovisual PaulistaFestival Primeiro Plano - Juiz de Fora8ª  FEST CINE AMAZÔNIAAnim!Arte 2010Mostra Disseminação14º Mostra de TiradentesCine Sul,Não informado,,Curta-metragem
1558,A menina metalinguística e o garoto melancólico,-,Brasil,2010,11,Buzina Filmes,"I Cineamor, Cinesul 2010, Santa Maria Video e Cine 2010, 9º Festival Nacional de Cinema de Varginha, 37ª Jornada Internacional de Cinema da Bahia, 43º Festival de Brasilia do Cinema Brasileiro, FestCine Amazônia 2010, Curta Canoa 2010, IX Araribóia Cine, Cine Inconfidentes, Festival CineMuBE - Vitrine Independente do Audiovisual, 16º Festival Brasileiro de CInema Universitário - Mostra Batizados pelo Sal Grosso, Festival internacional de curtas de São Paulo 2011.",Prêmio do Juri Popular do Santa Maria Vídeo e Cine 2010.Prêmio de Melhor Filme no Festival Nacional de CInema de Varginha.Prêmio de melhor curta-metragem e troféu da revista piauí no Festival CineMuBE - Vitrine Independente do Audiovisual.,,Curta-metragem
1559,Lá do Leste,Carolina Caff&eacute; e Rose Satiko Gitirana Hikiji,Brasil,2010,28,Movi & Art,- Festival de Cinema da Zona Leste de SP- Mostra de vídeos da Anpocs - Mostra de vídeos do seminário Imagens da Cultura ,não há,2011-05-20,Curta-metragem
1629,O amor im-possivel,-,Brasil,2010,3,Não informado,Não informado,Não informado,,Curta-metragem
1560,Lápis de cor,-,Brasil,2010,16,Glaz Video,"•14th Mostra de Cinema de Tiradentes - (Brasil)•26th FICG – Festival Internacional de Cine de Guadalajara – México •4th Cine Fest Brasil Canudos - (Brasil)•3rd CMS Intern. Children Film Festival – Lucknow / INDIA Award Best Short •10th  Florianópolis Children Film Festival - (Brasil)•FEMINA – International Women’s Film Festival (Rio de Janeiro, Brasil)•9hFICI – Brazilia Kids Film Festival (Brasil)•NYILFF – New York International Latino Film Festival (USA)•9th Vancouver Latin American Film Festival (Canada)•11º Curta SE – Iberoamerican Film Festival Sergipe / Brasil•29th Carroussel du Film di Rimouski – Festival Int. de Cinema Jeunesse (Canada)•Short Film Festival of Ribeirão Preto / São Paulo (Brasil)",Melhor curta-metragem no 3rd CMS International Children Film Festival Lucknow / INDIA,2011-01-29,Curta-metragem
1561,Adro da candelária,Alexandre Guerreiro,Brasil,2007,15,ELA FILMES LTDA,"- Festival Guarnicê de Cinema, 2007.- Festival Internacional de Curtas-Metragens de São Paulo, 2007.",Troféu Jangada - Melhor Filme do Júri OCIC (Festival Guarnicê).,,Curta-metragem
1563,"Ele era um menino feliz - O Menino Maluquinho, 30 anos depois",-,Brasil,2011,30,Vila Filmes,- Festival de Cinema de Maringá- 10a. Mostra de Cinema infantil de Florianópolis- Festival Cinesul (Rio de Janeiro)- 4o. Curta Taquary (Pernambuco),Não informado,,Média-metragem
1564,Brincantes visionários,Elinaldo Rodrigues,Brasil,2007,20,Eliro Produções,Fest Aruanda 2007Cineport 2009Festival Cinema com Farinha 2008Cine Sul 2008XII Festival Nacional de Arte - Fenart,Melhor Produção Independente - Fest Aruanda 2007Prêmio BNB de Cinema - Fest Aruanda 2007,,Curta-metragem
1565,Onde está América Latina? Percal,Pedro Dantas,Brasil,2005,25,Pedro da Silva Dantas Neto,"9º FAM (Florianópolis Audiovisual do Mercosul),XXXII Jornada Internacional de Cinema da Bahia,Mostra do Filme Livre 2006,9º Festival de Cinema, Vídeo e DCine de Curitiba,9ª Mostra de Cinema de Tiradentes,Mostra Ajid De video, La Paz, Bolívia,7ª Mostra Londrina de Cinema,4a Santa Maria Mostra de Cinema e Vídeo","Melhor Vídeo documentário 9º FAM (Florianópolis Audiovisual do MERCOSUL),- Melhor Filme da 7ª Mostra Londrina de Cinema pelo Júri Popular,- Melhor Som Direto no 4º Santa Maria Festival de Cinema e Vídeo – RS",,Curta-metragem
1566,Onde está América Latina? Uma mina de ouro em PuelMapu,Cristian Cancino e Pedro Dantas,Brasil,2005,28,Pedro da Silva Dantas Neto,"Mostra da ABD do Festival Internacional de Curtas do Rio de Janeiro / II MoVA Caparaó - ES /  12o Vitória Cine Vídeo / 9ª Mostra de Cinema de Tiradentes / Ciclo de Cine Y Debates Mapu-Tierra em Esquel, na Patagônia Argentina / FELCO Buenos Aires 2007 / adquirido pela TV Brasil para a série DOC Latino / Mostra Aji De Vídeo, em La Paz, Bolívia / Acervo do Instituto Itaú Cultural/  biblioteca Virtual da América Latina Victor Civita",Melhor Vídeo do II MoVA Caparaó - ES,,Curta-metragem
1567,KinOpoÉTicaS - Katari Kamina,Pedro Dantas,Brasil,2011,14,Sussuarana Filmes,"- Mostra Competitiva CINESUL 2011 - Festival Ibero Americano de Cinema do Rio de Janeiro- Mostra Competitiva de Curtas Mercosul do 15º FAM (Florianópolis Audiovisual do Mercosul)- CURTA-SE, Festival Ibero Americano de Cinema de Sergipe- Mostra do Filme Livre 2011, RJ / SP- 38ª Jornada Internacional da Bahia, Mostra Especial Retrospectiva do diretor Pedro Dantas- 3º AMAZÔNIA DOC - PA- 10º Festival Santa Maria Vídeo e Cinema - RS- 7º Festival Curta Canoa - Seleção Oficial Cine Festival Inconfidentes - MG- V Arraial CineFest- Vale Curtas 2011 - PE- III Festival de Cinema de Fronteiras - RS",Não informado,,Curta-metragem
1568,KinOpoÉTicaS - Torpellino,Pedro Dantas,Brasil,2010,9,Sussuarana Filmes,"- Mostra Competitiva do 17º Vitória Cine Vídeo - Mostra Competitiva do 2º Amazônia Doc- CURTA-SE 2011, Festival Ibero Americano de Cinema de Sergipe- Mostra Competitiva do 8º Festival de Cinema de Maringá- 38ª Jornada Internacional da Bahia, Mostra Especial Retrospectiva do diretor Pedro Dantas",- Melhor documentário da Mostra Curta Tudo do IV Arraial Cine Fest ,,Curta-metragem
1569,Eu sou como o polvo,S&aacute;vio Leite,Brasil,2006,4,Leite Filmes,- III Bienal Interamericana de Vídeo Arte – Washington 2006 / Roma 2007- 2º  Festival Internacional El Ojo Cojo – Madrid – Espanha – 2006.-III Festival Internacional de Cortometrajes de  Cusco – Peru – 2006- 5º Festival Internacional de Cine Digital – Viña Del Mar – Chile – 2007.- Ambulart 2007 – Muestra de Arte Audiovisual – Ecuador / Alemanha.&#61485;Festival de Cine Social de La Pintana - Santiago de Chile – 2007&#61485;Festival for Contemporary Art - Varna - Bulgaria - 2007&#61485;BRASILANDSCHAFT - kurz gesehen - Berlim - Alemanha -2007.&#61485;Festival Internacional de Cortometrajes Oberá en Cortos - Missiones - Argentina - 2007.&#61485;BRASIL NOAR – 7º Festival Internacional da Nova Arte Brasileira – Barcelona – Espanha – 2007.&#61485;CORTOCIRCUITO - IV Festival Internacional de Cortometrajes de Santiago de Compostela  -  Espanha – 2007&#61485;19° Festival Internacional de Cine de Viña Del Mar – Chile – 2007.&#61485;Festival de Cinema de Arouca – Portugal – 2007.&#61485;3° Festival de Cine San Juan de Pasto – Colômbia – 2007.&#61485;III Muestra Internacional de Cortometrajes Cine a la calle al aire libre – Barranquila – Colômbia – 2007. -   Mostra Brasileira de Cinema Independente na França - 2008 - XXXIII Jornada Internacional de Cinema da Bahia – Brasil – 2006- 17º Festival Internacional de  Curtas Metragens  de São Paulo – Brasil – 2006.- 6º Goiânia Mostra Curtas – Brasil – 2006.- 3º Amazonas Film Festival – 2006 – Brasil- CURTA CINEMA - 14º Festival Internacional de Curtas Metragens do Rio de Janeiro. 2006 . Brasil- Mostra Internacional Audiovisual de Ouro Preto – Imagem dos povos – 2006 – Brasil- XIV Festival de Vídeo de Teresina – PI – 2006 – Brasil- 10ª Mostra de cinema de Tiradentes – MG – 2007.- Mostra do Filme Livre – Rio de Janeiro – 2007.-11º CINE PE - Festival do Audiovisual de Recife – Brasil – 2007.- 3 CINEPORT - Festival de Cinema de Países de Língua Portuguesa - Brasil - 2007&#61485;V Mostra Minas de Cinema e Vídeo – Belo Horizonte - 2007.&#61485;1ª Mostra Curtas Cariri Plus Experimental - CE - Brasil - 2007.&#61485;CineEsquemaNovo 2007 – Festival de Cinema de Porto Alegre. Brasil&#61485;2ª Mostra de Cinema de Ouro Preto - Brasil - 2007.&#61485;9° Festival Internacional de Curtas de Belo Horizonte - Brasil 2007.&#61485;Mosca 3 - Mostra do Audiovisual de Cambuquira - Brasil - 2007.-  15° Gramado Cine Vídeo - Brasil - 2007.-   2º Festival Circulante de curtas metragens - Cajamar - SP - Brasil. 2007.-  Festival Curta Cabo Frio – Rio de Janeiro – Brasil - 2007-  6° Festival de Cinema de Varginha – MG – Brasil – 2007- 5° Festival Internacional de Quadrinhos de Belo Horizonte – MG – Brasil – 2007.- Videofestival São Carlos – SP – Brasil – 2007.- Vitória Cine Vídeo – ES – Brasil – 2007.- Iguacine – 1° Festival de Cinema da Cidade de Nova Iguaçu - Rio de Janeiro - 2008.- Festival Maranhão na Tela – MA - Brasil - 2009,-Menção Honrosa - - III Bienal Interamericana de Vídeo Arte – Washington –2006-Menção Honrosa - 3º Amazonas Film Festival – 2006 – Brasil-Melhor Vídeo Experimental - XIV Festival de Vídeo de Teresina – 2006 - Brasil-Menção Honrosa - V Mostra Minas de Cinema e Vídeo – Belo Horizonte - 2007. Brasil.-Prêmio de Experimentação Técnica em desenho - Cine Esquema Novo - Festival de Cinema de Porto Alegre - 2007.,,Curta-metragem
1570,O paraíso é isso,Ana Paula Teixeira,Brasil,2011,20,Mira Filmes,"1º Festival de Cinema Curta Amazônia, em Porto Velho (RO); 20º Cine Ceará - Festival Ibero Americano de Cinema, em Fortaleza (CE); Mostra de Vídeo Independente, que ocorre durante todo o ano em Porto Alegre (RS).",Mostra de Vídeo Independente - melhor fotografia e melhor vídeo (júri popular).,,Curta-metragem
1571,Dossiê Noronha,-,Brasil,2010,20,Mira Filmes,21º Cine Ceará,Não se aplica,,Curta-metragem
1572,Exilados,-,Brasil,2011,20,Não se aplica (vídeo independente),Não se aplica (vídeo inédito),Não se aplica (vídeo inédito),,Curta-metragem
1573,Em busca da cor,Telmo Carvalho,Brasil,2002,13,Tusche Produções,Não informado,Não informado,,Curta-metragem
1574,Iguiberto,-,Brasil,2004,5,Tusche Produções,Não informado,Não informado,,Curta-metragem
1575,Avenida parada - a polícia na maior festa gay do mundo,Carla Albuquerque,Brasil,2011,22,Medialand Prod. Com. Ltda.,Não informado,Não informado,,Curta-metragem
1576,O Enfermeiro José,-,Brasil,2011,17,Medialand Prod. Com. Ltda.,Não informado,Não informado,,Curta-metragem
1577,30.000 Torcedores X 1.000 Policiais  ,-,Brasil,2011,29,Medialand Prod. Com. Ltda.,Não informado,Não informado,,Curta-metragem
1578,Herança,-,Brasil,2007,24,Milímmetros Produções AV. ,"Festivais Internacionais2007- NUFF – Nordic Youth Film Festival – Nuff Global- Tromso – Noruega http://www.nuffglobal.net/News/Film_projects/Pampa_Unknown_Desert.php http://www.nrk.no/nyheter/distrikt/troms_og_finnmark/1.2587020 - Third Pole - Climate Film Festival, Praga, República Tcheca. - Documentary Day, em Jacarta, Indonésia.- Mediterranean Environmental Award – MEA – Barcelona – Espanha http://www.medaward.org/ 2008 - 2nd South to South Film Festival, em Jacarta , Indonésia. http://www.jatam.org/stos/content/blogcategory/18/19/Festivais Nacionais2007- 4° Festival de Cinema de Maringá – Maringá - PR- 6° Santa Maria Vídeo e Cinema - Santa Maria - RS - 15° Gramado Cine Vídeo – Gramado - RSMostras e outras exibiçõesPré-estréias Maio de 2007- Cesma – Cineclube Lanterninha Aurélio Maio de 2007– Pré-estréia em Alegrete – Fenegócios e na Escola Costa Leite2007Mostra Identidades Culturais, questões ambientais- I Festival Internacional da Primavera de Artes visuais e artes cênicas – Silveira Martins - RS 2008- I Mostra do Filme Ambiental e Etnográfico de Rio das Ostras -Rio das Ostras - RJ ttp://filmeambientaletnograficoriodasostras.blogspot.com/ /- Mostra de Cinema Verão Ambiente – Centro Cultural CEEE Érico Veríssimo - Porto Alegre - RS- V Mostra Cinema Popular Brasileiro - São Pedro da Serra Centro de Arte de Nova Friburgo – RJ http://www.cinemapopularbrasileiro2008.blospot.com","remiado no concurso de idéias para curtas-metragens sobre mudanças climáticasNUFF GLOBAL – parceria NUFF – Festival Nórdico de Cinema Jovem, produtora Youth Culture House Tvibit e The Fundation Minor for Mayor Chalenges, Noruega.Informações sobre o projeto no site do festival: http://www.nuffglobal.net/News/Film_projects/Pampa_Unknown_Desert.phpMelhor Documentário – Categoria Vídeo Independente Brasileiro – 15° Gramado Cine VídeoMelhor documentário - Competição Nacional – 6° Santa Maria Vídeo e CinemaMelhor vídeo, Melhor direção, melhor trilha sonora, melhor desenho de som e melhor fotografia - Competição Santa Maria e região - 6° Santa Maria Vídeo e Cinema",,Curta-metragem
1579,A verdadeira história da bailarina de vermelho,Alessadra Colasanti ,Brasil,2010,17,Bananeira Filmes,Não informado,Não informado,,Curta-metragem
1580,Ilha,-,Brasil,2001,15,Mundo Imaginário Produções Cinematográficas Ltda.,"- participação no 26º. Festival Guarnicê de Cinema;- participou da Mostra Imagens Catarinenses de 12 a 17 2002 em Florianópolis (DC 12/01/2002);- participou do Festival de Cinema do Ceará/2002 ;- participou da 4 Mostra internacional de Belo Horizonte/2002- participou da 29º. Festival de Cinema de Gramado/2001;- prêmio de Melhor Fotografia e Melhor Som no 6º. Festival de Cinema de Curitiba (DC/Variedades 4/05/2002);- prêmio SAMBURA de Melhor Curta-Metragem no XII Festival de Cinema do Ceará/2002;- prêmio de Melhor Fotografia no II Festival Latinoamericano de Cinema, Vídeo e TV de Campo Grande; ","-  prêmio de Melhor Fotografia e Melhor Som no 6º. Festival de Cinema de Curitiba (DC/Variedades 24/05/2002);- prêmio SAMBURA de Melhor Curta-Metragem no XII Festival de Cinema do Ceará/2002;- prêmio de Melhor Fotografia no II Festival Latinoamericano de Cinema, Vídeo e TV de Campo Grande; - Melhor filme catarinense no FAM 2002;- Melhor Filme Festival de Cinema de São Carlos 2002;",,Curta-metragem
1581,teste rivello,150 alunos da rede municipal de ensino de fundamental de Vit&oacute;ria - ES ,Brasil,2010,33,dfgfg,Não informado,Não informado,,Média-metragem
1582,Uma Odisséia no Sertão,-,Brasil,2006,8,Corte seco Filmes,Não informado,Não informado,,Curta-metragem
1584,Máquina de sorvetes,Christopher Faust,Brasil,2011,16,O Quadro,15º FESTIVAL CULTURA INGLÊSA04º FESTIVAL DE CINEMA DE TRIUNFO,Não informado,,Curta-metragem
1585,Romance Edmottês,-,Brasil,2010,14,O Quadro,14º FBCU (Mostra informativa)5º Rec (Mostra livre)VII Putz - Festival de cinema universitáro de Curitiba (competitiva)10º Festival Chico 2011 (competitiva)2º Curtamazônia (Mostra curta em todas as telas),-Júri Oficial - Melhor encenação.VII Putz - Festival de cinema universitáro de Curitiba - Prêmio Centro Europeu 2010- Menção honrosa no 10º Festival Chico (TO). ,,Curta-metragem
1586,O Último dia,Christopher Faust,Brasil,2010,12,O Quadro,-VI Putz – Festival Universitário de Cinema e Vídeo de Curitiba | mostra competitiva -21° Festival Internacional de Curtas de São Paulo | mostra Cinema em Curso -1° Festival de Cinema de Rio Bonito | mostra competitiva -10ª MFL - Mostra do Filme Livre | mostra competitiva,-Troféu Filme Livre – 10ª Mostra do Filme Livre,,Curta-metragem
1587,Memória a dois,-,Brasil,2009,5,Não se aplica,- 5º REC - Festival Nacional de Videos Universitários (Vitória - ES)- VII PUTZ - Festival de cinema universitáro de Curitiba (competitiva)- Festival de Cinema de Terezina (2009)- 3º MIAU - Mostra Independente do Audiovisual Universitário. - 15º FBCU - Festival Brasileiro de Cinema Universitário (Mostra informativa) ,- Melhor documentário no REC - Festival Nacional de Videos Universitários (Vitória - ES),,Curta-metragem
1588,Lavanderia Shermer,-,Brasil,2008,19,O Quadro,-5° PUTZ | Festival Universitário de Cinema e Vídeo de Curitiba - Prêmio 3° Lugar (categoria Ficção)-IV Fest Aruanda do Audiovisual Universitário Brasileiro (Mostra Competitiva)-Festival REC de Vídeo Universitário (Fora de Competição)-2° Miau (Mostra Paralela)-14° Festival Brasileiro de Cinema Universitário (Mostra Informativa)-7º Curta Santos (Mostra Olhar Brasilis Sul),Não informado,,Curta-metragem
1589,Monique ao sol,Wellington Sari,Brasil,2011,13,O Quadro,16º Festival Brasileiro de Cinema Universitário (competitiva)10º Festival Chico (competitiva)Mostra Curto Encontro 2011 (competitiva)2º Curtamazônia (Mostra curta em todas as telas),-Menção honrosa no 16º Festival Brasileiro de Cinema Universitário.-Prêmio ABDeC-RJ (16º Festival Brasileiro de Cinema Universitário).- Menção honrosa no 10º Festival Chico (TO),,Curta-metragem
1590,Entre Passos,-,Brasil,2009,14,Produzido inteiramente por pessoas físicas,"4 º Perro Loco - Festival de Cinema Universitário Latino-Americano, Agosto/2010 – Goiânia – GO.III Mostra Internacional de Videodança de São Carlos, Novembro/2009 – São Carlos – SP.Cine Esquema Novo 2009 – mostra Aula de Cinema, Outubro/2009 – Porto Alegre – RS.14° FBCU - Festival Brasileiro de Cinema Universitário, Agosto/2009 - Rio de Janeiro - RJ e São Paulo - SP.Dança em Foco - Mostra Internacional de Videodança, Julho/Agosto/2009 - Rio de Janeiro-RJ e São Paulo – SP.5ª MOSCA - Mostra Audiovisual de Cambuquira, Julho/2009 – Cambuquira – MG.Cuerpo Digital - Festival Internacional de Videodanza – Outubro/2010 – Cochabamba – Bolívia.InShadow – 1º Festival Internacional de Vídeo, Performance e Tecnologias – Novembro/2009 – Lisboa – Portugal.FIVU - Festival Internacional de Videodanza del Uruguay, Novembro/2009 – Montevideo – Uruguai.DMJ International Video Dance Festival, Fevereiro/2009, Tokyo, Japão.","3o lugar na 8ª Mostra Nacional de Vídeos Universitários – UFMT, Dezembro/2009 – Cuiabá – MT.",,Curta-metragem
1591,3.33,-,Brasil,2009,11,FAAP,20-º São Paulo International Short Film Festival - Curta Kinoforum (ago-09)9 -º Mostra Goiânia Curtas (out-09)21-º Mostra de Vídeo de Santo André – Menção Honrosa (out-09)Primeiro Plano 2009 – Festival de Cinema de Juiz de Fora e Mercocidades (out-09)1-º Curta Carajás - Parauapebas (nov-09)8-º Mostra Nacional de Vídeo em Mato Grosso - CineClube Coxipónes (dez-09)1-º Festival Cine Cultura Viva – Brasíla – Melhor Direção (dez-09)6º FestCineBelém (abr-10) 8ème Festival international Signes de Nuit- França/Paris (abr-10)3-º MIAU – Mostra Independente do Audiovisual Universitário - Menção Honrosa (maio-10)3-º Los Angeles Brazilian Film Fetival (LABRFF) – (maio-10)Cineclube Curta Circuito – Minas Gerais ( maio-10)1-º Festival de Jericoacoara – Cinema Digital (jun-10) – Melhor Direção7-º FEMINA- Festival Internacional de Cinema Feminino (jun -10)14º Florianópolis Audiovisual Mercosul (jun-10)15º Brazilian Student Film Festival (ago -10)4º Festival de Cinema Universitário Latino Americano- Perro Loco (ago-10)3º Curta Taquary - PE (set-10) 17º Festival de Cinema e Video de Cuiabá (out-10)V Festival Tudo Sobre Mulheres - Chapada dos Guimarães (nov-10)6-º Fest Aruanda do Audivisual Brasileiro - João Pessoa (dez-10)V Mostra de Cinema e Vídeo de Miracema - Miragem 2010 (dez-10),21-º Mostra de Vídeo de Santo André – Menção Honrosa (out-09)1-º Festival Cine Cultura Viva – Brasíla – Melhor Direção (dez-09)3-º MIAU – Mostra Independente do Audiovisual Universitário - Menção Honrosa 1-º Festival de Jericoacoara – Cinema Digital (jun-10) – Melhor Direção,,Curta-metragem
1592,No Noel,-,Brasil,2009,7,FAAP,-21º Festival Internacional de Curtas-Metragens de São Paulo - Curta Kinoforum (ago-10)- 15º Festival Brasileiro de Cinema Universitário-Mostra Informativa (ago-10) - RJ - VII PUTZ – Festival Universitário de Cinema e Vídeo de Curitiba (maio-10)-3º MIAU – Mostra Independente do Audiovisual Universitário (maio-10)- MFL 2010 - Mostra do Filme Livre (abril-10)- 7º FestCine Pantanal - Campo Grande (jan-10)- 4ª Mostra de Cinema – Pedra Que Brilha-MG (dez-09)- V Fest Aruanda do Audiovisual Universitário (dez-09)- 17º Festvídeo de Teresina (dez-09)- 8ª Mostra Nacional de Vídeo Universitário em Mato Grosso - CineClube Coxipónes (dez-09)- 8º Festival Nacional de Cinema de Varginha (nov-09)- Cinema Mundo – III Festival Internacional de Cinema de Itu (nov-09)- 1º Festival de Cinema de Ribeirão Pires - Um novo olhar (mai-10)- 8–º Nóia Festival do Audiovisual Universitário de Fortaleza (out-09)- 1-º Curta Neblina - Festival Latino Americano de Curtas de Paranapiacaba (out-09)- 16-º Mostra de Vídeos FAAP (set-09)- prêmio de MELHOR FILME.- 5º Festival Nacional de Vídeos Universitários - REC Vitória (set-09),Prêmio Facom de Melhor Ficção,,Curta-metragem
1593,A poeira e o vento,Marcos Pimentel,Brasil,2011,18,não possui,"“16° É Tudo Verdade - Festival Internacional de Documentários” (SP/RJ, 2011)“6ª Mostra de Cinema de Ouro Preto” (MG, 2011) “CINEFUTURO – 7° Seminário Internacional de Cinema de Salvador” (BA, 2011) “1° Festival LUME de Cinema” (MA, 2011) – filme de abertura“5° Curta Cabo Frio” (RJ, 2011) “13° Festival Internacional de Curtas de BH” (MG, 2011)“5° Mostra Cine BH” (MG, 2011) “15° Mostra Internacional do Filme Etnográfico” (RJ, 2011) “02° Cachoeira DOC - Festival Cinema Documentário de Cachoeira” (BA, 2011)  “33° Festival del Nuevo Cine Latinoamericano” (Havana/Cuba, 2011) ","Melhor Curta – “É TUDO VERDADE – Festival Internacional de Documentários” (Brasil, 2011)Melhor Fotografia - “5° Curta Cabo Frio” (Brasil, 2011) ",,Curta-metragem
1594,Olhares,-,Brasil,2010,17,Não se aplica,- Semana ABC de Fotografia - 2010- VII PUTZ - Festival Universiário de Cinema e Video de Curitiba- FBCU - Festival Brasileiro de Cinema Universitário (Mostra informativa),Não informado,,Curta-metragem
1595,Memórias de Passagem,-,Brasil,2011,15,Irreal Produções Artísticas,Não informado,Não informado,2011-09-21,Curta-metragem
1596,SUBSOLO,-,Brasil,2007,15,PANDA FILMES,"Festival de Gramado 2008;Festival Curta Canoa 2008;Festival de Cinema Brasileiro de Toronto, Canadá."," Melhor Diretor e Melhor Trilha Sonora no Festival de Gramado 2008; Melhor Diretor, Roteiro e Montagem no Festival Curta Canoa 2008; Ganhador do 10º Concurso de Curtas-metragens IECINE; Melhor Filme, Direção e Atriz no Festival de Cinema Brasileiro de Toronto, Canadá.",,Curta-metragem
1597,APENAS DOIS GAROTOS ,-,Brasil,2007,30,Abbas Filmes,Não informado,Não informado,,Média-metragem
1598,Alô Tocayo,-,Brasil,2005,20,Urca Filmes,"Festival de Miami 2006, Festival do Rio 2005, Festival Internacional de Curtas de São Paulo 2005.",Prêmio do Público de Melhor Filme no Festival de Miami 2006,,Curta-metragem
1599,Atrocidades Maravilhosas,RENATO MARTINS,Brasil,2002,21,Urca Filmes,"Festival de Juíz de Fora, Festival de Paraty (Paracine), Festival de Recife (CinePE), FAM, Documentary Fortnight, Festival de Havana. 2003","Melhor documentário do Festival de Juiz de Fora Melhor fotografia no festival de Paraty (Paracine); melhor fotografia no Festival de Recife (CinePE); melhor Trilha Sonora e Menção Honrosa no FAM; selecionado para exibição no MOMA (Nova York, EUA), no Documentary Fortnight 2003, e para o Festival de Havana 2003.",,Curta-metragem
1600,Mini Cine Tupy,S&eacute;rgio Bloch,Brasil,2002,10,Abbas Filmes,"- IV Fluxusonline – Festival Internacional de Cinema pela Internet, Brasil [Melhor Documentário];- V FICA – Festival Internacional de Cinema e Vídeo Ambiental, Brasil [Melhor Curta Metragem];- 2º Curta Santos [Melhor Vídeo Brasilis];           - 25º Festival Internacional Del Nuevo Cine Latino americano de Havana, Cuba [Menção Especial das        Casas de Cultura];- 9º Mostra Internacional de Filme Etnográfico, Brasil [Premio GNT de Melhor Filme e Menção Honrosa do Museu do Folclore];- 43º Cracow Film Festival;-   3º Ecocine [Menção Honrosa: Melhor Roteiro];-   8º FAM – Florianópolis Audiovisual Mercosul, Brasil [Melhor Vídeo do Júri Especial];- 18º Mostra de Vídeo Brasileiro de Santo André, Brasil [Melhor Curta Metragem];- Planet in Focus [Canadá], [Best Short Film];- Margaret Mead Film And Vídeo Festival, EUA;- II Curta-vídeo Votorantim [Melhor Filme].","- IV Fluxusonline – Festival Internacional de Cinema pela Internet, Brasil [Melhor Documentário];- V FICA – Festival Internacional de Cinema e Vídeo Ambiental, Brasil [Melhor Curta Metragem];- 2º Curta Santos [Melhor Vídeo Brasilis];           - 25º Festival Internacional Del Nuevo Cine Latino americano de Havana, Cuba [Menção Especial das        Casas de Cultura];- 9º Mostra Internacional de Filme Etnográfico, Brasil [Premio GNT de Melhor Filme e Menção Honrosa do Museu do Folclore];- 43º Cracow Film Festival;-   3º Ecocine [Menção Honrosa: Melhor Roteiro];-   8º FAM – Florianópolis Audiovisual Mercosul, Brasil [Melhor Vídeo do Júri Especial];- 18º Mostra de Vídeo Brasileiro de Santo André, Brasil [Melhor Curta Metragem];- Planet in Focus [Canadá], [Best Short Film];- Margaret Mead Film And Vídeo Festival, EUA;- II Curta-vídeo Votorantim [Melhor Filme].",,Curta-metragem
1601,Memórias da lida ,S&eacute;rgio Bloch,Brasil,2004,27,Abbas Filmes,Não informado,Não informado,,Curta-metragem
1602,A Vida na Flauta ,-,Brasil,2004,30,Abbas Filmes,Não informado,Não informado,,Média-metragem
1603,Quem é Voce ,-,Brasil,1994,8,Abbas Filmes,Video Brasil São Paulo,Não informado,,Curta-metragem
1604,Fantasmas,-,Brasil,2010,11,Filmes de Plástico,-14º Festival Luso-Brasileiro de Santa Maria da Feira. (PT). (2010)-13º Mostra de Cinema de Tiradentes – Mostra Foco. (MG). (2010)-21º Festival Internacional de Curtas metragens de São Paulo. (SP). (2010)-Festival Internacional de Curtas Metragens do Rio de Janeiro – CURTA CINEMA. (RJ) (2010)-12º Festival Internacional de Curtas de Belo Horizonte. (MG). (2010)-II Semana dos Realizadores (RJ). (2010)-III Janela Internacional de Cinema de Recife. (PE) (2010)-INDIE 2010 - Mostra de Cinema Mundial. (MG). (2010)-7º Amazonas Film Festival. (AM) (2010)-9º Mostra do Filme Livre (RJ). (2010)-3º CineMúsica (RJ). (2010)-33º Festival Guarnicê de Cinema (MA). (2010)-3º IGUACINE – Mostra de Cinema de Nova Iguaçu. (RJ). (2010)-15º Festival Brasileiro de Cinema Universitário. (RJ). (2010)-1º CINEIPOEMA - Festival de Cinema de Ipoema (MG). (2010)-3º MIAU - Mostra Independente do Audiovisual Universitário (GO). (2010)-2º Mostra Acadêmica de Curitiba (Dentro da 3º Mostra O Seu Que Eu Mostra OMeu) (PR). (2010)-Mostra de Vídeo – N Design Imersão 2010 (PR). (2010)-VI Panorama Internacional Coisa de Cinema (BA). (2010)-FestZoom – Festival de Audiovisual para Jovens (RJ). (2010)-VII PUTZ – Festival Universitário de Cinema e Vídeo de Curitiba (PR). (2010)-VI Mostra Minas de Cinema e Vídeo. (MG). (2010)-4º Perro Loco – Festival de Cinema Universitário Latino Americano (GO). (2010)-Mostra Audiovisual Fazendo Gênero 9. (SC) (2010)-Mostra Curta Pará Cine Brasil. (PA) (2010)- IX Araribóia Cine 2010. (RJ) (2010)-9º Festival do Audiovisual Universitário – NÓIA. (CE) (2010)-MOSCA 6 – Mostra de Cinema de Cambuquira. (MG). (2010),- Prêmio Aquisição Porta Curtas – CURTA CINEMA. (RJ)- Melhor Filme Experimental – CURTA CINEMA. (RJ)- Menção Honrosa do Júri Jovem – CURTA CINEMA. (RJ)- Prêmio de Melhor Imagem – III Janela Internacional de Cinema de Recife. (PE)- Melhor Filme – Júri ABD-APCI – III Janela Internacional de Cinema de Recife. (PE)- Melhor Filme – Júri Janela Crítica – III Janela Internacional de Cinema de Recife. (PE)- Prêmio Pesquisa de Linguagem no 15º Festival Brasileiro de Cinema Universitário. (RJ)- Prêmio Cachaça Cinema Clube – Melhor Filme Extra Campo – 15º Festival Brasileiro de     Cinema Universitário. (RJ)- Melhor Filme no 3º MIAU–Mostra Independente do Audiovisual Universitário. (GO)- Menção Honrosa na 9º Mostra do Filme Livre. (RJ)- Melhor Filme no VII PUTZ – Festival de Cinema Universitário de Curitiba. (PR)- Melhor Filme – Juri ABDCV -  VI Panorama Internacional Coisa de Cinema. (BA)- Prêmio Especial do Júri no 4º Perro Loco. (GO)- Prêmio de Melhor Experimentação de Linguagem no 4º Perro Loco. (GO)- Prêmio de Melhor Montagem – NÓIA – Mostra de Cinema Universitário do Ceará. (CE) ,,Curta-metragem
1605,HYPPÓLITA,-,Brasil,2011,9,Coletivo Mestremundo de Cinema,"Nenhum, até o presente momento","Nenhum, até o presente momento",,Curta-metragem
1606,HORÁRIO DE MEU VERÃO,Ruy Jobim Neto,Brasil,2010,8,Coletivo Mestremundo de Cinema,"Nenhum, no presente momento.","Nenhum, no presente momento.",2011-02-17,Curta-metragem
1607,Apenas Um,Leo Tabosa,Brasil,2011,7,Não se aplica,Não se aplica,Não se aplica,,Curta-metragem
1608,Infâmia,-,Brasil,2011,12,ESPM,Não informado,Não informado,2011-06-26,Curta-metragem
1609,Burro sem rabo,S&eacute;rgio Bloch,Brasil,1997,30,Abbas Filmes,"Festival Internacional de Documentários Its All True, no Brasil;- Festival de Cinema e Vídeo de Curitiba, Brasil [Premio de Melhor Filme pela Crítica Especializada];- Festival de Cinema e Vídeo do Maranhão, Brasil [Premio OCIC de Melhor Filme, Premio Melhor Filme do Júri Popular, Premio Incentivo Itaú];- Jornada da Bahia, Brasil – [Premio de Melhor Documentário];- V Festival de Cuiabá, Brasil [Premio Melhor Média-metragem, Premio Melhor Filme do Júri Popular];- 25º Festival de Brasília, Brasil [Premio Especial do Júri];- IDFA – Internacional Documentary Film Festival Amsterdan, Holanda;- Bilandu Film Ethnographique, França;- Festival di Corto-metraggio, Itália;- Festival for Documentary, Alemanha;- Festival de Documentário Amascultura, Portugal;- Festival International for Animation and Documentary, Índia [The Best First Film Award].","- Festival de Cinema e Vídeo de Curitiba, Brasil [Premio de Melhor Filme pela Crítica Especializada];- Festival de Cinema e Vídeo do Maranhão, Brasil [Premio OCIC de Melhor Filme, Premio Melhor Filme do Júri Popular, Premio Incentivo Itaú];- Jornada da Bahia, Brasil – [Premio de Melhor Documentário];- V Festival de Cuiabá, Brasil [Premio Melhor Média-metragem, Premio Melhor Filme do Júri Popular];- 25º Festival de Brasília, Brasil [Premio Especial do Júri];",,Média-metragem
1610,De volta para casa,-,Brasil,2010,24,Fabricio Morato,Não informado,Não informado,,Curta-metragem
1611,FAMÍLIA VIDAL,-,Brasil,2010,14,TOMADA ÚNICA FILMES,- FEST VÍDEO CABO BRANCO – JOÃO PESSOA/PB (ABR 2010)- XIV CINE PE 2010 – RECIFE/PE (ABR/MAI 2010)- Mostra Competitiva – FENART 2010 – JOÃO PESSOA/PB (MAIO 2010)- 33º Festival Guarnicê de Cinema – São Luís/MA (Junho 2010)- 3º FESTIVAL DE CINEMA DE TRIUNFO/PE ( JULHO 2010)-  V Comunicurtas – Campina Grande (Agosto/2010)-  9º Santa Maria Vídeo e Cinema/RS (Agosto/2010)- III CURTA TAQUARY Fest. Nacional de curta-metragem – Taquaritinga/PE (Setembro/2010)- Curta cinema 2010 – Fest. internacional de curtas do Rio de Janeiro – Rio de Janeiro/RJ (Novembro/2010)-VI Fest Aruanda (dezembro/2010)- Mostra de cinema do Estação Nordeste 2011 – João Pessoa/PB (Janeiro-2011)- Curta Coremas – Coremas/PB – 2011,- MELHOR DOCUMENTÁRIO : FEST VÍDEO CABO BRANCO – JOÃO PESSOA/PB (ABR 2010);- MELHOR DOCUMENTÁRIO : Mostra Competitiva – FENART 2010 – JOÃO PESSOA/PB (MAIO 2010);- MELHOR MONTAGEM: V Comunicurtas – Campina Grande/PB;- MELHOR DOCUMENTÁRIO: V Comunicurtas – Campina Grande/PB.- MELHOR DIREÇÃO DE FOTOGRAFIA – III Curta Taquary – Taquaritinga do Norte/PE.- Troféu Cabeçote / ABD-PB – VI Fest Aruanda do audiovisual brasileiro 2010.,,Curta-metragem
1612,Poliamor,-,Brasil,2010,14,Bacharelado em Audiovisual - Centro Universitário Senac,1- Festival Brasileiro de Cinema Universitário- mostra informativa –julho de 2010- RJhttp://www.fbcu.com.br/2010/info_filme.php?c=8152- Curta Kinoforum Festival Internacional de curta- metragem de SãoPaulo – Agosto de 2010 – SPhttp://www.kinoforum.org/curtas/2010/detalhe.php?c=23617&idioma=13- Curta- Se Festival Iberoamericano de cinema de Sergipe – Setembro 2010 – SEhttp://curtase.org.br/sinopses/4- Curta Taquary- Setembro 2010 – PEhttp://www.curtataquary.com/selecionados-2010-documentario.html5- II Festival do Filme Etnográfico de Recife- Outubro de 2010 – PEhttp://www.ufpe.br/recife-etnodoc/blog/?page_id=296- Mostra FestCine Noite Contemporânea – Outubro 2010 – RJhttp://www.noitecontemporanea.com.br/programa.html7- V Curta Atibaia- VENCEDOR prêmio Mário Carneiro de Curta-metragem -Outubro 2010 – SPhttp://www.atibaiacultural.com.br/1/index.php?option=com_content&view=article&id=260:premiacao-5o-curta-atibaia&catid=31:audiovisual8- 18º Festival Mix Brasil de Cinema da Diversidade Sexual- Novembro 2010 – SPhttp://www.mixbrasil.org.br/programacao-preview2.php?filme=37&tipo=categoria9- 7º Cinefest Votorantim – Novembro 2010 – SPhttp://www.cinefestvotorantim.com.br/Filmes/selecao.php10- V Mostra Curta Audiovisual Campinas – Novembro 2010 – SPhttp://www.mostracurta.art.br/conteudo.php?page=5611- VALE CURTAS - Festival Nacional de Curtas-Metragens do Vale do SãoFrancisco – Novembro 2010 – BAhttp://pt.calameo.com/read/0004790013053f1af688a12- Cine Fest Inconfidentes – Novembro 2010 - MGhttp://www.festivalinconfidentes.ufop.br/?page_id=1513- Cine Mube – Vitrine independente – Novembro de 2010 – SPhttp://vimeo.com/1727607214 - Mostra Internacional do Primeiro Filme – Março 2011 – PEhttp://www.primeirofilme.com/ 15 – Sercine - 1ª mostra competitiva SerCine - Festival de Cinema Universitário de Sergipe – SE – Maio 2011http://festivalsercine.blogspot.com/ 16 – 6º Festival de Jovens Realizadores de Audiovisual do MERCOSUL - CE -  Junho 2011http://www.aldeia.org.br/wp-content/uploads/2011/06/Folder021.jpg 17 – Interiores – Mostra de cinema da diversidade sexual - SP - Julho de 2011http://mostrainteriores.blogspot.com/p/sinopse.html 18 – Mostra Curto Encontro – BA – Agosto 2011http://tabuleiroproducoes.com.br/2011/tag/mostra-curto-encontro/ 19 - Curta Santos - Festival Santista de Curtas Metragens – SP – Será exibido em Setembro de 2011.http://www.curtasantos.com.br/ 20 – 6ª Mostra Cinema e Direitos Humanos na América do SulSerá exibido em todas as 27 capitais brasileiras entre outubro e novembro de 2011.http://www.cinedireitoshumanos.org.br/ 21 – Cine Mix Brasil – Programa do festival Mix Brasil no Canal Brasil – exibido em agosto de 2011.,V Curta Atibaia- VENCEDOR prêmio Mário Carneiro de Curta-metragem -Outubro 2010 – SP,,Curta-metragem
1613,O som da luz do trovão,Petr&ocirc;nio de Lorena e Tiago Scorza,Brasil,2005,20,Nosostros y Los demás,38º Festival de Brasília do Cinema Brasileiro  - Mostra do Filme Livre 2006  Cine-PE 2006  Festival Internacional de Curta-Metragens de São Paulo 2006 Mostra Brasil Plural 2006Festival de Filmes do Amazonas 2006Festival de Cinema de Campo Grande 2007 Finalista do Grande Prêmio do Cinema Brasileiro 2006,Prêmio de Aquisição do Canal Brasil  e Prêmio Porta Curtas PetrobrasMenção Honrosa - Mostra do Filme Livre 2006Prêmio Especial Melhor Curta-Metragem de acordo com o Júri Oficial e Prêmio ABD – divisão Pernambuco para o Melhor Curta-Metragem - CINE PE¨2006Prêmio ABD – divisão São Paulo para o Melhor Curta-Metragem  e menção entre os 10 mais bem colocados no júri popular.Festival de Filmes do Amazonas 2006 - Menção honrosaFestival de Cinema de Campo Grande 2007 - Melhor Curta 35mm,,Curta-metragem
1614,Eletrotorpe,-,Brasil,2009,15,Preta Porte Filmes,• 19° Festival Internacional de Curtas-Metragens de São Paulo - SP• 5ª Mostra Audiovisual de Cambuquira - MG• 9° Goiânia Mostra Curtas - GO• 6º Cine Festival Votorantim - SP• 1º Festival Cine Cultura Viva - DF• 13º Fenart - Mostra Competitiva Audiovisual - PA• 9º Santa Maria Cine e Video - RS• Cine Festival Inconfidentes - MG,"• Melhor Curta Metragem de Ficção - 6º Cine Festival Votorantim 2009• Prêmio MovieMobz de distribuição e finalização digital - Festival Internacional de São Paulo• Projeto selecionado pelo CTAV (Ministério da Cultura), contemplado com o serviço de mixagem 5.1• Melhor Filme, Melhor Direção, Melhor Roteiro e Melhor Montagem - 9º Santa Maria Cine e Video - RS",,Curta-metragem
1615,Pimenta,Eduardo Mattos,Brasil,2010,13,Preta Portê Filmes,"20º AOF, Action on Film, Internation Film Festival36ª edição do Curta nas Telas14ª Mostra Tiradentes -10ª Mostra de Cinema Infantil de Florianópolis -34º Mostra Internacional de Cinema de São Paulo -38º Festival de Cinema de Gramado8º Curta no Almoço4º Cine muBE- Vitrine Independente22º Mostra do Audiovisual PaulistaMostra Premium5º Festival de Cinema com Farinha9º Festival de Cinema de Ribeirão Preto.Curta Taquary, 4º Festival Nacional de CurtasSemana Paulista do Curta Metragem","10ª Mostra de Cinema Infantil de Florianópolis -Menção Honrosa34º Mostra Internacional de Cinema de São Paulo -Prêmio Aquisição, Canal Brasil, Melhor curta - Júri Popular.",,Curta-metragem
1616,Ein Prosit! Cerveja Falada,-,Brasil,2010,15,Exato Segundo Produções Artísticas LTDA.,"Azores Film Festival, Vitória Cine Vídeo, Curta-SE e Slow Film Festival",Não informado,,Curta-metragem
1617,ESTES,-,Brasil,2010,10,Set Produções Audiovisuais e Comunicação Ltda EPP,Não informado,Não informado,,Curta-metragem
1618,Santa Helena em Os Phantasmas da Botija,Tiago Scorza,Brasil,2004,18,Plural Filmes,Mostra Curta Cinema 2004/Rio de Janeiro/dez 2004Cachaça Cinema Clube/Rio de Janeiro/ jan 2005Mostra do Filme Livre/ Rio de Janeiro/fev 2005Sapo Cururu - Mostra de Cinema do Recife/abr 20053ª Mostra Nacional de Cinema Documentário de Ipatinga/maio 200510º Festival Brasileiro de Cinema Universitário/Rio de Janeiro/maio 2005FLÔ 2005 - Festival do Livre Olhar/Porto Alegre/maio 200533º Festival de Cine de Huesca/Huesca –Espanha/ jun 2005Casa da América/Madrid – Espanha/jun 2005II Festival de Belém do Cinema Brasileiro/jul 2005FestCine Maringá/jul 2005XXXII Jornada de Cinema da Bahia/Salvador/ago 200516º Festival de Curta-Metragens de São Paulo/set 2005Atacadão dos Filmes/Rio de Janeiro/out 20055ª Goiânia Mostra Curtas/out 2005II Festival Paraty Cine/out 20058º Festival Brasil Plural/Alemanha/out-nov 20053º Festival de Cinema de Campo Grande/mar 2006Festival de Brasília do Cinema Brasileiro/nov 2006,Melhor Filme no 3º Festival de Cinema de Campo Grande/mar 2006Indicado ao Grande Prêmio Tam do Cinema Brasileiro/maio 2005Prêmio de Melhor montagem no FLÔ 2005 - Festival do Livre Olhar,,Curta-metragem
1619,Balanços e milkshakes,Erick RIcco e Fernando Mendes,Brasil,2010,10,Apiário,"21st São Paulo International Short Film Festival;Sydney Latin American Film Festival 2010; MUMIA 8 – Mostra Udigrudi Mundial de Animação; 15th FANTOCHE - International Animation Film Festival; 5th anim'est - International Animation Film Festival; 17th Valdivia Film Festival; Curta Cinema 2010; Encounters International Film Festival; Guadalajara International Film Festival; Mostra de Tiradentes; Mostra Londrina 2010; Animabasauri | Animabasque – Festival Internacional de Animação; 29º International Film Festival of Uruguay; 51st Krakow Film Festival; 5º CINEPORT; III Animage – Festival Internacional de Animação de Pernambuco; L’Alternativa 2011 – 18th Barcelona Independent Film Festival; 33 Festival Internacional del Nuevo Cine Latinoamericano, entre outros.",Prêmio Aquisição Porta Curtas 21º Festival Internacional de Curtas de São Paulo; Melhor Curta Regional - 8 MUMIA; Prêmio Júri popular NOIA 2010; 2º Lugar Categoria Animação no FESANCOR 2010; Melhor Trilha Musical no 5º Cine Música – Festival de Cinema de Conservatória; Melhor Curta-metragem e Melhor Animação no 6º FESAALP.,,Curta-metragem
1620,KOSTER,-,Brasil,2010,17,Set Produções Audiovisuais e Comunicação Ltda - EPP,Não informado,Não informado,,Curta-metragem
1621,A Hora do Primeiro Tiro,Gustavo da Rocha Jardim,Brasil,2007,30,88 Produções,11a Mostra de Cinema de TiradentesMostra Minas de Cinema e Vídeo 2008CineEsquemaNovo 2008CinemadaMare 2009 / Itália,• Documentário em Vídeo – Filme em Minas / Secretaria de Cultura de Minas Gerais / biênio 2004 - 2005• Melhor Vídeo (Júri Popular) / Festival de Tiradentes – 2008• Prêmio do Júri – Melhor Documentário / Mostra Minas de Cinema e Vídeo – 2008• Melhor Filme (Júri Popular) / Mostra Minas de Cinema e Vídeo,,Média-metragem
1622,AZUL,-,Brasil,2009,16,Set Produções Audiovisuais e Comunicação Ltda - EPP,Não informado,Não informado,,Curta-metragem
1623,Paiol,-,Brasil,2008,15,Grafo Audiovisual Ltda,"Seleção Oficial do Festival de Maringá;Seleção Oficial no III Prêmio Itamaraty de Cinema;Exibido no programa Curta Doc, da SescTV;Seleção Oficial do V Festival de Cinema de Cascavel;",Não informado,,Curta-metragem
1624,Vidas Deslocadas,-,Brasil,2010,13,Grafo Audiovisual Ltda,Seleção Oficial do Festival de Curta metragens Curtocircuito Santiago de Compostela de 2010;Seleção Oficial do 3° Festival Entretodos;Seleção Oficial do Forum Doc BH 2010;Seleção Oficial na 5a. Mostra de Direitos Humanos da América Latina;Seleção Oficial do Festival de Cinema Itinerante da Língua Portuguesa de Lisboa;Seleção Oficial do 39° Festival de Cine de Huesca;,Menção Honrosa no Festival de Cinema Itinerante da Língua Portuguesa de Lisboa;,,Curta-metragem
1625,Rivadavia 2010,Aline Xavier Mineiro &Aacute;lvares e Gustavo da Rocha Jardim,Brasil,2007,13,88 Produções,Festival Internacional de Curtas – Belo Horizonte 2007Festival Internacional de Curtas – Rio de Janeiro 2007Festival Internacional de Arte Eletrônica Vídeo Brasil – São Paulo 2007Indie 2007 – Mostra de Cinema MundialVitória Cine Vídeo – 2007CineClubeMóvel – Belo Horizonte 2007MostraVídeo Itaú Cultural – Belém – São Paulo – Belo Horizonte – 2007 – 2008Mostra de Cinema de Tiradentes – 2008Festival Internacional de Cinema de Cártegena – Uruguai – 2008Pocket Filmes Festival – Paris – 2008Mostra Minas de Cinema e Vídeo – Belo Horizonte – 2008Film Pocket – Paris – França – 2008CinemadaMare – Itália – 2008VAD – Festival de vídeo e Artes Digitais – Girona – Espanha – 2008IV FestCine Goiânia – Goiânia – Brasil – 2008Psiu Poético - 22º Salão Nacional de Poesia – Montes Claros (MG) – 2008 ,• Prêmio Pesquisa de Linguagem / Vitória Cine Vídeo 2007• Prêmio do Júri - Melhor Experimental / Mostra Minas de Cinema e Vídeo / 2008• Menção Honrosa do Júri – FestCine Goiânia / 2008,,Curta-metragem
1626,Marambé,-,Brasil,2011,21,88 Produções,22o festival Internacional de Curtas Metragens de São Paulo,Não informado,,Curta-metragem
1627,Turminha da Vida,-,Brasil,2011,5,Drachinski Estúdio,Não informado,Não informado,,Curta-metragem
1637,Uma coisa nova para Olli ,-,Brasil,2010,4,Não informado,Não informado,Não informado,,Curta-metragem
1638,Como se fala na Terra ,Ale McHaddo,Brasil,2010,6,44 Toons,Não informado,Não informado,,Curta-metragem
1639,Conhecimento ilimitado ,-,Brasil,2010,8,Não informado,Não informado,Não informado,,Curta-metragem
1640,A conquista do espaço ,-,Brasil,2010,16,Não informado,Não informado,Não informado,,Curta-metragem
1641,Cores e botas ,Juliana Vicente,Brasil,2010,15,Preta Portê Filmes,"32º Festival de Havana14ª Mostra TiradentesLA Film + Music WeekendSFF Sarasota Film FestivalUN - Through Women's Eyes FestivalGeneva Film FestivalHills Film FestivalFoursite Film Festival6ºFestival Latino Americano de São PauloIII Micro Festival 1000 Metros Bajo Tierra15º FAM, Florianópolis Audiovisual MERCOSULWaterfront Film Festival XIIIKids First Film FestivalFICI, 9º Festival Internacional de Cinema InfantilSidewalk Moving Picture Festival4ª Mostra Marília de Cinema!9º Festival de Cinema de Ribeirão Preto22º Festival Internacional de Curtas Metragens de São PauloEntretodos 4, Festival de Curta Metragens  de Direitos Humanos1ª Mostra de Vídeo Universitário da UnicapFestival Curta Cabo Frio1ª Mostra de Vídeo Universitário da UnicapFestival Curta Cabo Frio20º AOF, Action on Film, Internation Film FestivalCurta NeblinaFestival InconfidentesBrasilCine – Stockholm17th International Children’s Film Festival India.Amazonas Film Festival - Mostra InfantilPantalla Latina - Festival de CineLatinoCurta CanoaCine Fest Votorantim37 Festival de Cine Ibero Americano de HuelvaCINEMATO - 18° FESTIVAL DE CINEMA E VÍDEO DE CUIABÁ","10ª Mostra de Cinema Infantil de Florianópolis - Prêmio pelo Júri PopularCarolina Film and Video Festival - Honorable MentionIFFF International Family Film Festival - Best Student Short - Foreign DramaBoston International Film Festival - Indie Soul Special Recognition Award16 ºFBCU, Festival Brasileiro de Cinema Universitário - Priemio do Público, Aquisição Porta CurtasFestival Iberoamericano de Cortos - Imagines Jovenes - Premiação dos Jurados JovensCurta Ourinhos - Curta Ourinhos",2010-11-30,Curta-metragem
1642,As curvas de Niemeyer ,150 alunos da rede municipal de ensino de fundamental de Vit&oacute;ria - ES ,Brasil,2010,10,Instituto Marlin Azul,"17° Vitória Cine Vídeo – Lançamento - Vitória (ES) -  05 a 10 de dezembro – 201010ª Mostra de Cinema Infantil de Florianópolis (SC). 23 de junho a 10 de julho de 2011.6ª CineOP – Mostra de Cinema de Ouro Preto. 15 a 20 de junho de 2011.Cine Festival Inconfidentes, projeto de extensão universitária - 19 e 23 de outubro nas cidades de Mariana, Ouro Preto e no distrito de Monsenhor Horta, em Minas Gerais. Exibido na Mostra Futuro, no dia 22, às 16h, na Escola Estadual Cônego Braga, no distrito de Monsenhor Horta e no domingo, dia 23, às 15h, no Teatro SESI, em Mariana.",Não informado,2010-12-10,Curta-metragem
1643,Um dia na vida ,-,Brasil,2011,2,Não informado,Não informado,Não informado,,Curta-metragem
1644,O diário da Terra ,-,Brasil,2010,1,Não informado,Não informado,Não informado,,Curta-metragem
1645,Doce turminha e a corda da viola ,-,Brasil,2011,1,Não informado,Não informado,Não informado,,Curta-metragem
1646,Dontinho – a missão ,-,Brasil,2008,8,Não informado,Não informado,Não informado,,Curta-metragem
1647,Ela veio me ver ,Essi Rafael,Brasil,2010,17,Casa de Cinema de Aquidauana,22º Festival Internacional de Curtas de SPFestival do Rio 201127th Chicago Latino Film FestivalNew York International Latino Film Festival14ª Mostra de Cinema de Tiradentes10ª Mostra de Cinema Infantil de FlorianópolisFAM 2011 - 15º Florianópolis Audiovisual MercosulBRAFFTv- Festival de Cinema Brasileiro em Toronto&#8232;Tallahassee Film FestivalFestival Iberoamericano de Cortos de Buenos Aires8º Festival de Cinema de Maringá3º Festival do Júri Popular6º Festival da América do SulInternational Youth Film Festival 2011Ohio Independent Film FestivalSan Antonio Film FestivalCinesul 2011- Festival Ibero-Americano de Cinema e VídeoV Curta Cabo FrioLichfield Hills Film FestivalKids First! Film Festival&#8232;Curta Carajás- III Festival de Cinema de Parauapebas&#8232;7º Curta Ourinhos&#8232;2º Festival Nacional de Cinema de Petrópolis,Melhor Montagem no Festival de Cinema de MaringáMelhor filme (João Pessoa/PB)- Festival do Júri PopularMenção honrosa- Festival Iberoamericano de Cortos,2011-01-22,Curta-metragem
1648,Ensolarado ,Ricardo Targino,Brasil,2010,14,Ricardo Targino,"63 Festival Del Film Locarno 2010 61 Berlinale25 Festival Internacional de Cine de Mar del Plata 2010 Festival do Rio – Rio International Film Festival 2010 Festival de Cinema de Paulínia 2010 21 Curta Kinoforum – Festival Internacional de Curtas-Metragens de São Paulo 2010 20 Curta Cinema – Festival Internacional de Curta do Rio de Janeiro 2010 III Janela Internacional de Cinema do Recife 2010 4 Mostra Cine BH 2010 – BH International Film Festival 12 Mostra de Londrina de Cinema 2010 14 Mostra de Cinema de Tiradentes 2011 61 Berlinale - Internationale Filmfestspeile Berlin I2011 26 FICG Festival Internacional de Cine en Guadalajara 2011 MIFF 11 Miami International Film Festival 2011, RIFF Awards 2011 Rome International Film Festival 18 Annual San Diego Latino Film Festival 2011 ",Melhor curta no Recontres du cinema de Toulouse Melhor curta iberoamericano no Festival de GuadalajaraFestival Brasil RuralMenção honrosa do Janela Internacional de Cinema do RecifeFestival Ação Mulher,2010-07-21,Curta-metragem
1649,O entregador,Rog&eacute;rio Beltrame Nicoleli,Brasil,2011,4,Rogério Desenhista,Não informado,Não informado,,Curta-metragem
1650,"Esaú, o catador de histórias ",-,Brasil,2011,10,Não informado,Não informado,Não informado,,Curta-metragem
1651,Uma estrela no quintal,Danielle Divardin,Brasil,2010,7,Curioso Filmes,Não informado,Não informado,2010-08-03,Curta-metragem
1652,A fábula da corrupção ,Lisandro Santos,Brasil,2010,8,Cartunaria Desenhos,"-Sarau Cultural Auxiliadora 2010 – Instituto NT – RS-1ª Mostra de Cinema Infanto-juvenil de Blumenau 2011 – SC-Festival Animarte 2011 – Mostra Competitiva Profissional – RJ-10ª Mostra de Cinema Infantil de Florianópolis 2011 – SC-FAM 2011 – 15º Florianópolis Audiovisual Mercosul – Mostra Infanto-juvenil – SC-III Festival de Curta Metragem de Itapetinga 2011 – BA-II Festival de Jericoacoara 2011 – CE-Anima Mundi 2011 – 19º Festival Internacional de Animação do Brasil – RJ e SP-CURTA-SE 2011 – 11º Festival Iberoamericano de Cinema de Sergipe – SE-5º Festival Cinema com Farinha 2011 – PB -22º Festival Internacional de Curtas-Metragens de São Paulo 2011 – Mostra Infanto-Juvenil e Mostra Paralela – Museu do Futebol, Diadema e Paraisópolis – SP-Curta Taquary 2011 – 4º Festival Nacional de Curta-Metragem – PE-V Curta Cabo Frio 2011 – RJ-2º FESTIVAL DE CINEMA CURTAMAZÔNIA/MOSTRA CURTA CRIANÇA 2011 – SESSÃO ANIMAÇÃO E MOSTRA CURTA EM TODAS AS TELAS – RO-VI Comunicurtas 2011 – Festival Audiovisual de Campina Grande – PB-9º MUMIA 2011 – MOSTRA UDIGRUDI MUNDIAL DE ANIMAÇÃO – MG-6º Locomotiva – Festival de Cinema de Animação 2011 – Animador Homenageado – RS -Dia Internacional da Animação 2011 – Mostra Nacional-Mostra Nacional para pessoas com deficiência auditiva e com deficiência visual do Dia Internacional da Animação 2011-5º FESTIVAL DE CINEMA NA FLORESTA 2011 – MT-Entretodos 4 – Festival de Curtas de Direitos Humanos 2011 – Mostra Infantil – SP-Festival do Rio 2011 - Mostra Geração e RioScreenings/RioMarket – RJ-Mostrinha Infantil de Vitória da Conquista 2011 – BA-6° FESTIVAL DE CINEMA DE CASCAVEL 2011 – PR-1º Festival de Cinema de Santa Rosa 2011 – Mostra Competitiva de Curta-Metragem – RS-1ª MARATONA INFANTIL DO MIS-SP 2011 – SP-2º Cine Festival Inconfidentes 2011 – MG-Sessão de Cinema 2011 – Ação Social Alfa Transportes Especiais – SC -8º Amazonas Film Festival 2011 – Mostra Cinema Por Aí Infanto-Juvenil – AM-I Festival Virtual Cine Brasil Plural 2011 – Internet-Mostra de cinema infantil do dia das crianças para comunidades carentes 2011 – Centro Cultural Erico Veríssimo – RS-7º Festival Aruanda do Audiovisual Brasileiro 2011 – PB-9ª FESTCINEAMAZÔNIA – Mostra Competitiva 2011 – RO-5ª Mostra Latino-Americana de Animação A Caverna 2011 – SC-II Noite Contemporânea Cine Fest – RJ e SC-8º CINEFEST VOTORANTIM 2011 – SP-8a Mostra Cinema Popular Brasileiro 2011 – RJ-1º AnimaCaxias 2011 - Festival de Cinema de Animação de Caxias do Sul – RS-3º Mostra Cinevídeo Joinville 2011 – Mostra Nacional – SC-2º Noite Contemporânea Cine Fest 2011 – RJ e SC-Festival Multimídia Zeitgeist 2011 – Movimento Zeitgeist – RS-10º Festival de Vídeo Estudantil e Mostra de Cinema 2011 – RS-VIII Mostra Competitiva de Audiovisual 2011 – Categoria Infantil – SP-Miragem 2011 – VI Mostra de Cinemae Vídeo de Miracema – TO-III CineCreed 2011 – Mostra de Filmes Digitais – PE-X Festival Santa Maria Vídeo e Cinema 2011 – RS-II Festival Cine Riba 2011 – MS-1º Criancine - Festival de Cinema InfantoJuventil 2011 – PE-FIIK 2011 – Festival Internacional de Cinema Independente – SP-CURTACARAJÁS 2011 – III Festival de Cinema de Parauapebas – PA-VALE CURTAS 2011 – Festival Nacional de Curtas-Metragens do Vale do São-Francisco – PE e BA-III FESTIVAL DE CINEMA DA FRONTEIRA 2011 – RS-FIM – 8º Festival Imagem-Movimento 2011 – AP",-1º Lugar Júri Popular (Profissionais Brasileiros) – Festival Animarte 2011 – RJ-Melhor Animação – III Festival de Curta Metragem de Itapetinga 2011 – BA-Melhor Animação Júri Oficial e Júri Popular – 5° Festival Cinema com Farinha 2011 – PB-Melhor Roteiro – Mostra Competitiva Nacional Animação – 4º Curta Taquary 2011 – PE-Melhor Roteiro – 1º AnimaCaxias 2011 – RS-Melhor Animação – II Festival Cine Riba 2011 – MS-2º LUGAR Mostra Alternativa – 10º Festival de Vídeo Estudantil e Mostra de Cinema 2011 – RS,,Curta-metragem
1974,Artificial,Felipe Bond,Brasil,2011,14,Produção Independente,Sanfrik - Festival de Contracine Nacional 2011 - Santiago/ChileCurtas no Marquês - 2012 - Rio de Janeiro/BrasilFILMIDEO 2012 - New Jersey/USA,Não informado,,Curta-metragem
1653,Fábula das três avós ,Daniel Turini,Brasil,2010,17,KNS,"- Festival de Brasília (Melhor Arte)- Mostra do Audiovisual de São Paulo- Festival do Júri Popular, várias cidades (Melhor Atriz)- Cine PE, Recife - (Melhor Direção, Roteiro e Som)- Cine Ceará, Fortaleza- CineOP, Ouro Preto- FAM, Festival Audiovisual do Mercosul, Florianópolis- CineSul, Rio de Janeiro- Festival de Cinema Universitário, mostra ex-alunos, Rio de Janeiro- Festival de Cinema de Triunfo, PE (Melhor Ator)- Festival Internacional de Curtas de São Paulo- Cinemúsica, Conservatória, RJ- CineBH- Festival Guarnicê, São Luís (Melhor Arte)- Cinemato, Cuiabá (Melhor Intérprete)- Curta Canoa, Canoa Quebrada, CE","- Festival de Brasília (Melhor Arte)- Festival do Júri Popular, várias cidades (Melhor Atriz)- Cine PE, Recife - (Melhor Direção, Roteiro e Som)- Festival de Cinema de Triunfo, PE (Melhor Ator)- Festival Guarnicê, São Luís (Melhor Arte)- Cinemato, Cuiabá (Melhor Intérprete)- Curta Canoa, Canoa Quebrada, CE (Melhor Atriz e Melhor Arte)",,Curta-metragem
1654,Feira da fantasia ,Talvanes Moura,Brasil,2010,10,Associação Carnaubeira de Arte-educação,II Jeri digital - Festival de cinema digital de jericoacoaraMostra de cinema Infantil de FlorianópolisFestival  Internacional  de cinema infantil - RJ,Não informado,2011-10-10,Curta-metragem
1655,O filho do vizinho,Alex Vidigal,Brasil,2010,7,TMTA Comunicacão e Pavirada Filmes,43º Festival de Brasília do Cinema Brasileiro – Mostra Competitiva Digital10º Mostra de Cinema Infantil de Florianópolis8º Festival de Cinema de MaringáII Festival de Jericoacoara de Cinema DigitalFestival Prix Jeunesse Iberoamericano 2011FICI – Festival Internacional de Cinema Infantil13ª Festival Internacional de Curtas de Belo Horizonte6o Festival de Cinema de CascavelFestival Internacional del Nuevo Cine Latino Americano de Havana – CubaCineFest Votorantim – Mostra ParalelaVale Curtas – Festival de Curtas do Vale do ParaíbaVI Mostra Curta Audiovisual de Campinas - SP,- Prêmio de Melhor Direção de Arte na Mostra Competitiva Digital no 43º Festival de Brasília do Cinema Brasileiro de 2010 - Prêmio de Melhor Filme no Festival de Cinema de Maringá- 3º lugar pelo Júri da crítica de melhor conteúdo para crianças de 7 a 11 anos – Festival Prix Jeunesse Iberoamericano 2011- Melhor Direção de Arte no II Festival de Jericoacoara de Cinema Digital-  Melhor Filme pelo Júri Oficial - 10º Mostra de Cinema Infantil de Florianópolis- Melhor Filme pelo Júri Popular – Vale Curtas – Festival de Curtas Metragens do Vale do Paraíba,,Curta-metragem
1656,A folha da Samaúma ,Ariane Porto,Brasil,2010,5,TAO Produções Artísticas Ltda,"Mostra de Cinema de Florianópolis, Dia Mundial da Animação",Não informado,2010-01-20,Curta-metragem
1657,O galinho do educandário ,Ant&ocirc;nio Spina Filho e Marco Aur&eacute;lio Penha Ribeiro,Brasil,2010,10,Spin Filmes,"Festival de Pinhais, Festival do Metrô do Rio",Não informado,2010-06-06,Curta-metragem
1658,Involução ,-,Brasil,2011,11,Não informado,Não informado,Não informado,,Curta-metragem
1659,O jardim dos robôs ,-,Brasil,2010,7,Não informado,Não informado,Não informado,,Curta-metragem
1660,Jéssica e Junior no mundo das cores ,-,Brasil,2010,3,Não informado,Não informado,Não informado,,Curta-metragem
1661,"Joãozinho, bu! ",-,Brasil,2009,12,Não informado,Não informado,Não informado,,Curta-metragem
1662,Luiz Apple – a vida de um campeão ,Nildo Ferreira,Brasil,2009,4,Querô Filmes,Cine FootAnim! ArteCurta FilmesFestival Prix JeunessesMostra de Cinema infantil de FlorianópolisMUMIA,Não informado,2009-12-19,Curta-metragem
1663,A mansão maluca do professor Ambrósio ,-,Brasil,2011,8,Não informado,Não informado,Não informado,,Curta-metragem
1664,Menina da chuva,Rosaria,Brasil,2010,6,Zoiu filmes,Anima Mundi 2010,Não informado,,Curta-metragem
1665,A menina e o balanço,-,Brasil,2010,1,Não informado,Não informado,Não informado,,Curta-metragem
1666,Musicaixa,Jackson Abacatu,Brasil,2010,2,Jackson Abacatu,"5º Locomotiva (Garibaldi/RS) – 7 a 12/06/20108ª Mostra Minas (Belo Horizonte/MG) – 24 a 26/06/2010Mosca 6 – (Cambuquira/MG) - 14 a 19/07/2010Curta Taquary – (Taquaritinga do NortePE) – 09 a 11/09/20108ª Mostra Múmia – (Belo Horizonte/MG) – 08 a 30/09/2010Up to 3` - Toronto (Canadá) – 23 a 26/09/2010A Caverna –Mostra de animação (Florianólis/SC) – 26 a 29/10/2010Dia Internacional da Animação - Mostra nacional – 28/10/20105º Arte.mov – (Belo Horizonte/MG) – 18 a 22/11/20109º Anim!Arte (Niterói/RJ, Rio de Janeiro/RJ, São Paulo/SP) – 16 a 28/11/201014ª Mostra Tiradentes – (Tiradentes/MG) - 21 a 29/01/2011Mostra do Filme Livre – (São Paulo/SP, Rio de Janeiro/RJ) - 10 a 31/03/20113º Vitanima – Mostra de animação – (Recife/PE) – 18 a 20/03/2011Monstra – Lisboa (Portugal) - 21 a 27/03/20115ª Baixada Animada – São João de Meriti/Duque de Caxias - 24 a 26/08/20111ª Mostra de cinema infanto juvenil de Blumenau (SC) - 26 a 29/04/201110ª Mostra de cinema infantil de Florianópolis (SC) – 23/06 a 10/07/2011FAM – Florianópolis Audiovisual Mercosul – (SC) – 24/06 a 01/07/2011I Festival Curta Animação – Sao Caetano SP 14 e 15/09/201134º Festival Guarnicê de cinema – São Luis/MA – 03 a 07/10/2011Curta no almoço – Caixa Cultural - Rio de Janeiro-RJ – 16/08 a 02/09/2011Animacaxias - Caxias do Sul -RS - 07 a 11/11/2011",Melhor trilha sonora – categoria infantil - 5º Locomotiva (Garibaldi/RS) - 2010Melhor animação – júri - 8ª Mostra Minas (Belo Horizonte/MG)-2010Prêmio especial do júri – Mostra mineira - 8ª Mostra Múmia (Belo Horizonte/MG)-2010Seleção Dia Internacional da Animação - mostra nacional - 2010,2010-06-07,Curta-metragem
1667,Nalu ,-,Brasil,2010,6,Não informado,Não informado,Não informado,,Curta-metragem
1668,O nervosinho ,-,Brasil,2011,5,Não informado,Não informado,Não informado,,Curta-metragem
1669,Nibaltar,-,Brasil,2010,8,Não informado,Não informado,Não informado,,Curta-metragem
1670,No escuro ,-,Brasil,2010,11,Não informado,Não informado,Não informado,,Curta-metragem
1671,Obsoleto ,"Heitor Mendon&ccedil;a dos Santos, Leandro de Souza e Victor Mendon&ccedil;a dos Santos",Brasil,2011,5,Trabalho universitário,Não informado,Não informado,,Curta-metragem
1672,On line: Quando o Windows fecha portas,Cristiano Trein,Brasil,2010,13,RBS TV,Não informado,Não informado,,Curta-metragem
1673,Pac brós ,-,Brasil,2011,2,Não informado,Não informado,Não informado,,Curta-metragem
1674,A palavra muda,Ale McHaddo,Brasil,2010,5,44 Toons,Mostra Palavras e o Mundo – SESC SP (maio/10)10ª Mostra de Cinema Infantil de Florianópolis (jun/11),Não informado,,Curta-metragem
1675,O piá que fazia pipa ,Lelo Penha,Brasil,2010,10,Spin Filmes,"Festival de Pinhais, Festival do Metrô do Rio",Não informado,2010-05-25,Curta-metragem
1676,Planeta dos Alberts ,-,Brasil,2010,9,Não informado,Não informado,Não informado,,Curta-metragem
1677,Purgamentum ,Yannet Briggilet,Brasil,2011,10,O Mago Realizações,Mostra de cinema InfantilMostra Mumia,-,2011-03-16,Curta-metragem
1678,A raposa e a águia ,-,Brasil,2010,6,Não informado,Não informado,Não informado,,Curta-metragem
1679,O rato que vê TV ,-,Brasil,2011,1,Não informado,Não informado,Não informado,,Curta-metragem
1680,Remoto controle remoto ,Bruno Bask,Brasil,2011,3,Mono Entretenimento,"19° ANIMA MUNDIIV Festival Internacional de Filmes Curtíssimos, 13ª Edição Internacional des Très Courts10.a Mostra de Cinema Infantil de FlorianópolisAnim!arteFICI - Festival Internacional de Cinema InfantilTr3s.minutosDia Internacional da Animação 2011/ abcaFESTIVAL NACIONAL 5 MINUTOSCine Festival Inconfidentes6ª Mostra de Cinema e Vídeo de Miracema - Miragem 2011Mostra Tiradentes",Não informado,,Curta-metragem
1681,Sabiá ,Maur&iacute;cio Squarisi,Brasil,2010,3,Núcleo de Cinema de Animação de Campinas,10ª Mostra de Cinema Infantil de Florianópolis 8° Festival de Cinema de MaringáMARANIME – Festival Maranhense de AnimaçãoVI Mostra Curta Audiovisual Campinas,Não informado,2010-12-03,Curta-metragem
1682,Scratch ,-,Brasil,2010,11,Não informado,Não informado,Não informado,,Curta-metragem
1683,SMS ,-,Brasil,2010,15,Não informado,Não informado,Não informado,,Curta-metragem
1684,Os sonâmbulos ,Igor Amin,Brasil,2011,6,Cocriativa Conteúdos Audiovisuais,Mostra de Cinema de TiradentesMostra Infantil de Cinema de FloripaCurta-SE SergipeCurta Circuito MG,Não informado,2012-03-01,Curta-metragem
1685,Sonhando passarinhos ,Bruna Carolli,Brasil,2011,11,Bruna Carolli e Pavirada Filmes,CINE PE - 201215ª Mostra de Cinema de TiradentesVI Mostra Curta AudiovisualFestival Vale Curtas de 20128º Cinefest Votorantim13º Festival Internacional de Curtas de Belo HorizontesFestival do Rio 201144ª Festival de Brasília do Cinema Brasileiro10ª Mostra de Cinema Infantil de Florianópolis5ª Edição do Festival Prix Jeunesse8º Festival de Cinema de MaringaFestival de Cinema de Blumenau,Melhor ficção - Festival Vale Curtas de 2012Melhor trilha sonora - 8º Festival de Cinema de Maringa,,Curta-metragem
1686,Tadinha ,-,Brasil,2010,5,Não informado,Não informado,Não informado,,Curta-metragem
1687,TamanduAbandeira ,Ricardo de Podest&aacute;,Brasil,2011,8,Mandra Filmes,"1 -   10 ª  Mostra de Cinema Infantil de Florianópolis - SC http://www.mostradecinemainfantil.com.br/2011/06/13/tamanduabandeira/2 -   5ª BAIXADA ANIMADA - Mostra de Cinema de Animação da Baixada Fluminense - RJhttp://www.baixadaanimada.com.br/3 -   13 ª FICA - Festival Internacional de Cinema e Vídeo Ambiental - GOhttp://www.fica.art.br/xiii-fica/filmes-selecionados/curta-metragem/4 -   9º Mostra ABD Cine Goiás - GOhttp://www.fica.art.br/xiii-fica/filmes-selecionados/5 -   3 ª MOSTRA INFANTIL – FICA ANIMADO - GOhttp://www.fica.art.br/noticias/programacao-mostra-infantil-xiii-fica-%E2%80%93-fica-animado/6 -   CiNESUL 2011 - Festival Ibero-americano de Cinema e Vídeo - RJhttp://www.cinesul.com.br/site_2011/m_paralelas_crianca.shtml7 -   2º Festival de Cinema Curtamazônia - AMhttp://www.curtamazonia.com/Release_13062011.pdf8 -   2ª Mostra de Cinema Sem Limites - SPhttp://www.seliganacena.com.br/noticia/121/mostra-de-cinema-sem-limites-exibe-producoes-nacionais.html9 -   1ª Mostra de Cinema Infantil Juvenil de Blumenau - SChttp://cinecrianca.blogspot.com/2011/05/e-o-premio-cia-hering-vai-para.html10 -   5º Festival Cinema com Farinha – Festival Audiovisual do Sertão Paraibano - PAhttp://www.cinemacomfarinha.com/11 -   7 ª FATU – Festival Brasileiro de Filmes de Aventura, Turismo e Sustentabilidade - SPhttp://aventura.com.br/fatu/?page_id=92512 -   5º FRICINE - Festival Internacional de Cinema Socioambiental - RJhttp://www.fricine.com.br/pt/?id=4413 -   5º Curta Cabo Frio - Festival de Audiovisual da Costa do Sol - RJhttp://www.festivalcurtacabofrio.com.br/mostra_pagina.php?cd_pagina=445314 -   4º Curta Taquary - Festival Nacional de Curta Metragem - PEhttp://www.curtataquary.com/15 -   6º Locomotiva - Festival de Cinema de Animação - Garibaldi - RShttp://www.festivallocomotiva.com.br/2011/16 -   11º Goiânia Mostra Curtas - Curta Mostra Goiás- GOhttp://www.goianiamostracurtas.com.br/filmes/selecionados17 -   XI - Encontro de Culturas Tradicionais da Chapada dos Veadeiros - GOhttp://www.encontrodeculturas.com.br/2011/programacao/palco18 -   Festival Amplitude: II Mostra de Inovação, Cultura e Tecnologiahttp://amplitude2011.com.br/atracoes/19 -   Sessão Criança - Centro Cultural Banco do Brasil - 19/junho - RJhttp://guiadasemana.uol.com.br/Rio_de_Janeiro/Filhos/Evento/Sessao_Crianca_Festival_Cine_.aspx?id=8011120 -   Cineclube de Jataí - Mostra dos premiados do FICA 2011 - GOhttp://www.jatai.go.gov.br/index.php?option=com_content&view=article&id=2413:cineclube-exibe-esta-semana-mostra-dos-premiados-do-fica-2011&catid=1:ultimas-noticias&Itemid=16621 -   IV Mostra de Cinema Ambiental “FICA na UFSC”http://noticias.ufsc.br/2011/08/10/fica-na-ufsc-traz-o-melhor-do-cinema-ambiental/22 –   VII Festcine Goiâniahttp://coletivokuikurodecinema.blogspot.com/2011/10/7-festcine-goiania.html?zx=e60a44f30d76c83e23 -   1º Criancine – Festival de Cinema Infanto Juvenil – Taquaritinga do norte - PEhttp://criancine.blogspot.com/p/filmes-selecionados.html24 -    2º Roda de leitura e Sustentabilidade – Aparecida de Goiânia – GOhttp://www.escolacasaverde.com.br/acontece_roda2.php25 - Mostra de Cinema “Fica o ano inteiro” - Rio Branco – AC","VII Festcine Goiânia – Melhor animação Goiana.6º Locomotiva - Festival de Cinema de Animação  -  Melhor Qualidade Tecnica. 7 ª FATU – Festival Brasileiro de Filmes de Aventura, Turismo e Sustentabilidade – Melhor Roteiro.13 ª FICA - Festival Internacional de Cinema e Vídeo Ambiental – Melhor Filme Goiano.",2011-01-01,Curta-metragem
1688,Tecnologia rural ,-,Brasil,2010,3,Não informado,Não informado,Não informado,,Curta-metragem
1689,Tentáculos ,-,Brasil,2010,6,Não informado,Não informado,Não informado,,Curta-metragem
1690,Teste das palavras ,-,Brasil,2010,6,Não informado,Não informado,Não informado,,Curta-metragem
1691,"Thiago, o pirata e o caso da fada dos dentes ",-,Brasil,2009,15,Não informado,Não informado,Não informado,,Curta-metragem
1692,Traz outro amigo também ,Frederico Cabral,Brasil,2010,15,RBS TV,Não informado,GANHOU PRÊMIO AQUISIÇÃO CNAL BRASILL NO FESTIVAL DE TIRADENTES - 2010GANHOU MELHOR FILME FESTIVAL DE BRASILIA- 2010,,Curta-metragem
1693,A velha a fiar ,-,Brasil,2010,5,Não informado,Não informado,Não informado,,Curta-metragem
1694,Verde maduro ,Simone Caetano,Brasil,2010,16,Balacobaco Cinema & Produção,•9ª ABD Cine Goiás (junho 2011)•TANZ CINE BRAZIL – Tanzânia – África (junho 2011)•10ª MOSTRA DE CINEMA INFANTIL DE FLORIANÓPOLIS (jun/jul 2011) •Mostra infanto-juvenil do 4º. FESTIVAL DE CINEMA DE TRIUNFO – Triunfo/Pernambuco (agosto 2011) •5º. FESTIVAL DE CINEMA NA FLORESTA – Floresta-MT (agosto 2011)•CINEMA NA CALÇADA – Revirada Cultural de Goiânia (setembro 2011)•XI GOIÂNIA MOSTRA CURTAS – (outubro 2011)•7º. FESTCINE GOIÂNIA – (novembro 2011),"MELHOR FICÇÃO, MELHOR ATRIZ (Cida Mendes), MELHOR ATOR (Hélio Fróes) e MENÇÃO HONROSA (ator mirim - Matheus Aloísio) ",,Curta-metragem
1695,A viagem de um barquinho ,M&aacute;rcio Em&iacute;lio Zago,Brasil,2010,4,Instituto de Arte e Cultura Garatuja,Anima Mundi 201110 Mostra de Cinema Infantil de Florianópolis 2011 (foi escolhido para abrir a mostra em homenagem ao Ziraldo),Não informado,,Curta-metragem
1696,Virando jogo ,-,Brasil,2010,9,Não informado,Não informado,Não informado,,Curta-metragem
1697,Zumbido,-,Brasil,2010,9,Não informado,Não informado,Não informado,,Curta-metragem
1698,Tempo de criança ,Vav&aacute; Novais,Brasil,2010,12,"Cinema Petisco Produções, Meninas do Rio Produções Artísticas e Cavídeo Produções",Não informado,"-Festival do Rio de Janeiro 2011- Melhor Filme – Menção Honrosa Tempo de Criança, de Wagner Novais Melhor Filme-Visões Periféricas 2011-Melhor Filme-Festival de Ouro Preto-Melhor filme da Mostra Principal Tempo de criança, de Wagner Novaes-9 edição do Festcineamazônia-PRÊMIO DE MELHOR DIREÇÃODiretor WAGNER NOVAIS, do filme TEMPO DE CRIANÇA (RJ) -Vencedor de dois prêmios no Festival de Brasília de 2010",,Curta-metragem
1699,Groelândia,Rafael Figueiredo,Brasil,2009,17,Manga Rosa Filme LTDA,- 37° Festival de Cinema de Gramado 2009- 20° Festival Internacional de Curtas-Metragens de São Paulo 2009- 36° Jornada Internacional de Cinema da Bahia 2009- 11º Festival Internacional de Cinema do Rio de Janeiro 2009- 35º Festival de Cine Iberoamericano de Huelva (Espanha) 2009- 25º Festival Internacional de Cinema de Guadalajara (México) 2010- 7º Festival de Cinema de Maringá 2010- 14º FAM 2010,- Melhor curta-metragem no 35º Festival de Cine Iberoamericano de Huelva (Espanha)- Melhor ator no 7º Festival de Cinema de Maringá 2010- Melhor ator no 14º FAM 2010,,Curta-metragem
1700,L,Thais Fujinaga,Brasil,2011,21,Tamago,Festival Internacional de Curtas de São PauloFestival de Brasília do Cinema BrasileiroMostra Curta GoiâniaCurta CinemaFestival Internacional de Curtas de BHAmazonas Film FestivalFestival de Mar del Plata (Argentina)Festival de Havana (Cuba),"Melhor Filme, Melhor Direção e Melhor filme da Crítica no Festival de BrasíliaPrêmio Avon, Prêmio CTAV, Prêmio ABD no Festival Internacional de Curtas de São PauloMelhor Curta no Goiânia Mostra Curtas",2011-08-26,Curta-metragem
1701,A grande viagem,Caroline Fioratti,Brasil,2011,16,Aurora Filmes,- Festival de Paulínia 2011 (Paulinia - Brasil)- 22º Festival Internacional de Curtas Metragem de SP (São Paulo - Brasil)- 38ª Jornada de Cinema da Bahia (Bahia - Brasil)- 6ª Mostra Cinema e Direitos Humanos na América do Sul (Brasil)- Mostrinha de Cinema Infantil de Vitória da Conquista 2011 (Vitória da Conquista - Brasil)- 28º Chicago International Children’s Film Festival (Chicago - USA)- Festival Internacional de Curtas Metragem do Rio de Janeiro 2011 (Rio de Janeiro - Brasil)- 35ª Mostra Internacional de Cinema  em São Paulo (São Paulo - Brasil)- Mostra Cinema Conquista 2011 (Vitória da Conquista - Brasil)- 8º CineFest Votorantim (Votorantim – Brasil) - VI Mostra Curta Audiovisual de Campinas (Campinas – Brasil)- 9º FestCine Amazônia (Porto Velho – Brasil),Não informado,2011-07-09,Curta-metragem
1702,Carnaval dos deuses,Tata Amaral,Brasil,2010,9,Tangerina Entretenimento ,Não informado,Não informado,,Curta-metragem
1975,Mãe Monstro,Cris Reque,Brasil,2003,18,Cooperativa de Vídeo - Distribuição: Modus Produtora,"* 31º Festival de Gramado Cinema Brasileiro e Latino, agosto 2003 – Mostra Gaúcha. * 14º Festival Internacional de curtas-metragens de São Paulo, SP – Mostra de filmes de Terror,  setembro 2003. * 3ª Goiânia Mostra Curtas, GO outubro de 2003.* Primeiro Plano, 2º Festival de Cinema de Juiz de Fora, MG novembro de 2003.* 2º Festival de Cinema Fantástico de Porto Alegre, outubro de 2006","31º FESTIVAL DE GRAMADO CINEMA BRASILEIRO E LATINO, AGOSTO 2003 – MOSTRA GAÚCHA. * Melhor filme 16mm * Melhor roteiro (Cris Reque)* Melhor montagem (Hique Montanari)* Melhor fotografia (Jorge Henrique Boca)* Melhor filme de diretor estreante (Mãe Monstro)4º PRÊMIO APTC DE CINEMA GAÚCHO -  Junho 2004- Melhor Roteiro - Cris RequePRÊMIO JOSÉ LEWGOY DO CINEMA GAÚCHO 2004Pelo pelo IECINE (Instituto Estadual de Cinema) da Secretaria Estadual da Cultura do RS* Melhor diretora de curta-metragem* Melhor roteiro",,Curta-metragem
1703,A dama do Peixoto,Allan Ribeiro e Douglas soares,Brasil,2011,11,3 Moinhos produções Artísticas,14ª Mostra de Cinema de Tiradentes; 3º Festival do Júri Popular; 10ª Mostra do Filme Livre; CineSul 2011; 6º Cine Ouro Preto; Curta-SE 11; 16º FBCU; V Panorama Coisa de Cinema; 5º Cinemúsica; Curta Taquary; Festivl de Cinema de Triunfo; Comunicurtas; 4º ENTRETODOS; Festival Intl de SP; 9º Curta Santos; Festival de Direitos Humanos; Curta Canoa 2011; Semana Paulistana de Curta-Metragem; Curta no Almoço 2011; Noia; Curta Cinema 2011; Goiania Mostra Curtas; Cineport; 1º Festival Lume; Cachaça Cinema Clube; Visões periféricas 2011; 13° Festival Internacional de Curtas de Belo Horizonte; Curta Cabo Frio 2011; Curta Ourinhos,Troféu Filme Livre - 10ª Mostra do Filme LivreFilme Mais Votado em Paraty - 3º Fest. do Júri PopularMelhor Som - 5º CineMúsicaPrêmio Especial do Júri - Triunfo 2011Melhor Filme - Comunicurtas 2011Melhor Documentário - Comunicurtas 2011Melhor Montagem - Comunicurtas 2011Melhor Personagem - Comunicurtas 2011menção honrosa - semana paulistanaMelhor documentário - Curta-SE 11Melhor documentário - 9º Curta Santosmelhor Montagem - 9º Curta SantosMelhor Curta - 4º ENTRETODOSMelhor Roteiro - 8º Amazonas Film Festival,,Curta-metragem
1704,Eu não quero voltar sozinho,Daniel Ribeiro,Brasil,2010,17,Lacuna Filmes,Não informado,"3º Festival Paulínia de Cinema (Melhor Filme e Melhor Roteiro - Júri Oficial, Melhor Filme - Júri Popular, Melhor Filme - Crítica); Entretodos 3 (Melhor Roteiro); CLOSE - Porto Alegre (Melhor Filme, Melhor Film Juri Popular, Melhor Roteiro, Melhor Ator, Melhor Atriz, Melhor Fotografia, Melhor Direção de Arte); 17º Festival de Cinema e Vídeo de Cuiabá (Melhor Filme Júri Popular e Melhor Direção); 18º Mix Brasil (Melhor Curta Nacional, Melhor Interpretação - Ghilherme Lobo, Melhor Roteiro); 4º For Rainbow (Melhor Direção, Melhor Fotografia); 17º Vitória Cine Vídeo (Melhor Roteiro); 6º Festival de Atibaia Internacional do Audiovisual (Troféu Sapuari - Melhor Filme, Melhor Ator e Melhor Atriz); Festival Rio Gay (Melhor Curta Metragem - Juri Popular); Curtamazônia (Melhor Ator - Ghilherme Lobo); Festival de Cinema de Campina Grande (Melhor Ficção, Melhor filme pelo júri popular, Melhor direção, Melhor trilha sonora, Melhor ator - Ghilherme Lobo); Curta Taquary (Melhor Curta Metragem de Ficção e Melhor Ator: Ghuilherme Lobo; Prêmio Especial da ABD/APECI-PE; FEPEC - Prêmio Cineclubista - Melhor Filme para Reflexão); Curta Santos (Melhor Direção); Curta-Se (Melhor Curta Metragem de Ficção); Prêmio Cidadania em Respeito à Diversidade -Categoria: Curta Metragem;Internacionais: Torino GLBT Film Festival (Melhor Curta Metragem - Público, Menção Honrosa - Juri Oficial); OutFest (Outstanding Dramatic Short Film); Qfest - Philadelphia International Gay & Lesbian Film Festival (Melhor Curta Metragem - Juri Popular); Louisville LGBT Film Festival(Melhor Curta Metragem); Festival Internacional de Cine de Monterrey (Melhor Curta Metragem); International Film Festival Nueva Mirada (Pipa de Ouro - Melhor Curta Metragem para Jovens); Outflix Film Festival (Best Short Film - Jury Award); Skeive Filmer / Oslo Gay & Lesbian Film Festival (Melhor Curta - Prêmio do Público; Melhor Curta - Prêmio do Júri); Queer Lisboa (Melhor Curta - Prêmio do Público); Out on Film (Best Men's Short - Audience Award); Vencedor do Iris Prize; Southwest Gay And Lesbian Film Festival (Melhor Curta - Prêmio do Público); Chéries-Chéris (Prêmio Pink TV de curta metragem); ImageOut The Rochester Lesbian & Gay Film & Video Festival (Melhor Curta Independente - Prêmio do Público); Reel Affirmations - The Washington, DC International Gay and Lesbian Film Festival(Melhor Curta - Prêmio do Público); Seattle Lesbian & Gay Film Festival (Menção Honrosa e Melhor Curta Metragem Gay - Prêmio do Público); Pittsburgh International Lesbian and Gay Film Festival (Melhor Curta - Men's Short - Prêmio do Público); Sacramento International Gay & Lesbian Film Festival (Melhor Curta - Prêmio do Público); Perlen - Queer Film Festival Hannover (Melhor Curta - Prêmio do Público); Corona Cork (Prêmio OutLook - Melhor curta LGBT); Queerish (Prêmio do Público - Melhor Curta Metragem) ",,Curta-metragem
1705,O plantador de quiabos,Coletivo Santa Madeira,Brasil,2010,15,Coletivo Santa Madeira e Teatro Oficina,21 Festival de Curtas de SP (2010)17 Vitória CineVídeo (2010)Mostra do Audiovisual Paulista (2010)Festival da Serra do Cipó (2011)Mostra de Tiradentes (2011)Festival do Júri Popular (2011)Northern Wave Festival - Islândia (2011)9th Guadalajara Film Market (2011)TAKE 1 Mostra de Indaiatuba (2011)Festival Internacional Uruguai (2011)Brussell Short Film Festival (2011)Kimera Int. Film Festival (2011)Mostra de Cine Ambiental UFF (2011)Cine Ceará (2011)FICA - Fest. Int. Cine Ambiental (2011)FAM – Floripa (2011)Festival Latino de Rosario - ARG (2011)Festival Latino na Austria (2011)DC Shorts Film Festival  (2011)Terra di Tutti Film Festival (2011)Shnit Int. Short Film - Suíca (2011)FESTIVAL CHILE FESANCOR (2011)Fest. Visões Periféricas (2011)Festival CineMato - Cuiaba (2011)Mostra de Direitos Humanos America do Sul (2011)11 Goiania Mostra Curta (2011)Festival Cine Favela (2011)Festival Pop Itapeva (2011)Mostra da Conquista - Vitória-BA (2011),Prêmio Dona Mercês (Festival Serra do Cipó)Prêmio Menção Honrosa (Festival Juri Popular)Premio Cardume (Festival UFF)Prêmio Aquisição Canal Brasil (Festival Cine CearaMelhor Filme pelo Juri Critica (FAM 2011)Melhor Filme pelo Juri Popular (FAM 2011)Premio Aqusição RTP (FAM 2011)Melhor Ator (Festival Latino de Rosario - ARGENTINA)Premio Feisa (Fest. Curtas Santiago - CHILE)Melhor Curta pelo Júri Popular (Mostra Goiania),,Curta-metragem
1706,Doce de coco,ALLAN DEBERTON,Brasil,2010,20,Deberton Filmes,"- 22º FESTIVAL INTERNACIONAL DE CURTAS DE SÃO PAULOSÃO PAULO, BRASIL, 2011Doce de Coco na Lista dos 10 Melhores Filmes do Ano no 22º Festival Kinoforum SP-V FESTIVAL DE CINEMA E VIDEO DOS SERTÕESFLORIANO, PI, BRASIL, 2010.-V TUDO SOBRE MULHERES – FESTIVAL DE CINEMA FEMININO CHAPADA DOS GUIMARÃES, MT, BRASIL, 2010.-VI FESTIVAL ARUANDA DE CINEMA BRASILEIROJOÃO PESSOA, PB, BRASIL, 2010-8º FESTIVAL DE CINEMA DE MARINGAMARINGA, PR, BRASIL, 2011-2º FESTIN - FESTIVAL DE CINEMA ITINERANTE DE LINGUA PORTUGUESALISBOA, PORTUGAL, 2011-2º TANZ CINE BRASIL DAR ES SALAAM, TANZÂNIA, ÁFRICA, 2011-FICIC - FESTIVAL INTERNACIONAL DE CINEMA INDEPENDIENTE DE COSQUINCOSQUIN, ARGENTINA, 2011-21º CINE CEARÁ - FESTIVAL IBEROAMERICANO DE CINEMAFORTALEZA, CE, 2011-FESTIVAL INTERNACIONAL LUME DE CINEMASÃO LUIZ, MARANHÃO, BRASIL, 2011-III QUIXADÁ MOSTRA CINEMAQUIXADA, CE, BRASIL, 2011 -HUATULCO FILM & FOOD FESTIVALHUATULCO, MÉXICO, 2011 - V FESTIVAL DE CINEMA COM FARINHAPATOS, PB- CURTA TAQUARYTAQUARITINGA, PERNABUCO 2011- V CURTA CABO FRIOCABO FRIO, RJ, 2011-2º CURTA AMAZÔNIARONDONIA, 2011- 6º MOSTRA CINEMA E DIREITOS HUMANOS DA AMERICA DO SULBRASIL, 2011-FESTIVAL BRASILCINE STOCKHOLMSUÉCIA, 2011- 5º FESTIVAL DE CINEMA NA FLORESTABRASIL, 2011- LAKINO, 2º LATIN AMERICAN SHORT FILM FESTIVAL BERLINBERLIN, ALEMANHA, 2011- 19º FESTIVAL INTERNACIONAL CHILENO DE CORTOMETRAJES DE SANTIAGOCHILE, 2011- 34º FESTIVAL GUARNICE DE CINEMASÃO LUIS, MA, BRASIL, 2011- III CURTA NEBLINABRASIL, 2011- 3º FESTIVAL LATINOAMERICANO IMÁGENE SOCIALESARGENTINA, 2011- 2º FESTICINE MARACANAÚMARACANAÚ, CEARÁ, 2011-7º CURTA CANOA – FESTIVAL LATINOAMERICANO DE CINEMA DE CANOA QUEBRADAARACATI, CEARÁ, 2011- 6º FESTIVAL DE CINEMA DE CASCAVELCASCAVEL, PR, 2011- 18º FESTIVAL DE CINEMA E VÍDEO DE CUIABÁ CUIABÁ, MATO GROSSO, 2011- 7º CURTA OURINHOSOURINHOS, SP, 2011- 9º CINEFESTAMAZÔNIAPORTO VELHO, RO, 2011- 8º CINEFEST VOTORANTIMVOTORANTIM, SP, 2011- 8º MOSTRA CINEMA POPULAR BRASILEIRORIO DAS OSTRAS, RJ, 2011- 9º FES’AFILM – FESTIVAL INTERNACIONAL DU FILM LUSOPHONE ET FRANCOPHONE DE MONTPELLIERMONTPELLIER , FRANÇA, 2011- MOSTRA CINEMA CONQUISTA – ANO 7VITÓRIA DA CONQUISTA, BA, 2011-2º FESTIVAL NACIONAL DE CINEMA DE PETRÓPOLISPETRÓPOLIS, RJ, 2011-X ARARIBÓIA CINENITERÓI, RJ, 2011- III FESTIVAL DE CINEMA DE PARAUAPEBASPARAUAPEBAS, PA, 2011- III MOSTRA CINE CREEDPERNAMBUCO, PE, 2011","- Melhor Filme Juri Popular- Melhor Diretor – Allan Deberton- Melhor Atriz – Débora Ingrid(FESTIVAL NACIONAL DE CINEMA DOS SERTÕES - FLORIANO, PI, BRASIL, 2010)- Mensão Honrosa – Filme Destaque (FESTIVAL INTERNACIONAL DE CINEMA INDEPENDIENTE DE COSQUIN - COSQUIN, ARGENTINA 2011)- Melhor Produção Cearense - Prêmio BNB de Cinema(21º CINE CEARÁ, FORTALEZA, CE, BRASIL, 2011)- Melhor Filme Juri Oficial(V FESTIVAL CINEMA COM FARINHA, PATOS, PB, 2011)- Melhor Curta em Película- Melhor Diretor – Allan Deberton- Melhor Roteiro – Allan Deberton(V FESTIVAL CURTA CABO FRIO, CABO FRIO, RJ, 2011)- Melhor Fotografia – Curta Metragem Nacional Ficção – Kátia Coelho e Naji Sidki- Melhor Atriz – Débora Ingrid(4º CURTA TAQUARY – TAQUARITINGA DO NORTE, PE, 2011)- Melhor Filme Nacional- Melhor Ficção- Melhor Roteiro – Allan Deberton- Melhor Atriz – Débora Ingrid(35º FESTIVAL DE CINEMA GUARNICÊ, SÃO LUIZ, MA, 2011)- Melhor Roteiro – Allan Deberton(2º FESTICINE MARACANAÚ, MARACANAÚ, CE, 2011)- Melhor Direção – Allan Deberton(2º FESTIVAL NACIONAL DE CINEMA DE PETRÓPOLIS, PETRÓPOLIS, RJ, 2011)",,Curta-metragem
1707,A tal guerreira,Marcelo Caetano,Brasil,2008,14,PaleoTV,Não informado,Não informado,,Curta-metragem
1708,Oferenda,Ana B&aacute;rbara Ramos,Brasil,2011,17,Pigmento Cinematográfico e Filmes a Granel,"cineop, femina 2011, festival internacional de curtas de São Paulo, Goiania Mostra Curtas, Cineport, Curta Cinema, ForumDOC.BH",menção honrosa no Cineport - Festival de cinema de paises de lingua portuguesa,,Curta-metragem
1709,Carnaval Atlântida,Jos&eacute; Carlos Burle,Brasil,1952,92,Atlântida Empresa Cinematográfica do Brasil ,Não informado,Não informado,,Longa-metragem
1710,Sinhá Moça,Tom Payne,Brasil,1953,108,Companhia Cinematográfica Vera Cruz,Não informado,Não informado,,Longa-metragem
1711,Limite,M&aacute;rio Peixoto,Brasil,1930,120,Não informado,Não informado,Não informado,,Longa-metragem
1712,Dois mundos,Thereza Jessouroun,Brasil,2009,15,Kinofilmes,"-  42º Festival de Brasília do Cinema Brasileiro 2009-  16º Vitória cine Vídeo 2009-  Mostra Panorama da 13ª Mostra de Cinema de Tiradentes 2010-  Competição Oficial do Los Angeles Brazilian Festival 2010-  Femina 2010 – Festival Internacional de Cinema Feminino (RJ)-  2º Festival do Júri Popular (17 cidades brasileiras)- CINESUL 2010 - Festival Ibero-Americano de Cinema e Vídeo-  21º Festival Internacional de Curta-metragens de São Paulo (08/2010)- 10º Festival Iberoamericano de Curta-metragens de Sergipe (09/2010)-  3º Festival Entretodos de Curtas de Direitos Humanos -  5ª Mostra de Direitos Humanos da América do Sul (20 capitais brasileiras) ( 8/11 a 19/12/10)- Competição oficial do Festival do Rio 2010  -  17º Festival de Cinema e Vídeo de Cuiabá(outubro 2010)-  Mostra Competitiva de Curtas-metragens-Brasil do 7º Amazonas Film (Nov/2010)-  Noite Contemporânea Cine Fest RJ-  I Festival Macaé Cine 2011-  Mostra Acenda Uma Vela  em 16 cidades do Estado de Alagoas-  IX ARARIBÓIA CINE – FESTIVAL DE NITERÓI-  Seleção Oficial da II Curta Goiamum - Mostra Competitiva Nacional, Natal 2011- Mostra “Curta Filme Curta” no Sesc MG Abril 2011- Festival  “Assim Vivemos” Agosto 2011 RJ-  Mostra Revirada Cultural em Goiânia Setembro 2011",-  Prêmio Melhor Roteiro no 42º Festival de Brasília do Cinema Brasileiro 2009- Prêmio Melhor Som no 42º Festival de Brasília do Cinema Brasileiro 2009- Prêmio Melhor Documentário no 16º Vitória cine Vídeo 2009- Grande Prêmio no Femina 2010 – Festival Internacional de Cinema Feminino (RJ)-  Prêmio Melhor Documentário no 2º Festival do Júri Popular (17 cidades brasileiras)- Prêmio Melhor Filme em São Paulo no 2º Festival do Júri Popular (17 cidades brasileiras)-  Menção Honrosa no CINESUL 2010 - Festival Ibero-Americano de Cinema e Vídeo-  Prêmio Porta Curtas  na Premiére Brasil do Festival do Rio 2010  - Melhor Direção no 17º Festival de Cinema e Vídeo de Cuiabá(outubro 2010)- Prêmio Melhor Documentário no Júri Popular no Noite Contemporânea Cine Fest RJ-  Prêmio Melhor Curta-Metragem Documentário no I Macaé Cine 2011-  Prêmio Melhor Filme no IX ARARIBÓIA CINE – FESTIVAL DE NITERÓI-  Eleito Filme do Ano (2010) pelos usuários do PORTA CURTAS DA PETROBRAS-  Finalista na categoria documentário de curta-metragem no GRANDE PRÊMIO DO CINEMA BRASILEIRO  DE 2010-  Prêmio Melhor Curta Documentário no I Festival Cine Macaé,,Curta-metragem
1713,O caso dos irmãos Naves,Luiz S&eacute;rgio Person,Brasil,1967,92,Lauper Films,Não informado,Não informado,,Longa-metragem
1714,Pugile,Danilo Solferini,Brasil,2007,21,Politheama Filmes ,• Curta Cinema 2007• 9ª Mostra Londrina de Cinema• 5º Curta Santos,• Melhor Filme de ficção.• Melhor Filme e Melhor Fotografia.• Melhor Filme.,,Curta-metragem
1715,Cega seca,Sofia Federico,Brasil,2003,24,Araçá Azul e Rodamundo,"Participou de mostras competitivas de mais de 15 festivais, a exemplo do Goiânia Mostra Curtas, 30a Jornada Internacional de Cinema da Bahia, 14o Festival Internacional de Curtas-Metragens de São Paulo, 1o Curta Franca, 13a Mostra Curta Rio, 16º Encontro de Cinema Latino-Americano de Toulouse.","•13º Cine Ceará - Melhor filme, Melhor roteiro e Melhor ator (Agnaldo Lopes)•26º Guarnicê de Cinema e Video - Melhor filme da Mostra Refestança•5º Festival Internacional TIM de Curtas de Belo Horizonte - Melhor filme (Seleção Curta Minas)•7ª Mostra de Cinema de Tiradentes - Melhor filme eleito pelo júri popular•11º Vitória Cine Vídeo - Melhor filme eleito pelo júri popular•Mostra Internacional de Cinema e Vídeo Ambiental CineAmazônia 2004 - Melhor filme•Festival Amazonas Filmes Curta Brasil 2004 – Melhor fotografiaIndicado em 2004 ao Prêmio da Academia Brasileira de Cinema como melhor produção de 2003.",2003-03-13,Curta-metragem
1716,Também sou teu povo,-,Brasil,2006,13,Centro Dragão do Mar de Arte e Cultura,Festival Cine Ceará 2006Festival Internacional de Curtas-metragem de São PauloCurta Cinema 2006Goiâia Mostra Curtas 2006 1º For Rainbow 2007Entre outros,Desenho Sonoro e edição  no 1º For Rainbow.,,Curta-metragem
1717,Acercadacana,Felipe Peres Calheiros,Brasil,2010,20,Coletivo Asterisco,"- 43º Festival de Brasília do Cinema Brasileiro - Prêmio de Melhor Filme e Melhor Montagem - Curta-Metragem 35mm – 11/2010;- XV CINE PE – Festival do Audiovisual de Pernambuco - Menção Honrosa da ABD-PE – 05/2011- 6.º Festival Internacional de Atibaia – 05/2011;- XIII FICA – Festival de Cinema Ambiental de Goiás – 06/2011;- 6ª CINEOP - Mostra de Cinema de Ouro Preto/MG – 06/2011;- CINE FUTURO - VII Seminário Internacional de Cinema e Audiovisual – Salvador/BA – 07/2011;- 2011 Ventura Film Festival, Califórnia – EUA – 07/2011;- 7ª Mostra de Cinema do Festival de Inverno de Garanhuns/PE – 07/2011;- 1º Festival Internacional Lume de Cinema – São Luís/MA – 07/2011;- The Boonies International Film Festival 2011, Pennsylvania – EUA 08/2011;- 16º Festival Brasileiro de Cinema Universitário -  Rio de Janeiro, 08/2011;- 22º Festival Internacional de Curtas de São Paulo – 08/2011;- VI Comunicurtas – Campina Grande/PB – Prêmio de Filme Mais Ousado; Prêmio João Carlos Beltrão - Melhor Plano Cinemetográfico - 08/2011;- 4.º Festival de Cinema de Triunfo/PE – 08/2011;- Curta Taquary – Festival de Curtas de Taquaritinga do Norte-PE – 09/2011- Festival de Cinema e Cultura da América Latina de Biarritz – França – 09/2011;- DOCUWEST - 2011 International Documentary Film Festival, Colorado – EUA 09/2011;- 5º Festival CINEPORT – Festival de Cinema de Países de Língua Portuguesa – João Pessoa/PB – 09/2011;- III Festival do Filme Etnográfico do Recife;- Festival BrasilCine Stockholm 2011- Suécia – 10/2011;- 6ª Mostra Cinema e Direitos Humanos na América do Sul – Brasil – 10/2011;- FESANCOR 2011- Festival Chileno Internacional de Cortometraje de Santiago - 10/2011;- Festival Visões Periféricas 2011 – Rio de Janeiro -10/2011;- Festival Terra Di Tutti Film – Bologna/Itália – 10/2011;- Festival Internacional de Cine de Valdivia – Chile - Prêmio de Melhor Curta-metragem Latinoamericano e Menção Especial do Prêmio Dom Quixote da Federação Internacional de Cineclubes - 10/2011;- CINEMATO - 18º Festival de Cinema e Vídeo de Cuiabá – Menção Honrosa - 10/2011;- Festival International Signes de Nuit – Paris, França – 10/2011;- Curta Cinema - Festival Internacional de Curtas do Rio de Janeiro, 10/2011;- Astoria/LIC Film Festival – Nova Iorque, EUA – 10/2011; -  21.º London Latin American Film Festival, Inglatrra, 2011, 11/2011.- 3º CURTA NEBLINA- Festival Latino-Americano de Cinema - Ribeirão Pires/SP, 11/2011;- Forumdoc.bh - 15° Festival do Filme Documentário e Etnográfico – Belo Horizonte/MG – 11/2011;- IV Janela Internacional de Cinema do Recife – 11/2011;- I Brazilian Winter Festival – Estocolmo, Suécia – 11/2011;- TRASGUARDI 2011 - FORUM DOCUMENTARISTICO, Trento, Itália – 11/2011;- Cine Brasil SESI, Maceió-AL, 11/2011;- FESTCINEAMAZÔNIA 2011, Porto Velho-RO, 11/2011; - I Mostra Canavial de Cinema, Zona da Mata de Pernambuco, 11/2011;- 2º Festival Nacional de Cinema de Petrópolis-RJ, 11/2011;- 15ª Mostra Internacional do Filme Etnográfico, Rio de Janeiro-RJ, 11/2011;- 33.º Festival Internacional del Nuevo Cine Latinoamericano - Havana, Cuba – 12/2011;- II CachoeiraDoc - Festival de Documentários de Cachoeira/BA – 12/2011.- Mostra do Curta Nordestino, 12/2011, Natal-RN;- 13º Festival de Vídeo de Pernambuco, 12/2011;- Miragem 2011, Mostra de Cinema e Vídeo de Miracema-TO; 12/2011; ",- 43º Festival de Brasília do Cinema Brasileiro - Prêmio de Melhor Filme e Melhor Montagem - Curta-Metragem 35mm – 11/2010;- VI Comunicurtas – Campina Grande/PB – Prêmio de Filme Mais Ousado; Prêmio João Carlos Beltrão - Melhor Plano Cinemetográfico - 08/2011;- Festival Internacional de Cine de Valdivia – Chile - Prêmio de Melhor Curta-metragem Latinoamericano e Menção Especial do Prêmio Dom Quixote da Federação Internacional de Cineclubes - 10/2011;,2010-11-26,Curta-metragem
1718,Ônibus 174,Jos&eacute; Padilha,Brasil,2002,118,Zazen Produções Audiovisuais,"doc Lisboa, Guadalajara, Sundance, Taipei FF, Tallin Int. FF, Fribourg, Israel FF, Mostra de Berlin, New Directors, One World IFF, FICA",Emmy Awards,2002-10-22,Longa-metragem
1719,Estamira,Marcos Prado,Brasil,2006,116,Zazen Produções ,"O filme “Estamira” teve sua estréia no Festival Internacional do Rio de Janeiro, em Setembro de 2004, no qual recebeu o prêmio de Melhor Documentário pelo júri oficial. Em Outubro do mesmo ano, participou da Mostra Internacional de Cinema de São Paulo, conquistando também o prêmio de Melhor Documentário pelo júri oficial. Em Janeiro de 2005, foi exibido no prestigioso Festival Internacional de Rotterdam com uma excelente repercussão, para em seguida receber o prêmio especial do júri no Festival Internacional de Miami. O filme “Estamira”, segue agora para o Festivais Internacionais de Guadalajara, no México e Minneapolis, nos Estados Unidos. Além de ter sido convidado para o Festival de Paris.","O filme “Estamira” teve sua estréia no Festival Internacional do Rio de Janeiro, em Setembro de 2004, no qual recebeu o prêmio de Melhor Documentário pelo júri oficial. Em Outubro do mesmo ano, participou da Mostra Internacional de Cinema de São Paulo, conquistando também o prêmio de Melhor Documentário pelo júri oficial. Em Janeiro de 2005, foi exibido no prestigioso Festival Internacional de Rotterdam com uma excelente repercussão, para em seguida receber o prêmio especial do júri no Festival Internacional de Miami. O filme “Estamira”, segue agora para o Festivais Internacionais de Guadalajara, no México e Minneapolis, nos Estados Unidos. Além de ter sido convidado para o Festival de Paris.",2006-07-28,Longa-metragem
1720,Sala de milagres,Cl&aacute;udio Marques e Mar&iacute;lia Hughes,Brasil,2011,14,Coisa de Cinema Cinema e Vídeo,•8º Amazonas Film Festival (Menção Honrosa pelo Júri Oficial)•II CachoeiraDoc (Menção Honrosa pelo Júri Jovem)•22º Festival Internacional de Curtas de São Paulo•Festival Internacional de Curtas de Belo Horizonte•Festival Visões Periféricas - 2011•Cine Futuro - 2011•11º Festival de Cinema de Goiânia•5º Mostra CineBH•III Semana dos Realizadores•Curta Cinema 2011•2º FESTIVAL NACIONAL DE CINEMA DE PETRÓPOLIS 2011•15ª Mostra Internacional do Filme Etnográfico•7ª edição do Festival Aruanda do Audiovisual Brasileiro•Santa Maria Vídeo e Cinema 2011•VII Mostra Conquista,•8º Amazonas Film Festival (Menção Honrosa pelo Júri Oficial)•II CachoeiraDoc (Menção Honrosa pelo Júri Jovem),,Curta-metragem
1721,Aloha,Nildo Ferreira e Paula Luana Maia,Brasil,2010,15,Querô Filmes LTDA - ME,I Festival RVCA de Curtas – MetragensFest – Festival Internacional de Cinema JovemFestival Assim Vivemos – Festival Internacional de Filmes Sobre Deficiência – 2011Festival Audiovisual do Sertão Paraibano9º Festival Curta SantosCurta Cabo Frio22º Festival Internacional de Curtas – Metragens de São Paulo5º Festival Visões PeriféricasMostra Online Kinooiko7º Festival Ourinhos7º Festival Cine FavelaII Cine CreedIV Edição do Cine MuBE Vitrine Independente.,Melhor  Documentário e de Crítica – Festival Curta SantosMelhor Documentário Digital - Festival Cabo FrioMenção Honrosa - Festival Visões Periféricas,,Curta-metragem
1722,Engano,Cavi Borges,Brasil,2008,12,Cavideo Produções,Não informado,Melhor Ator no Brazilian Film Festival 2008Melhor Atriz no Festival de Curtas de cabo Frio 2008Melhor Curta de Ficção no Festival Mosca 2008 - Cambuquira - MG 2008Melhor Curta de Ficção no Festival PUTZ - Curitiba - PR 2008Melhor Curta de Ficção no Festival REC - Vitória - ES 2008Melhor Curta de Ficção no Festival Vale Curtas - 2008 Melhor Curta no Santa Maria Vídeo e Cinema 2008Melhor direção no Santa Maria Vídeo e Cinema 2008Melhor Curta de Ficção no Curta-se: Festival de Curtas-Metragens de Sergipe 2008 ,,Curta-metragem
1723,Narradores de Javé,Eliane Caff&eacute;,Brasil,2003,102,Bananeira Filmes,Não informado,Não informado,,Longa-metragem
1724,O Escorpião Escarlate,Ivan Cardoso,Brasil,1990,84,Topázio Filmes Ltda e Side Walk,Não informado,"XX FESTIVAL de GRAMADO, 1990     Melhor Direção de Arte (Oscar Ramos)     Melhor Cenografia (Oscar Ramos)     Melhor Trilha Sonora (Julio Medaglia) IV  FESTIVAL de NATAL,  1990     Melhor Diretor - IVAN CARDOSO     Melhor Atriz    - Andrea Beltrão     Melhor Cenografia -  Oscar Ramos XXIII  FESTIVAL de BRASILIA, 1990       MELHOR FILME      Melhor Diretor   -  IVAN CARDOSO      Melhor Cenografia   Oscar Ramos      Melhor Montagem -  Gilberto Santeiro      Melhor Trilha Sonora - Julio Medaglia",,Longa-metragem
1725,Handebol,Anita da Silveira,Brasil,2010,19,não há,"* International Short Film Festival Oberhausen. Alemanha, 2011.* Rencontres Cinemas D'Amérique Latine de Toulouse. França, 2011.* Curta Cinema – Festival Internacional de Curtas do Rio de Janeiro, 2010.* Festival Internacional de Curtas de Belo Horizonte, 2010.* Panorama Internacional Coisa de Cinema. Salvador, 2010.* Mostra Londrina de Cinema, 2010.* Mostra Marília de Cinema, 2010.* Festival Internacional de Curtas-Metragens de São Paulo, 2010.* Mostra de Cinema de Tiradentes, Mostra Foco, 2010.* Semana dos Realizadores. Rio de Janeiro, 2010.* Goiânia Mostra Curtas, 2010.* Janela Internacional de Cinema do Recife, 2010.* Mix Brasil – Festival da Diversidade Sexual. São Paulo, 2010.* Hollywood Brazilian Film Festival. EUA, 2011.",* International Short Film Festival OberhausenThe International Critics’ Prize (FIPRESCI Prize)* Rencontres Cinemas D'Amérique Latine de ToulouseMenção Honrosa* Curta Cinema – Festival Internacional de Curtas do Rio de JaneiroPrêmio Especial do Júri* Festival Internacional de Curtas de Belo HorizonteMelhor Curta* Panorama Internacional Coisa de CinemaMelhor Curta* Mostra Londrina de CinemaMelhor Direção* Mostra Marília de CinemaMelhor Atriz (Lorena Comparato)* Festival Internacional de Curtas-Metragens de São PauloPrêmio Cachaça Cinema Clube,2010-01-25,Curta-metragem
1726,Braxília,Danyella Proen&ccedil;a,Brasil,2010,17,Cor Filmes - Andréa Magalhães Glória,43º Festival de Cinema de Brasília – Novembro de 201014º Mostra de Tiradentes - Novembro de 2010É tudo Verdade - Abril de 2011CINE PE 8º Festival de Cinema de Maringá – Maio de 20116a Mostra de Cinema de Ouro Preto – Outubro de 201118ª edição do Cinesul9º Curta Santos - Festival Santista de Curtas MetragensCine Port 20117º Ourinhos - Cinema é Diversidade11ª Goiânia Mostra Curtas8º Amazonas Film Festival - Novembro de 2011Primeiro Plano 2011 - Festival de Cinema de Juiz de Fora e Mercocidades - Novembrode 201114. 2ª Mostra Nacional Curta Sertão – Dezembro de 201115. III Curta Carajás – III Festival de Cinema de Parauapebas – Dezembro de 201116. Mostra de Cinema e Vídeo de Miracema (6ª Miragem 2011) – Dezembro de 2011Jogo de Cena – Teatro da Caixa – Abril/2011Produção Cultural DUBEM - Abril/20112º Festival de Cinema de Montes Claros – maio/2011Barca Brasília - agosto de 2011ABCV (mês o Dia do Documentário) - agosto de 2011TV Escola – Semana da poesia - agosto de 2011ABCV - homenagem ao documentarista Olney São PauloCachaça Cine Clube – Setembro de 2011Mostra Curta no Xinxim - Setembro de 2011Mostra Cinema Conquista Novembro de 2011,"43º Festival de Cinema de Brasília – Melhor Roteiro para Curta-metragem em 35mm;Prêmio Especial do Júri para Curta-metragem em 35mm; Prêmio do Júri Popular de Melhor Curta-metragem em 35mm.CINE PE - Melhor Trilha Sonora, Melhor Montagem e Prêmio do Júri Popular9º Curta Santos - Festival Santista de Curtas Metragens - Prêmio Especial Do JúriIII Curta Carajás – III Festival de Cinema de Parauapebas - Prêmio Xicrin para Melhor Curta Documentário",,Curta-metragem
1727,Amor só de mãe,Dennison Ramalho,Brasil,2002,21,Olhos de Cão Produções Cinematográficas,Não informado,"Segundo lugar do Público no FanTasia, 2003.. Melhor Música e Melhor Montagem no Festival de Gramado, 31, 2003, RS.. Prêmio do Júri Popular no São Paulo, 2003.. Melhor Fotografia no Festival de Belo Horizonte, 2003.",,Curta-metragem
1728,Barravento,Glauber Rocha,Brasil,1959,81,Iglu Filmes,Não informado,Não informado,,Longa-metragem
1729,À meia-noite levarei sua alma,Jos&eacute; Mojica Marins,Brasil,1963,82,Indústria Cinematográfica Apolo Ltda.,Não informado,Não informado,,Longa-metragem
1730,Maranhão 66,Glauber Rocha,Brasil,1966,10,Mapa Filmes ,Não informado,Não informado,,Curta-metragem
1731,Praça Walt Disney,Renata Pinheiro e Sergio Oliveira,Brasil,2011,21,Aroma Filmes,"Mostra de Cinema de Tiradentes, BR, Jan-2011; Mostra Marília de Cinema, BR, Maio-2011; Panorama Coisa de Cinema, BR, Ago-2011; Festival del Film Locarno. CH. Ago-2011; Festival Int'l de Curtas metragens de São Paulo, BR, Set - 2011; Festival Int'l de curtas de Belo Horizonte, BR, Out – 2011; Curta Cinema. BR. Nov- 2011; Janela Int'l de Cinema de Recife. BR. Nov – 2011; Festival Internacional del Nuevo Cine Latinoamericano de Habana – CUBA, 2011; Vitoria Cine Video. BR. Nov-2011; Mostra Londrina de Cinema, Dez- 2011; Melhor Direção; Festival Internacional de Rotterdam, 2012.","Melhor filme e Melhor Montagem (Mostra Marília de Cinema, 2011); Melhor Filme (Panorama Coisa de Cinema, 2011); Prêmio Canal Brasil e 10 Melhores do Público (Festival Int'l de Curtas metragens de São Paulo, 2011);  Melhor Filme (Festival Int'l de curtas de Belo Horizonte, 2011); Melhor Filme (Curta Cinema, 2011); Melhor Imagem (Janela Int'l de Cinema de Recife, 2011); Melhor Documentário e Melhor Montagem (Vitória Cine Vídeo, 2011);  Melhor Direção (Mostra Londrina de Cinema, 2011). Indicado ao Grande Prêmio do Cinema Brasileiro pela Academia Brasileira de Cinema; Prêmio de Melhor Curta-metragem Nacional de 2011 da Associação Brasileira de Críticos de Cinema (Abraccine).",2011-01-26,Curta-metragem
1732,Cidadão Boilesen,Chaim Litewski,Brasil,2009,92,Palmares Produções,"""É Tudo Verdade, 2009""; ""Festival do Rio, 2009""; ""Docs DF (México), 2009""; ""Hot Docs (Canadá), 2010""; ""Festival de Cinema Brasileiro de Paris (França) 2010""; ""Festival de Cinema Latino da Catalunha (Espanha) 2010"", ""IDFA (Holanda), 2011""","""É Tudo Verdade, 2009"" - Melhor filme""Associação de Críticos de Arte de SP"" - Melhor documentário de 2009""Cinesul"" - Melhor documentário pelo juri popular",2009-12-25,Longa-metragem
1733,Os inquilinos,Sergio Bianchi,Brasil,2009,103,Agravo Produções Cinematográficas,Não informado,Não informado,2010-02-26,Longa-metragem
1734,Ribeirinhos do asfalto,Jorane Castro,Brasil,2011,26,Cabocla Filmes,Não informado,Não informado,,Curta-metragem
1818,Ludmilo my baby,-,Brasil,2010,14,Faro Produções Cinematográficas Ltda,19º Festival Mix Brasil - SP,Não informado,,Curta-metragem
1736,"O Divino, de repente",F&aacute;bio Yamaji,Brasil,2009,6,Rocambole Produções,"Mostras (não competitivas) (20):- Mostra Prêmio Estímulo de Curta-Metragem - Lançamentos 2009 (SP)- Festival de Cinema de São Carlos – SEIS.9 (SP)- Mostra Cinema Conquista 2009 (Vitória da Conquista - BA)- 2º Festival Internacional de Cinema de Paraty / RJ- 6ª Mostra Curta Pará Brasil (PA)- 9º Festival BrasilNoar – Barcelona (ESPANHA)- 5º Curta Ourinhos (SP)- Vira Cultura – Livraria Cultura (SP)- 3º Festival Maranhão na Tela (MA)- Mostra de Cinema de Animação de São Bernardo do Campo (SP)- Curta Cinemateca Especial – Sala Cinemateca (SP)- Festival “Entre Santos” de Trancoso (BA)- 9ª Mostra do Filme Livre 2010 (RJ)- XIII FENART – Festival Nacional de Arte (PB)- 3ª Mostra Outros Cinemas (CE)- Festival de Invierno de Cinemateca Uruguaya (URUGUAI)- ANIMAÍ – IV Encontro Baiano de Animacão (BA)- Mostra Livre de Animação Contemporânea (PE)- Dia Internacional da Animação 2010 (BRASIL)- Rio Comicon 2010 (RJ) Festivais (competitivos) (53):- 17º Festival Internacional de Animação do Brasil - Anima Mundi – (RJ/SP)- 20º Festival Internacional de Curtas-Metragens de São Paulo – Mostra Brasil (SP)- 2ª Mostra Marília de Cinema (SP)- 9º Goiânia Mostra Curtas (GO)- 21ª Mostra de Vídeo de Santo André (SP)- 1º Festival de Animação do Amazonas (AM)- Curta Cinema – Festival Internacional de Curtas do Rio de Janeiro (RJ)- SEM TABU - 4º Festival Internacional de Animação e Educação Sexual (RJ)- 6º Amazonas Film Festival (AM)- 2º Curta Lençóis (MA)- 8º Festival de Cinema de Varginha (MG)- 8º Santa Maria Vídeo e Cinema (RS)- 16º Vitória Cine Vídeo (ES)- 11ª Mostra Londrina de Cinema (PR)- 17º Festival de Vídeo de Teresina – Festvídeo (PI)- 1º Festival Manuel Padeiro de Cinema e Animação – Pelotas (RS)- 7º FestCine Amazônia – Festival de Cinema e Vídeo Ambiental (RO)- I Mostra Juliette de Cinema (PR)- 13ª Mostra de Cinema de Tiradentes (MG)- 2º Festival do Júri Popular (PA, MG, RR, DF, MS, PR, CE, SC, GO, PB, AL, TO, RS, PE, AC, RJ, BA, MA, SP)- 40º TAMPERE Film Festival (FINLÂNDIA)- 10º MONSTRA Festival de Animação de Lisboa (PORTUGAL)- 1º Festival de Cinema de Ribeirão Pires (SP)- XIV Cine-PE Festival do Audivisual 2010 (PE)- 50º KRAKOW Film Festival (POLÔNIA)- 5ª Mostra Cine Trabalho – Marília (SP)- VII Festival de Cinema de Maringá (PR)- ANIMAGE – II Festival Internacional de Cinema de Animação (PE)- 5º Festival Locomotiva 2010 – Garibaldi (RS)- 14º FAM – Florianópolis Audiovisual Mercosul (SC)- CineSul 2010 (RJ)- 33º Festival Guarnicê de Cinema (MA)- 20º Cine Ceará (CE)- 8º Festival de Cinema de Ribeirão Preto (SP)- 3º Festival de Cinema de Triunfo (PE)- 10º International BUNKER Film Festival (ITÁLIA)- Semana Paulista de Curta-Metragem (SP)- MOSCA 6 – Mostra Audiovisual de Cambuquira (MG)- 13th EXPRESIÓN EN CORTO International Film Festival – San Miguel de Allende + Guanajuato (MÉXICO)- 5º Festival Audiovisual Comunicurtas de Campina Grande (PB)- 4º Festival Cinema com Farinha – Festival Audiovisual do Sertão Paraibano (PB)- III Curta Taquary Festival Nacional de Taquaritinga do Norte (PE)- XXXVII Jornada Internacional de Cinema da Bahia (BA)- 5º FESAALP Festival de Artes Audiovisuales de La Plata (ARGENTINA)- Festival Iberoamericano de Cinema de Sergipe – Curta-SE 10 (SE)- VI Curta Canoa Festival Latino Americano de Cinema de Canoa Quebrada (CE)- 16º International Short Film Festival in DRAMA (GRÉCIA)- 8 MUMIA – Mostra Udigrudi Mundial de Animação (MG)- 4º ABU DHABI Film Festival (EMIRADOS ÁRABES UNIDOS)- BRASILCINE2010 (SUÉCIA)- 17º Festival de Cinema e Video de Cuiabá (MT)- CUTOUT FEST International Animation Film Festival - Querétaro (MÉXICO)- ENCOUNTERS International Film Festival – Bristol (INGLATERRA)",- Melhor Animação Brasileira - Júri Popular – 17º Anima Mundi / SP- 2º Lugar – Animação Brasileira – Júri Popular – 17º Anima Mundi / RJ- 10 Melhores pelo Júri Popular – 20º Festival Internacional de Curtas / SP- Prêmio Porta Curtas - 20º Festival Internacional de Curtas / SP- Menção Especial da ABD-SP - 20º Festival Internacional de Curtas / SP- Melhor Montagem – 2º Mostra Marília de Cinema / SP- Melhor Trilha Sonora – 2º Mostra Marília de Cinema / SP- 1º Lugar - 21ª Mostra de Vídeo de Santo André / SP- Prêmio RTP2 Onda Curta – Curta Cinema / RJ- Prêmio do Júri – 6º Amazonas Film Festival / AM- Melhor Trilha Sonora – 16º Vitória Cine Vídeo / ES- Melhor Documentário – 17º Festvídeo de Teresina / PI- Menção Honrosa - I Mostra Juliette de Cinema / PR- Melhor Animação - 7º FestCine Amazônia / RO- Melhor Filme (Curitiba) – 2º Festival do Júri Popular- Melhor Montagem (Geral) - 2º Festival do Júri Popular- Melhor Técnica de Animação – 5º Festival de Animação Locomotiva Garibaldi / RS- Melhor Animação pelo Júri Oficial – 14º Florianópolis Audiovisual Mercosul / SC- Melhor Trilha Sonora - 5º Festival Audiovisual Comunicurtas / PB- Prêmio Especial do Júri - 5º Festival Audiovisual Comunicurtas / PB- Melhor Animação pelo Júri Popular - 4º Festival Cinema com Farinha / PB- Melhor Curta Brasileiro – 8º MUMIA Mostra Udigrudi Mundial de Animação / BH- Melhor Filme Experimental – 37º Jornada Internacional de Cinema da Bahia / BA- Melhor Animação 35mm – 10º Curta-SE Festival Iberoamericano de Cinema / SE- Melhor Curta 35mm - 10º Curta-SE Festival Iberoamericano de Cinema / SE,,Curta-metragem
1737,Bendito Fruto,Sergio Goldenberg,Brasil,2005,89,Trópicos Arte e Comunicação,Não informado,Não informado,2005-05-20,Longa-metragem
1738,Lutzenberger: For ever Gaia,Jos&eacute; Lutzenberger e Otto Guerra,Brasil,2007,52,Otto Desenhos Animados Ltda,Não informado,- Vencedor do III  Programa de Fomento à Produção e Teledifusão do Documentário Brasileiro - DOC TV 2006- Selecionado para a mostra competitiva do Festival É Tudo Verdade 2007. ,,Média-metragem
1977,Nordeste B,Mirela Kruel,Brasil,2008,15,Modus Produtora,Gramado Cine Vídeo 2008,Não informado,,Curta-metragem
1739,Xetá,Fernando Severo,Brasil,2009,20,WG7BR,É Tudo Verdade 2009,Não informado,,Curta-metragem
1740,O signo da cidade,Carlos Alberto Ricelli,Brasil,2007,97,Pulsar Cinema,Festival do Rio (Rio de Janeiro International Film Festival)3&#730; FestCine Goiânia4th Amazonas Film FestivalMostra Internacional de São Paulo15&#730; Festival Mix BrasilFIC Brasília 2007 (IX Festival Internacional de Cinema de Brasília)5º Festival de Cinema de Campo Grande/FestCine Pantanal3&#730; Rome International Film Festival 8&#730; Festival Iberoamericano de Curtas Metragens de Sergipe (Curta-SE 8)15º Festival de Cinema e Vídeo de Cuiabá2º Curta Cabo Frio - Festival de Curta-Metragem da Cidade de Cabo Frio1° Cine Grandes Curtas – Festival Nacional de Curtas de Pelotas3ª Mostra de Cinema de Itabira - Pedra Que Brilha V Prêmio Fiesp/SESI-SP do Cinema PaulistaFestival SESC Melhores Filmes - 2009Los  Angeles Brazilian Film FestivalTel-Aviv International LBGT Film FestivalFestival de Cinema Brasileiro em Israel Queer Lisboa - Festival de Cinema Gay e Lésbico de LisboaFestival Internacional de Cine sobre Diversidad Sexual y de Género del UruguayFestival de Cinema Brasileiro “Cinema of Brazil”4a Mostra Cinema e Direitos Humanos na América do Sul,"*Melhor Filme: 4° Amazonas Film Festival, 3° FestCine Goiânia, Festival Internacional de Cinema de Brasília 2007*Melhor Roteiro: 3° FestCine Goiânia*Mlehor Ator (Juca de Oliveira): 3° FestCine Goiânia*Melhor Ator Coadjuvante (Luís Miranda): 3° FestCine Goiânia",2008-01-25,Longa-metragem
1741,De Krajcberg a Chico Mendes,Aluisio Didier,Brasil,1991,10,BRASILIANA PRODUÇÕES ARTÍSTICAS LTDA.,Não informado,Não informado,,Curta-metragem
1742,O sarcófago,Daniel Lisboa,Brasil,2010,19,Cavalo do Cão Filmes,Não informado,1. Melhor Curta Baiano no VI Panorama Internacional Coisa de Cinema2. Menção Honrosa no 21º Festival Internacional de curtas de SP3. Melhor Trilha Original no 9º Santa Maria Cinema e Vídeo - RG4. Menção Honrosa no 3º ENTRETODOS - Festival dos Direitos Humanos5. Menção Honrosa – Júri Jovem – no 20º Festival Internacional de Curtas do RJ – Curta Cinema6. Menção Honrosa no I Festival de Documentários de Cachoeira - Cachoeira DOC - BA7. Melhor Curta – Júri Jovem – no I Festival de Documentários de Cachoeira - Cachoeira DOC8. Menção Honrosa no III Janela Internacional de Cinema do RecifeVer mais9. Melhor Filme no 12º Festival Internacional de Curtas de Belo Horizonte10 Melhor Montagem na 12ª Mostra Lodrina de Cinema11. Melhor Direção de Arte na 12ª Mostra Lodrina de Cinema12. Prêmio da Curadoria na 10ª Mostra do Filme Livre13. Melhor Filme do Cineesquemanovo 201114. Melhor Documentário no 8º CINE FEST VOTORANTIM,,Curta-metragem
1743,Furico & Fiofó,Fernando Miller,Brasil,2011,8,Campo 4 desenhos animados,"Animamundi 2011 - julho 2011 - Brasil VIII Mostra Competitiva de Audiovisual - novembro 2011 - BrasilAnimae Caribe Animation Awards 2011 - outubro/Novembro 2011 - Trinidad e TobagoANIMAGE - III Festival Internacional de Cinema de Animação de Pernambuco - setembro/outubro 2011 - Brasil7º Fest Aruanda do Audiovisual Brasileiro - dezembro 2011 - BrasilInternational Animated Film Festival ""Banja Luka 2011"" - outubro 2011 - Bosnia e HerzegovinaCARTON 1er. Festival Internacional de Cortos de Animación La Tribu - novembro 2011 - ArgentinaVI Festival de Cinema de Cascavel - setembro 2011 - BrasilCurtaCarajás 2011 - novembro 2011 - Brasil13º Festival Internacional de Curtas de Belo Horizonte - outubro 2011 - Brasil2ª Mostra Nacional Curta Sertão - outubro 2011 - BrasilVIII Festival Internacional de Cortometrajes Cusco – Perú 2011 - novembro 2011 - PeruCUTOUT FEST Festival Internacional de Animación - novembro 2011 - México6a Mostra Disseminação - novembro 2011 - BrasilExpotoons 2011 - novembro 2011 - ArgentinaFLIP Animation Festival - outubro 2011 - InglaterraKinofest 2011 International Digital Film Festival - outubro 2011 - RomêniaXIV Festival Internacional de Cortometrajes “LA BOCA DEL LOBO” - outubro 2011 - Espanha2º Noite Contemporânea Cine Fest - novembro/dezembro 2011 - BrasilFestival Pantalla Latina - nobembro 2011 - Suíça8º CineFest Votorantim - novembro 2011 - Brasil5ª Mostra Latino Americana de Animação A CAVERNA 2011 - outubro 2011 - Brasil AnimaCaxias 2011 Festival de Cinema de Animação - novembro 2011 - Brasil V L’Aquila International Film Festival - novembro 2011 - Itália33 Festival Internacional del Nuevo Cine Latinoamericano de La Habana - dezembro 2011 - Cuba Anima, Brussels Cartoon and Animated Film Festival - fevereiro 2012 - BélgicaAnimac Mostra Internacional de Cinema d'Animació de Catalunya - março 2012 - Catalunha, Espanha20º Curtas Vila do Conde - julho 2012 - Portugal8º AMAZONAS FILM FESTIVAL - novembro 2011 - BrasilAMAZÔNIA DOC – Festival  PanAmazônico de Cinema - novembro 2011 - Brasil13th Animation Film Festival Animated Dreams - novembro 2011 - EstôniaFestival de Brasília do Cinema Brasileiro - setembro/outubro 2011 - Brasil35º Festival Internacional de Cinema de Animação de Espinho (F.I.C.A.) - CINANIMA 2011 - novembro 2011 - Portugal9ª Edição do FEST CINEAMAZÔNIA – Festival Latino Americano de Cinema e Vídeo Ambiental - novembro 2011 - BrasilCinema Mundo – V Festival Internacional de Cinema de Itu - novembro 2011 - Brasil34th Clermont-Ferrand Short Film Festival - janeiro/fevereiro 2012 - FrançaFestival Internacional de Curtas do Rio de Janeiro – Curta Cinema 2011 - outubro/novembro 2011 - BrasilFestival Internacional de Animación FIA'11 - outubro 2011 - UruguaiGIRAF7 Animation Festival - novembro 2011 - Canadá11ª Goiânia Mostra Curtas - outubro 2011 - BrasilThe International Animation Film Festival „Golden Kuker – Sofia” 2011 - novembro/dezembro 2011 - Bulgaria4a Janela Internacional de Cinema do Recife - novembro 2011 - Brasil6th Leids Film Festival - outubro 2011 - Holanda21th International Animated Film Festival « Les Nuits Magiques » - novembro/dezembro 2011 - França26º Festival Internacional de Cine de Mar del Plata - novembro 2011 - Argentina13ª mostra londrina de cinema - novembro 2011 - BrasilMostra de Cinema de Tiradentes - janeiro 2012 - Brasil9th International Festival of Animation Arts ""Multivision"" - novembro 2011 - Russia17º Vitória Cine Vídeo - dezembro 2011 - Brasil8th edition of Basauri-Bizkaia InternationalAnimated Film Festival ANIMABASAURI 8 –ANIMABASQUE - maio 2012 - EspanhaAniFest 2012 - abril/maio 2012 - Republcia TchecaThe 22nd World Festival of Animated Film – Animafest Zagreb - maio/junho 2012 - Croácia36th Annecy International Animation Festival - junho 2012 - FrançaA BAIXADA ANIMADA – Sexta Mostra de Cinema de Animação da Baixada Fluminense - maio 2012 - BrasilCortoons, the international short animated film of Rome - março 2012 - ItáliaFest Anca 2012 ~ 5th International Animation Festival - junho/julho 2012 - EslováquiaFestFilmes - Festival do Audiovisual Luso Afro Brasileiro - maio 2012 - Brasil24th Filmfest Dresden - abril 2012 - Alemanha50TH. Golden Knight Malta International Film Festival - novembro/dezembro 2011 - MaltaHAFF Holland Animation Film Festival 2012 - março/abril 2012 - Holanda3º Festival Manuel Padeiro de Cinema e Animação - abril 2012 - Brasil11ª. Mostra do Filme Livre - 2012 - BrasilOlhar de Cinema – Festival Internacional de Curitiba - maio/junho 2012 - Brasil41st International Film Festival Rotterdam - janeiro/fevereiro 2012 - Alemanha19. Internationales Trickfilm-Festival STUTTGART – Festival of Animated Film - maio 2012 - AlemanhaVideo Festival Imperia - Festival Internazionale d'arte cinematografica digitale - abril 2012 - ItáliaConcorto Film Festival 2012 - agosto/setembro 2012 - Itália",Animamundi 2011 - julho 2011 - Brasil (prêmio aquisição do Canal Brasil)5ª Mostra Latino Americana de Animação A CAVERNA 2011 - outubro 2011 - Brasil (prêmio de melhor animação)AnimaCaxias 2011 Festival de Cinema de Animação - novembro 2011 - Brasil (prêmios de melhor animação e melhor trilha)V L’Aquila International Film Festival - novembro 2011 - Itália (melhor animação)33 Festival Internacional del Nuevo Cine Latinoamericano de La Habana - dezembro 2011 - Cuba (menção honrosa animação),,Curta-metragem
1744,No tempo de Miltinho,Andr&eacute; Weller,Brasil,2008,17,Napressão,Não informado,"MELHOR CURTA METRAGEM BRASILEIRO 14º Festival É Tudo Verdade; MELHOR VÍDEO DIGITAL 12º Festival de Tiradentes; PREFERIDOS DO PÚBLICO Festival Internacional de Curtas de São Paulo - Kinoforum; MELHOR DIREÇÃO, ROTEIRO E DOCUMENTÁRIO 1º Festival do Juri Popular; MELHOR ROTEIRO Festival Canoa Quebrada 2009; MELHOR FILME Festival Acende uma Vela; PRÊMIO AQUISIÇÃO CANAL BRASIL. PRÊMIO AQUISIÇÃO PORTA CURTAS PETROBRAS ",2008-09-30,Curta-metragem
1745,"Cocais, a cidade reinventada",In&ecirc;s Cardoso,Brasil,2008,15,Plateau Produções,", 2008; Festival de Cinema e vídeo de Cuiabá , 2008; RIO DE JANEIRO INTERNATIONAL SHORT FILM FESTIVAL, 2008; SÃO PAULO INTERNATIONAL SHORT FILM FESTIVAL, 2008; 10TH BELO HORIZONTE INTERNATIONAL SHORT FILM FESTIVAL, 2008; 12th Internatinal Latino Film Festival,  San Francisco, CA- USA , 2008; 6th  Curta Santos, 2008; Goiânia Mostra Curtas - 20089. 51st International Leipzig Festival for documentary and animated films – 2008 Alemanha; 15 Vitoria Cine e Video, 2008; 7 Festival Internacional del Cine Pobre de Humberto Solás, Cuba  2009; 31eme Festival Internacional Films de Femmes - France, 2009; 39th TAMPERE FILM FESTIVAL, 2009; Signes de Nuit - Internacional Short Film Festival – France, 2009; Tehran Short Film Festival 2009; 19. FEMINA – Festival Internacional do Cinema Feminino – Rio de Janeiro – 2009; Norwegian Short Film Festival -Grimstad, 2009","Prêmio Panda no 6th Curta Santos em 2008, o Prêmio Excellent Award em 2009 no Tókyo Video Festival - Japão. Prêmio no 11th One World Film Festival, Praga (República Ctheka), Melhor Trilha Sonora, 2009; Prêmio Especial do Júri no FESTIVAL de Cinema CINE PE , 2009 e Prêmio de Melhor Documentário no Festival Internacional do Cinema Feminino, no Rio de Janeiro, em 2009. ",1988-06-08,Curta-metragem
1746,O que foi o carnaval de 1920!,Alberto Botelho,Brasil,1920,9,Carioca Film,Não informado,Não informado,,Curta-metragem
1747,A casa de Alice,Chico Teixeira,Brasil,2007,90,Cinematográfica Superfilmes ,"CINE EN CONSTRUCCION (54º FESTIVAL DE SAN SEBASTIAN) (Espanha - Setembro 06)Prêmio TVEPrêmio CICAEFilme inacabado57º FESTIVAL INTERNACIONAL DE BERLIN (Alemanha – Fevereiro 07)Premiere Mundial (PANORAMA)24º FESTIVAL INTERNACIONAL DE MIAMI (EUA - Março 07)Prêmio Especial do Júri para a atriz Carla Ribas19º RENCONTRES CINÉMAS D’AMÉRIQUE LATINE DE TOULOUSE (França - Março 07)21º FESTIVAL INTERNACIONAL DE FRIBOURG (Suíça - Março 07)Prêmio de Melhor FilmePrêmio do Júri dos Jovens22º FESTIVAL INTERNACIONAL DE GUADALAJARA (México - Março 07)Prêmio Especial do Júri de Melhor FilmePrêmio de Melhor atrizPrêmio da Crítica (FIPRESCI)9º FESTIVAL INTERNACIONAL DO FILME INDEPENDANTE DE BUENOS AIRES (Argentina – Abril 07)3º ""BERLINALE IN ATHENS"" FILM FESTIVAL (Grécia – Abril 07)OPEN DOEK FILM FESTIVAL (Bélgica - Abril 2007)UTRECHT LATIN AMERICAN FILM FESTIVAL (Holanda – Maio 07)54º FESTIVAL INTERNACIONAL DE SYDNEY (Austrália - Junho 07)42º FESTIVAL INTERNACIONAL DE KARLOVY VARY (República Tcheca - Julho 07)FESTIVAL INTERNATIONAL DU FILM DE LA ROCHELLE (França – junho/julho 07)BRUSSELS FESTIVAL CINÉDÉCOUVERTES (Bélgica – julho 07)19º GALWAY FILM FLEADH (Irlanda - julho 07)FESTIVAL DE LIMA – 11º ENCUENTRO LATINOAMERICANO DE CINE (Peru – agosto 07)",..,,Longa-metragem
1748,Loki - Arnaldo Baptista,Paulo Henrique Fontenelle,Brasil,2008,128,Canal Brazil SA,Não informado,Não informado,,Longa-metragem
1749,Descobrindo Waltel,Alessandro Gamo,Brasil,2005,15,Alessandro Gamo,"Festival Internacional de Curtas-Metragens de São Paulo 2005, Festival de Cinema de Curitiba 2005, 6º. CURTA-SE, XXXIII Jornada Internacional de Cinema da Bahia, Vitória Cinema e Vídeo 2005, do Curta Cinema - Festival Internacional de Curtas-Metragens do Rio de Janeiro 2005, da Mostra Cinema Conquista 2006, do Panorama de Documentários de Recife 2006, do Guarnicê de Cinema de São Luis 2006, da 6a. Mostra Curta Goiania 2006 e do Festival de Cinéma des 3 Amériques 2006 (Québec), do Festival Internacional de Cinema de Habana 2006.","O documentário foi um dos 10 escolhidos pelo público no Festival Internacional de Curtas-Metragens de São Paulo 2005, onde ganhou o Prêmio de Aquisição STV e o Prêmio Petrobrás Espaço Unibanco “Curta às Seis”. Melhor Filme Documentário do Festival de Cinema de Curitiba 2005, Melhor filme 35mm pelo Juri Popular no 6º. CURTA-SE, Melhor Filme Documental na XXXIII Jornada Internacional de Cinema da Bahia.",,Curta-metragem
1750,Moreira da Silva,Ivan Cardoso,Brasil,1973,11,SUPER 8 Produções Cinematográficas ,Não informado,Não informado,,Curta-metragem
1751,Nelson Cavaquinho,Leon Hirszman,Brasil,1969,13,Saga Filmes Ltda.,Não informado,Não informado,,Curta-metragem
1752,Estação,M&aacute;rcia Faria,Brasil,2010,15,Gullane Entretenimento S.A,Festival de Cannes - seleção oficial curta - 2010,XV - Aquisição Canal Brasil Cine PE - 2011,,Curta-metragem
1753,Encontro das águas,Bruno Torres e Evaldo Mocarzel,Brasil,2010,7,Aquarela Produções Culturais    /    Casa Azul Produções Artísticas,Não informado,Não informado,,Curta-metragem
1754,Kyrie ou o início do caos,Debora Waldman,Brasil,1998,0,Olhos de Cão Produções Cinematográficas,Não informado,Não informado,,Curta-metragem
1755,É proibido fumar,Anna Muylaert,Brasil,2009,85,África Filmes ,42º festival de cinema de brasília - 200936º festival CINE SESC Melhores filmes - 2010VI PREMIO FIESP 2009MOSTRA PERMANENTE CINEMA BRASILEIRO-CINECLUBE CAUIMFESTIVAL DE TAORMINA - COMPETIÇÃO OFICIAL14TH LOS ANGELES LATINO INTERNATIONAL FILM FESTIVAL / LALIFF – ,"42º festival de cinema de Brasília - 2009MELHOR FILME júri oficialMELHOR FILME criticaMELHOR ROTEIROMELHOR ATRIZMELHOR ATRIZ COADJUVANTEMELHOR ATORMELHOR DIRECAO DE ARTEMELHOR MONTAGEMMELHOR TRILHA SONORAPrémio APCA 2009MELHOR DIREÇÃO 2009MELHOR ATRIZ 2009201036º festival CINE SESC Melhores filmesMELHOR FILME publicoMELHOR FILME criticaMELHOR ROTEIRO publicoMELHOR ROTEIRO criticaMELHOR DIRETOR publicoMELHOR ATRIZ criticaMELHOR ATRIZ publicoVI PREMIO FIESP 2009MELHOR FILMEMELHOR ROTEIROMELHOR ATRIZ7º PRÊMIO ACIE DE CINEMAMELHOR ROTEIROMELHOR TRILHA SONORAMELHOR DIRECAOMOSTRA PERMANENTE CINEMA BRASILEIRO-CINECLUBE CAUIMMELHOR DIREÇÃOGRANDE PREMIO DA ACADEMIA DE CINEMAMELHOR FILMEMELHOR ROTEIRO ORIGINALMELHOR DIRETORMELHOR TRILHA SONORAMELHOR MONTAGEM14TH LOS ANGELES LATINO INTERNATIONAL FILM FESTIVAL / LALIFF – Prêmio de Melhor DireçãoPrêmio Contigo de Cinema – Prêmios de Melhor Filme, Melhor Diretor, Melhor Atriz, Melhor Trilha Sonora, Melhor Figurino, Escolha do Público de Melhor Atriz14TH LOS ANGELES LATINO INTERNATIONAL FILM FESTIVAL / LALIFF – Prêmio de Melhor Direção",2009-12-05,Longa-metragem
1756,Rock paulista,Anna Muylaert,Brasil,1988,13,Anhangabaú Produções,Não informado,Não informado,,Curta-metragem
1757,Xica da Silva,Carlos Diegues,Brasil,1976,117,J.B. Produções Cinematográficas Ltda.,Não informado,Não informado,,Longa-metragem
1758,Ecologia,Leon Hirszman,Brasil,1973,10,DFE/INC - Departamento do Filme Educativo do Instituto Nacional de Cinema e MEC - Ministério da Educação e Cultura,Não informado,Não informado,,Curta-metragem
1759,Brasiliários,Zuleica Porto,Brasil,1986,10,Candango  Produções Artísticas,Festival de BrasíliaJornada de SalvadorRio Cine FestivalFestival de Fortaleza ,Melhor fotografia e melhor trilha sonora no Festival de Brasília de 1986,,Curta-metragem
1760,Pombinha branca,Fernando Augusto Dias da Silva,Brasil,2010,2,Não informado,Anima Mundi 2010,"Melhor Filme de Estudante Brasileiro, 2ºMelhor Curta Brasileiro, 3ºMelhor Curta Infanti e Melhor Filme de Estudante.",2010-01-02,Curta-metragem
1761,Hip-Hop SP,Francisco C&eacute;sar Filho,Brasil,1990,11,Anhangabaú Produções,Não informado,Não informado,,Curta-metragem
1762,Galinha Pintadinha - Escravos de Jó / Elefante / O meu galinho,Juliano Prado e Marcos Patrizzi Luporini,Brasil,2008,7,Bromelia Filminhos,Não informado,Não informado,,Curta-metragem
1765,Osório,Heloisa Passos e Tina Hardy,Brasil,2008,12,Maquina Filmes,36º Festival de Cinema de Gramado;19º São Paulo International short film Festival;3º Festival do Paraná de Cinema Brasileiro e Latino;Goiania Mostra Curtas 2008;2º Mostra de Cinema de Belo Horizonte;12º Mostra de Cinema de Tiradentes.,Não informado,,Curta-metragem
1766,O jogo da vida,Maurice Capovilla,Brasil,1977,89,Documenta Produções Artísticas e Embrafilme - Empresa Brasileira de Filmes S.A.,Não informado,Não informado,,Longa-metragem
1767,Os romeiros da Guia,Jo&atilde;o Ramiro Mello e Vladimir Carvalho,Brasil,1962,15,INCE - Instituto Nacional de Cinema Educativo,Não informado,Não informado,,Curta-metragem
1768,Estômago,Marcos Jorge,Brasil,2007,113,Zencrane Filmes e Indiana Production Company,Não informado,FESTIVAL DO RIO 2007Melhor Filme (Prêmio do Público)Melhor DiretorMelhor Ator Prêmio Especial do JúriINTERNATIONAL FILM FESTIVAL OF ROTTERDAMLions Award 2008FESTIVAL INTERNACIONAL DE CINE DE PUNTA DEL ESTEMelhor FilmeMenção Especial de Melhor Ator,,Longa-metragem
1769,Cabra marcado para morrer,Eduardo Coutinho,Brasil,1964,119,Equipe de 1964 - Centro Popular de Cultura (CPC) da União Nacional dos Estudantes (UNE) e Movimento de Cultura Popular (MPC) de Pernambuco / Equipe de 1981-83 - Mapa e E.C. Filmes,Não informado,Não informado,,Longa-metragem
1972,Tudo Bem,-,Brasil,2012,11,O Quadro,* 23° Festival Internacional de Curtas de São Paulo – Curta Kinoforum (SP)* 17° Festival Brasileiro de Cinema Universitário (RJ),Não informado,,Curta-metragem
1770,O samba é meu dom,Luiz Guimar&atilde;es de Castro,Brasil,2006,29,Artifício Cinematográfico,"Seleção da Mostra Retratos do Festival do Rio 2006. 12º Festival Brasileiro de Cinema Universitário, RJ, 2007.14º Vitória Cine Vídeo, ES, 2007.",Não informado,,Curta-metragem
1771,Antônia,Tata Amaral,Brasil,2006,90,"CORAÇÃO DA SELVA ENTRETENIMENTO LTDA, TANGERINA ENTRETENIMENTO LTDA, O2 FILMES, GLOBO FILMES E PLAYARTE",Não informado,Não informado,,Longa-metragem
1772,No balanço de Kelly,Andr&eacute; Weller,Brasil,2009,20,Napressão,Não informado,Não informado,,Curta-metragem
1773,Memórias póstumas de Brás Cubas,Andr&eacute; Klotzel,Brasil,2001,102,Cinematográfica Superfilmes Ltda,Não informado,Não informado,,Longa-metragem
1774,Querô,Carlos Cortez,Brasil,2006,90,Gullane Filmes,Não informado,Não informado,,Longa-metragem
1973,Sobrenatural,-,Brasil,2012,15,O Quadro,Não informado,Não informado,,Curta-metragem
1775,Por dúvida das vias,Betse de Paula,Brasil,1988,22,Mapa Filmes,Não informado,·      Premiado para produção no Concurso de Curtas-Metragens da Embrafilme 1988·      Melhor filme pelo Júri Popular no Festival de Gramado 1998·      Melhor Filme e Melhor Direção no Festival do Maranhão 1988,,Curta-metragem
1776,Negócio fechado,Rodrigo Costa,Brasil,2001,15,Movimento Filmes,Não informado,Não informado,,Curta-metragem
1777,A revolta dos carnudos,Eliana Fonseca,Brasil,1991,17,VERTIGO PRODUÇÕES,Festival de Brasília 92XVI Guarnicê de Cine/Vídeo MaranhãoChicago Film FestivalFestival de Cinema de Cuba,"Festival de Brasília 92: melhor atriz, melhor trilha sonora, melhor fotografia.XVI Guarnicê de Cine/Vídeo Maranhão: melhor filme (júri popular), prêmio especial do júri.",,Curta-metragem
1778,Recife frio,Kleber Mendon&ccedil;a Filho,Brasil,2009,30,Cinemascópio e S,"FESTIVAL DE BRASÍLIA (NOV / 2009)FESTIVAL DE CINEMA LUSO-BRASILEIRO DE SANTA MARIA DA FEIRA – Portugal (DEZ / 2009)XIII MOSTRA DE TIRADENTES (JAN / 2010)Festival Internacional de Rotterdam, Holanda (JAN/2010)Festival de Cinema de Toulouse, França (MAR/2010)IndieLisboa 2010, Portugal (ABR / 2010)XIII Festival Nacional de Arte – XIII FENART ( MAI / 2010)XIII Cinemambiente EnvironmentaI Film Festival, Torino, Itália (JUN/ 2010) Festival de Inverno de Garanhuns (JUL / 2010)4º Cine Música - Festival de Cinema de Conservatória (SET / 2010)4th Brazilian Film  & TV Festival of Toronto, Canadá (SET / 2010)1º Cine Fest Brasil-  Montevidéu (SET / 2010)3º Cine Fest Brasil- Buenos Aires (OUT /2010)Mostra Cinema Conquista (OUT /2010)BrasilCine 2010 (OUT /2010)1st International Environmental Film Festival – FINCA  (OUT /2010)Festival Terra Di Tutti Film Festival - Documentari e Cinema Sociale Dal Sud Del Mondo, Itália (OUT /2010)10a Goiânia Mostra Curtas (OUT /2010)IX Araribóia Cine (NOV / 2010)Novo Cinema Latino Americano de Havana, Cuba (DEZ /2010)Sarajevo EKO OKO Film Festival, Bósnia-Herzegovina (MAR / 2011)III IGUACINE (ABR / 2010)CINE PE FESTIVAL DE AUDIOVISUAL (ABR / 2010)VI PANORAMA COISA DE CINEMA (MAI / 2010)FESTIVAL INTERNACIONAL DE CINEMA E VÍDEO AMBIENTAL - XII FICA (JUN / 2010)FAM – FESTIVAL AUDIO VISUAL MERCOSUL (JUN / 2010)CINESUL 2010 (JUN / 2010)III FESTIVAL DE CINEMA DE TRIUNFO (JUL / 2010)14th BRAZILIAN FILM FESTIVAL OF MIAMI (AG / 2010)III CURTA TAQUARY (SET / 2010)ECO CINE NORONHA (OUT / 2010)AMAZONAS FILM FESTIVAL (NOV / 2010)FESTIVAL INTERNACIONAL DE CURTAS DO RIO DE JANEIRO – CURTA CINEMA (NOV / 2010)12a MOSTRA LONDRINA DE CINEMA (DEZ / 2010)12° FESTIVAL INTERNACIONAL DE CURTAS DE BELO HORIZONTE (DEZ / 2010)FESTIVAL DO JÚRI POPULAR 2011 (FEV / 2011) – Mellhor Curta-metragem6° FESTIVAL DE ATIBAIA INTERNACIONAL DO AUDIOVISUAL (MAIO / 2011)ECOZINE, Festival Internacional de Cine y Medio Ambiente Ciudad de Zaragoza, Espanha (MAIO / 2011)4a MOSTRA MARÍLIA DE CINEMA (MAIO / 2011)Mostra Ecofalante, Sao Paulo, 2011 ","FESTIVAL DE BRASÍLIA (NOV / 2009)Melhor Filme eleito pelo júri popular, Melhor diretor, Melhor roteiro, Prêmio da Crítica, Prêmio Canal Brasil, Prêmio Vagalume, Melhor Momento do Festival segundo Júri do Correio Braziliense.FESTIVAL DE CINEMA LUSO-BRASILEIRO DE SANTA MARIA DA FEIRA – Portugal (DEZ / 2009)Melhor filme eleito pelo júri, Melhor filme eleito pelo público.XIII MOSTRA DE TIRADENTES (JAN / 2010)Melhor filme eleito pelo público.III IGUACINE (ABR / 2010)Melhor RoteiroCINE PE FESTIVAL DE AUDIOVISUAL (ABR / 2010)Melhor diretor, Melhor roteiro, Melhor direção de arte, Prêmio Zoom TV Cultura VI PANORAMA COISA DE CINEMA (MAI / 2010)Melhor curta-metragem eleito pelo Júri JovemFESTIVAL INTERNACIONAL DE CINEMA E VÍDEO AMBIENTAL - XII FICA (JUN / 2010)Melhor Curta-metragemFAM – FESTIVAL AUDIO VISUAL MERCOSUL (JUN / 2010)Melhor Curta-metragem escolhido pelo público, Melhor ficção, Melhor diretorCINESUL 2010 (JUN / 2010)Melhor Curta-metragemIII FESTIVAL DE CINEMA DE TRIUNFO (JUL / 2010)Melhor Filme pelo Júri Popular14th BRAZILIAN FILM FESTIVAL OF MIAMI (AG / 2010)Melhor Direção de ArteIII CURTA TAQUARY (SET / 2010)Menção HonrosaECO CINE NORONHA (OUT / 2010)Melhor curta-metragemAMAZONAS FILM FESTIVAL (NOV / 2010)Prêmio de Júri EspecialFESTIVAL INTERNACIONAL DE CURTAS DO RIO DE JANEIRO – CURTA CINEMA (NOV / 2010)Melhor Filme (Ficção), Melhor Filme (Público) e Melhor Filme (Júri Jovem).12a MOSTRA LONDRINA DE CINEMA (DEZ / 2010)Melhor filme, Júri Popular e Melhor Roteiro12° FESTIVAL INTERNACIONAL DE CURTAS DE BELO HORIZONTE (DEZ / 2010)Melhor filme pelo Júri PopularFESTIVAL DO JÚRI POPULAR 2011 (FEV / 2011) – Mellhor Curta-metragem6° FESTIVAL DE ATIBAIA INTERNACIONAL DO AUDIOVISUAL (MAIO / 2011)-  Melhor Diretor (prêmio SINDCINE), Melhor Roteiro (prêmio SINDCINE), Menção Honrosa (Troféu Dom Quixote).ECOZINE, Festival Internacional de Cine y Medio Ambiente Ciudad de Zaragoza, Espanha (MAIO / 2011) – Melhor curta-metragem4a MOSTRA MARÍLIA DE CINEMA (MAIO / 2011) -  Melhor Direção, Melhor Fotografia, Melhor Projeto GráficoVencedor do Grande Prêmio da Academia Brasileira de Cinema, categoria curta-metragem de ficção Vencedor do Grande Prêmio Canal Brasil, 2011",,Média-metragem
1779,Pixinguinha,Jo&atilde;o Carlos Horta,Brasil,1966,13,Tekla Filmes Ltda.,Não informado,Não informado,,Curta-metragem
1780,Conversa de botequim (com João da Baiana),Luiz Carlos Lacerda,Brasil,1972,10,Cinesul,Não informado,Não informado,,Curta-metragem
1781,Super-Tição,Stil,Brasil,1984,8,Lente Produções,Não informado,Não informado,,Curta-metragem
1782,"Céu, inferno e outras partes do corpo",Rodrigo John,Brasil,2011,7,Osso Produções,Não informado,Não informado,,Curta-metragem
1783,Anil,Fernando Belens,Brasil,1990,8,Lumbra Cinematográfica,Não informado,Não informado,,Curta-metragem
1784,O filho da atriz,Juca Badar&oacute;,Brasil,2012,15,José Otávio M. Badaró Santos,Não informado,Não informado,,Curta-metragem
1785,Meu cão me ensina a viver,Filipe Moura,Brasil,2007,12,Kinografia/Filipe Moura,12º Festival Brasileiro de Cinema Universitário (2007)15º MixBrasil (2007)3º For Rainbow (2007),Melhor Direção de Arte no 3º For Rainbow (2007),,Curta-metragem
1786,A Melhor Idade,-,Brasil,2011,14,Sobretudo Produção,Melhor Ator (José Wilker) no 39o Festival de Cinema de Gramado 2011; Melhor Filme pelo Júri Oficial e Júri Popular no 3o Curta Carajás/PA 2011; Melhor Direção de Arte no 7o Curta Canoa/CE 2011; Menção Honrosa no 4o Festival de Cinema de Triunfo 2011; Melhor Ator (José Wilker) no 9o FestCineAmazônia/RO 2011; Melhor Ator (José Wilker) no 2o Festival de Cinema de Petrópolis 2011; 38a Jornada de Cinema da Bahia 2011; 9o Curta Santos 2011; 11o Curta SE 2011; 34o Festival Guarnicê de Cinema/MA 2011; Hors-Concours no V Cinema Mundo – Festival de Cinema de Itu/SP 2011; 4o Curta Taquary/PE 2011; 5o Cinema na Floresta/MS 2011; 6o Cinema dos Sertões/PI 2011; 7o Curta Ourinhos/SP 2011; 2o Cine Festival Inconfidentes/MG 2011; 2ª Mostra Nacional Curta Sertão/PE 2011; Itinerância Vitória Cine Vídeo 2012; Disseminação – 6a Mostra de Cinema e Vídeo Experimentais/MG 2011; 7a Mostra Cine Trabalho/SP 2012; Mosca 7 – Mostra Audiovisual de Cambuquira/SP 2012; 6o Cinema com Farinha/PB 2012; 4º F.A.T. – Festival de Arte e Tecnologia de Campo Grande/MS 2012.,Melhor Ator (José Wilker) no 39o Festival de Cinema de Gramado 2011; Melhor Filme pelo Júri Oficial e Júri Popular no 3o Curta Carajás/PA 2011; Melhor Direção de Arte no 7o Curta Canoa/CE 2011; Menção Honrosa no 4o Festival de Cinema de Triunfo 2011; Melhor Ator (José Wilker) no 9o FestCineAmazônia/RO 2011; Melhor Ator (José Wilker) no 2o Festival de Cinema de Petrópolis 2011; 38a Jornada de Cinema da Bahia 2011; 9o Curta Santos 2011; 11o Curta SE 2011; 34o Festival Guarnicê de Cinema/MA 2011; Hors-Concours no V Cinema Mundo – Festival de Cinema de Itu/SP 2011; 4o Curta Taquary/PE 2011; 5o Cinema na Floresta/MS 2011; 6o Cinema dos Sertões/PI 2011; 7o Curta Ourinhos/SP 2011; 2o Cine Festival Inconfidentes/MG 2011; 2ª Mostra Nacional Curta Sertão/PE 2011; Itinerância Vitória Cine Vídeo 2012; Disseminação – 6a Mostra de Cinema e Vídeo Experimentais/MG 2011; 7a Mostra Cine Trabalho/SP 2012; Mosca 7 – Mostra Audiovisual de Cambuquira/SP 2012; 6o Cinema com Farinha/PB 2012; 4º F.A.T. – Festival de Arte e Tecnologia de Campo Grande/MS 2012.,,Curta-metragem
1787,Othelo,-,Brasil,2005,8,Sobretudo Produção,Recine 2005 - Festival Internacional de Cinema de Arquivo,Não informado,,Curta-metragem
1800,Praça Tiradentes 77,Jos&eacute; Joffily,Brasil,1977,10,Corcina,Não informado,Não informado,,Curta-metragem
1801,Martins vai Trindade,alexandre pena,Brasil,2006,15,Mobiway,FICA 2007,Não informado,,Curta-metragem
1802,Cowboy,-,Brasil,2011,11,CAJU Cinema,Amazonas Film Festival - Nov 2011Mostra CompetitivaFestival Internacional de Curtas de SP - Ago 2012Mostra Competitiva,Não informado,,Curta-metragem
1789,Licuri Surf,-,Brasil,2011,15,Cinematográfica Superfilmes,22º Festival Internacional de Curtas Metragens de São Paulo 2011Goiania Mostra Curtas 20116ª Mostra Cinema e Direitos Humanos na América do Sul 201162º Berlinale Shorts - Prêmio Especial de Júri 201252º Festival Internacional de cine de Cartagena de Indias FICCI 2012SAL Surf At Lisbon Film Fest 2012,Não informado,,Curta-metragem
1790,Desterro,Cl&aacute;udio Marques e Mar&iacute;lia Hughes,Brasil,2012,14,Coisa de Cinema,•7º CINEOP (Mostra)•23º Festival Internacional de Curtas-Metragens de São Paulo•14º Festival Internacional de Curtas de Belo Horizonte•VIII Mostra Conquista,Não informado,,Curta-metragem
1791,Debaixo D'água,-,Brasil,2011,17,C.R. Oficina de Filmagem e Criação Ltda,4º Festival de Cinema de Triunfo - PE - 201119º Festival Mix Brasil - SP e RJ - 2011Festival Rio FGC - RJ - 2012,Menção Honrosa - 4º Festival de Cinema de Triunfo - PE - 2011,,Curta-metragem
1792,Meninos da Zona Sul,-,Brasil,2005,13,C.R. Oficina de Filmagem e Criação Ltda,"6º Festival Internacional de Curtas de Belo Horizonte, Brasil, 2004. Prêmio Revelação em Direção.10º Festival Internacional de Curtas em Drama, Grécia, 2004.31º Jornada de Cinema da Bahia, Brasil, 2004.Festival Primeiro Plano de Juiz de Fora, Brasil, 2004.8º Mostra de Cinema de Tiradentes, Brasil, 2005.12º Festival de Cinema e Vídeo de Cuiabá, Brasil, 2005. Prêmios de Melhor Filme e Melhor Ator.2º Festival de Cinema Brasileiro em Cingapura, Indonésia, 2005.9º Festival de Cinema, Vídeo e Dcine de Curitiba, 2005.iMARGENS – Festival de Cinema e Vídeo dos Países de Língua Portuguesa, Cidade da Praia, Cabo Verde, 2005.","Prêmio Revelação em Direção - 6º Festival Internacional de Curtas de Belo Horizonte, Brasil, 2004.Prêmios de Melhor Filme e Melhor Ator - 12º Festival de Cinema e Vídeo de Cuiabá, Brasil, 2005.",,Curta-metragem
1793,BEIJO NA BOCA MALDITA,-,Brasil,2008,16,Yanko Del Pino,Festival “É Tudo Verdade” São Paulo 2008XII FAM Florianópolis 20083º Festival de Artes Audiovisuales de La Plata – ArgentinaMiradas-Doc – EspanhaRecine – Rio de JaneiroCinemaissí- Helsink y Tampere- Finlândia25º Festival de Cine de BogotáFestival Mix Brasil – São Paulo,PRÊMIO MELHOR CURTA-METRAGEM REcine – Festival Internacional de Cinema de ArquivoRio de Janeiro - 2008,,Curta-metragem
1794,40 minutos para a Glória,Cavi Borges,Brasil,2012,9,CAVIDEO PRODUCOES,Não informado,Não informado,,Curta-metragem
1976,Arquivos da Cidade,Felipe Diniz,Brasil,2009,29,Modus Produtora,Não informado,Não informado,2009-08-28,Curta-metragem
1795,Quando Morremos a noite,Eduardo Morot&oacute;,Brasil,2011,20,METROPOLE FILMES,Exibições: Principais: Toulouse 20122(FR) Cannes 2012(FR) Santa Maria da Feira 2012(Port) Festival Internacional de Cine de Valencia(SPA) Mostra Tiradentes 2012 Fam 2012(Bra) ,Mostra Tiradentes 2012-Melhor Filme Fam 2012-4 premios(Curta vencedor) Santa Maria da Feira-Menção Honrosa Festival de Triunfo-Melhor Direção,,Curta-metragem
1876,"Enrica Pasianot - Un Bacio su Cristo, il Santo su Pozzo",-,Brasil,2011,12,7FILMZ,não há,não há,2012-03-16,Curta-metragem
1797,O Rei da Munganga,Carolina Paiva,Brasil,2009,70,Flora Filmes Vídeos Produções Artísticas LTDA,"Festivais e Prêmios: 1.Cinepel - RS/ 2009; Cinesul - RJ/ 2009; 2.In-Edit - SP e RJ/ 2009;3. Feira de São Cristóvão - RJ/ 2009;4.Longa- Convidado 3* Cinema com Farinha - PB/ 2009;5.Longa - Convidado 36* Jornada de Cinema da Bahia/ 2009; 6.Longa - Convidado Curta-SE/ 2009;7.19* Festival de Cinema de Natal - VII Mostra Vidas na Tela/ 2009.8.Coquetel Molotov – Recife-PE/ 2010.9.Cine Fest Belém – Maio/ 2011.10.12* Festival de Artes de Areia, Paraíba – Setembro/ 2011.Exibição TV:1.Canal Brasil - 66 da Net – Estréia programa “É Tudo Verdade” – Maio/ ano 2009.2.TV Brasil – 02 canal aberto; 18 da net – Estréia Rede Nacional Julho/ 2010.3.CinebrasilTV – canal a cabo – Julho 2011.","Críticas:Canal Brasil - 66 da Net - programa “É Tudo Verdade”. “Carolina Paiva conduz com desenvoltura e sem paternalismo as entrevistas com Genival, colegas e parceiros em andanças e apresentações pelo interior do Brasil.Para além do delicioso personagem, um país pouco visto no cinema, mais pacato e ainda brejeiro, se descortina. Sei que soa nostálgico, mas o reino da munganga parece um mundo melhor”. Amir Labaki, crítico de cinema, labaki@etudoverdade.com.br – Maio/ 2009.Jornal O Globo – Segundo Caderno – Hoje na TV: FilmesO Rei da Munganga –  Brasil 2008. Direção: Carolina Paiva. Documentário.“Mate o Veio” – Diretora do Competente “Foliar Brasil”; a cineasta Carolina Paiva condensa os episódios mais divertidos do rei do “pornoxote” Genival Lacerda, nascido na Paraíba. Na produção, a cineasta investiga os bastidores de sucessos da MPBrega como “De quem é esse jegue”. TV Brasil 22h”. Rodrigo Fonseca – 24/ 07/ 2010 ",,Longa-metragem
1798,Gueto da América,Carolina Paiva,Brasil,2004,37,Flora Filmes Vídeos Produções Artísticas LTDA,Não informado,Não informado,,Média-metragem
1799,Foliar,Carolina Paiva,Brasil,2002,33,Flora Filmes Vídeos Produções Artísticas LTDA,Não informado,Não informado,,Média-metragem
1803,Curta Sequencia: Alaska,-,Brasil,1980,10,Coevos Filmes,Não informado,Não informado,,Curta-metragem
1804,Máscara Negra,Rene Brasil,Brasil,2010,15,Kinoosfera Filmes,Grande Premio do Cinema Brasileiro - 2012IRIS Prize - Cardiff/UK - 2012Rio Festival Gay de Cinema 2012Inside Out Toronto LGBT Film Festival 2012 – Official SelectionVIII Prêmio FIESP/SESI – SP do Cinema Paulista22nd Annual Toronto LGBT Film Festival – Inside Out – CanadáDiva Film Festival – Festival Internnacional de Cine Diversidad Valparaiso – ChileVigésima Segunda Mostra do Audiovisual PaulistaFestival Art Déco de Cinema 201122º Festival Internacional de Curtas-Metragens de São Paulo11º Goiânia Mostra Curtas.10º UMFF – Urban Mediamakers Film Festival– Geórgia – EUA.NYILFF – New York International Latin Film Festival – 2011. – EUAXXIX – Festival Cinematográfico Internacional Del Uruguay19º Festival MIX Brasil.6º Mostra de Cinema e Direitos Humanos na America do Sul.CHORTS – Festival de Cortos de Caracas -2011. – Venezuela.2º LAKINO – Berlim – Alemanha.15a. Mostra de Cinema de Tiradentes11mm International Football Film Festival,Diva Film Festival – Festival Internnacional de Cine Diversidad Valparaiso – Chile – Melhor Roteiro e Melhor AtorVIII Prêmio FIESP/SESI – SP do Cinema Paulista – Melhor Curta-metragemFestival Art Deco de Cinema – São Paulo - Melhor curta de diversidade sexual10º UMFF – Urban Mediamakers Film Festival– Geórgia – EUA - Menção  honrosa melhores curtasCHORTS – Festival de Cortos de Caracas -2011. – Venezuela - Melhor curta GLS,,Curta-metragem
1805,Mulheres Luminosas,-,Brasil,2012,33,MULTI ARTE BRASIL LTDA.,Não informado,Não informado,2012-03-07,Média-metragem
1806,Sem Pai Nem Mãe,-,Brasil,2012,15,VMV Produtora Ltda,Não informado,Não informado,,Curta-metragem
1807,Antoninha,-,Brasil,2011,19,Acauã Produções Culturais,2ª Mostra Acauã do Audiovisual Paraibano (Mostra não competitiva) - Aparecida - PB; Mostra BNB de Cinema  (Mostra não competitiva) - Sousa-PB; V Festival Cinema com Farinha  (Mostra não competitiva) - Patos – PB;  12º Festival de Artes de Areia (Mostra não competitiva) - Areia - PB; 4° Curta Taquary  - Taquaritinga – PE; 5º Cineport - João Pessoa - PB; Mostra competitiva – II prêmio SESI de curta Metragem  FICÇÃO Festival de Cinema de Uberaba; Festival de Cinema de Casvavel – PR;  III Festival de Cinema da Fronteira  - Bagé – RS;  VII Mostra do Curta Nordestino do 12º Festnatal- Natal – RN; III FESTin – Festival de Cinema Itinerante da Língua Portuguesa em Lisboa – Portugal; II Curta Coremas – Festival de Cinema de Coremas – PB; Festival de Cinema da Serra do Cipó 2012 e 5° Festival de Cinema de Triunfo - PE 2012.,Prêmio de Melhor Atriz para Agatha Barbosa no 4° Curta Taquary  - Taquaritinga – PE; Prêmio de Melhor Atriz para Agatha Barbosa no III Festival de Cinema da Fronteira  - Bagé – RS;  Prêmio de 2º Melhor Filme na VII Mostra do Curta Nordestino do 12º Festnatal - Natal – RN; Prêmio de  Melhor Filme pelo Juri Popular e Melhor Fotografia no II Curta Coremas – Festival de Cinema de Coremas – PB.,,Curta-metragem
1808,Ultimo Retrato,Abelardo de Carvalho,Brasil,2009,9,CAVIDEO PRODUCOES,Não informado,Não informado,,Curta-metragem
1809,"Muito Prazer, Walter Firmo",Vicente Duque Estrada,Brasil,2009,17,vicente duque estrada,festival do cine sulfestival jornada da bahia,Não informado,,Curta-metragem
1810,Pregadores,Cavi Borges,Brasil,2011,14,CAVIDEO PRODUCOES,Não informado,Não informado,,Curta-metragem
1811,O Homem-Banda,Vicente Duque Estrada,Brasil,2002,4,vicente duque estrada,vitoria cine-videofestival do maranhão,Não informado,,Curta-metragem
1812,Olho da Rua,Abelardo de Carvalho e Cavi Borges,Brasil,2011,15,CAVIDEO PRODUCOES,Não informado,Não informado,,Curta-metragem
1813,"Tio Lino, Rocinha o mundo da arte",-,Brasil,2004,16,vicente duque estrada,FAM - Florianopolis,Premio Estimulo RioFilmes 2004,,Curta-metragem
1814,Ferocidade entre a Urbe e a Flora,-,Brasil,2010,13,Faro Produções Cinematográficas Ltda,- 6ª Mosca - Mostra Audiovisual de Cambuquira- Oaxaca Film Festival- Big Pond Adelaide Film Festival 2011- 14ª Mostra de Cinema de Tiradentes- Brazilian Film & TV Festival of Toronto 2011- 9th Cine Fest Petrobras New York- 15th Brazilian Film Festival of Miami- 34º Festival Guarnicê de Cinema- Curta-SE 11- Melhor Curta Ficção Júri Popular 17º Cinemato- 2º Cine Fest Montevidéu- 18º Vitória Cine Vídeo- Melhor Curta Ficção Júri Oficial 8ª Mostra Audiovisual de Ribeirão Preto- 4º Cine Fest Buenos Aires- 33º Habana Film Festival- 2º Curta Pinhais    ,Melhor Curta Ficção Júri Popular 17º Cinemato - CuiabáMelhor Curta Ficção Júri Oficial 8ª Mostra Audiovisual de Ribeirão Preto/SP,,Curta-metragem
1815,Proibidão,Ludmila Curi,Brasil,2011,14,"Lorenzo e Arnaut Produções, Ludmila Curi e Guilherme Arruda",Não informado,Não informado,,Curta-metragem
1816,Quem é Rogério Carlos?,-,Brasil,2012,14,Unisinos,- 15 Mostra de Cinema de Tiradentes - Mostra curtas na praça.- 2º Festival de Cinema Universitário da Bahia - Mostra informativa.- 7ª Mostra Audiovisual de Cambuquira - Mostra Brasil.- 40 Festival de Cinema de Gramado - Mostra Gaúcha.,Não informado,2011-12-17,Curta-metragem
1817,CAGUAÇU – A MATA GRANDE,-,Brasil,2011,26,Cinematográfica Superfilmes,não houve,não houve,,Curta-metragem
1819,Capela,-,Brasil,2012,13,R.M. Produções Artisticas,Não informado,Não informado,,Curta-metragem
1820,Acho que Chovia,-,Brasil,2012,19,R.M. Produções Artisticas,Não informado,Não informado,,Curta-metragem
1821,Meu Avô e Eu,-,Brasil,2010,12,2.8 Comunicação,III Festival Paulínia de CinemaIII Curta TaquaryVI Curta Canoa22ª Mostra do Audiovisual PaulistaIV Mube9º Chico – Festival de Cinema de Palmas22ª Mostra do Audiovisual Paulista,Melhor curta regional (categoria juri popular) no III Festival Paulínia de CinemaMelhor Vídeo no Mapa Cultural Paulista 2011-2012,,Curta-metragem
2059,Dois,-,Brasil,2012,16,Lira Cinematográfica,Não informado,Não informado,,Curta-metragem
2060,Uma dupla de dois,-,Brasil,2012,9,Não informado,Não informado,Não informado,,Curta-metragem
2061,Estrela,-,Brasil,2012,3,Não informado,Não informado,Não informado,,Curta-metragem
2062,A garota e as estrelas,-,Brasil,2012,13,Não informado,Não informado,Não informado,,Curta-metragem
2063,"Julie, agosto e setembro ",-,Brasil,2011,8,Não informado,Não informado,Não informado,,Curta-metragem
2064,O resgate do lobisomem,-,Brasil,2012,8,Não informado,Não informado,Não informado,,Curta-metragem
1823,AVACA,-,Brasil,2009,12,R.M. Produções Artisticas,Não informado,Não informado,,Curta-metragem
1824,A Caixa D'água Do Sertão,Francisco Santos,Brasil,2011,30,Acauã Produções Culturais,5º Festival CINEPORT 2011 - Local: Usina Cultural Energiza 20/09/2011- João Pessoa - PBI Curta Coremas. Local: Praça Guilherme Tow - Coremas-PBMostra Banco do Nordeste de Cinema Sousa - PBCinema com Farinha - Patos - PBFestival de artes de Areia - Local Teatro Minerva - Areia - PB,Não há,,Média-metragem
1825,Sinfonia,-,Brasil,2010,8,Mirada Filmes,- Curta Cinema 2010- Al Jazeera International Documentary Film Festival 2011- Mostra do Filme Livre 2012,Não informado,2010-10-30,Curta-metragem
1826,Estudo para o vento,-,Brasil,2011,9,Mirada Filmes,- 35ª Mostra Internacional de São Paulo- Curta Cinema 2011- 18º Vitoria Cine e Vídeo- 15º Festival Luso Brasileiro de Santa Maria da Feira- 30º Festival Cinematográfico Internacional del Uruguay- Mostra do Filme Livre 2012,Não informado,,Curta-metragem
1827,Mato Alto - pedra por pedra,-,Brasil,2011,15,Instituto Marlin Azul,"34º Festival Guarnicê de Cinema MA /3º Festival Internacional Art Decò de Cinema de São Paulo / II Festival de Cinema Digital de Jericoacoara CE /II FestCine Maracanaú – Melhor Fotografia /4º Curta Taquary - Festival Nacional de Curta Metragem PE /1ª Mostra de Cinema Unicap – Recife PE /III Festival Internacional de Cinema da Fronteira RS / 21º Cine Ceará - Festival Ibero-americano de Cinema - Mostra Competitiva Cearense /  V Curta Cabo Frio RJ /5º Festival de Cinema na Floresta MT /III Cine Congo PB – Mostra Panorama Nacional /7º Fest Aruanda do Audiovisual Brasileiro PB / 2ª Mostra Nacional Curta Sertões / IV Mostra Outros Cinemas CE /6º Miragem - Festival Nacional do Tocantins / IV FestCine Digital PB, CE, PE e RN / 3º Curta Neblina SP /3º Manuel Padeiro de Cinema – Mostra Paralela RS /9º FestCine Amazônia",34º Festival Guarnicê de Cinema MA – Prêmio Melhor Curta Nacional e Melhor Documentário – Júri Técnico /3º Festival Internacional Art Decò de Cinema de São Paulo - Prêmio Melhor Documentário - Júri Popular / II Festival de Cinema Digital de Jericoacoara CE - Prêmio de Melhor Documentário e Melhor Direção - Júri Oficial /II FestCine Maracanaú – Melhor Fotografia – Júri Oficial /4º Curta Taquary - Festival Nacional de Curta Metragem PE – Prêmio Especial do Júri e Menção Honrosa da Associação Brasileira de Documentaristas ABD-PE /1ª Mostra de Cinema Unicap – Recife PE – Melhor Documentário – Júri Oficial /III Festival Internacional de Cinema da Fronteira RS – Menção Honrosa do Júri Oficial /,,Curta-metragem
1828,Sebo,Alexandre Kumpinski e Lucas Cassales,Brasil,2009,7,PUCRS/TECCINE ,"Festival Internacional de Curtas de São Paulo, CineEsquemaNovo, Vitória Cine Vídeo, Mostra MIAU, Mostra Londrina de Cinema, entre outros.",Não informado,,Curta-metragem
1829,Argentino,Diego da Costa,Brasil,2011,14,Paranoid Filmes,IV Festival Paulínia de Cinema,"IV Festival Paulínia de Cinema - melhor direção, melhor filme regional, melhor filme (escolha do público)",,Curta-metragem
1830,Sofá Verde,Arno Schuh e Lucas Cassales,Brasil,2010,8,PUCRS/TECCINE e Sofá Verde Filmes,"Festival Internacional de Curtas de São Paulo, Festival Brasileiro de Cinema Universitário, Sleepwalkers - Festival Universitário da Estônia, entre outros",Não informado,,Curta-metragem
1831,Pegadas de Zila,-,Brasil,2011,11,Valério Fonseca,Cine Ceará 2011 /  Festin Lisboa / Curta Ourinhos / Curta Pinhais / Sadho Poetry Nova Delhi - india / Fest Natal / Mube / Festival do Rio / outros,Premio BNB melhor temática nordestina no Fest AruandaMenção Honrosa no Fest Natalmelhor experimental Mostra Miragemmelhor video arte Arraial Cine Fest,,Curta-metragem
1832,A maldição de Berenice,-,Brasil,2010,7,Valério Fonseca,SP terror / CineFantasy / Cine Ipoema / Espantomania /RioFan / mostra miragem / cine Mube / curta copa / outros,terceiro curta mais votado pelo público na Mostra Miragem 2010,,Curta-metragem
1833,Chapada,-,Brasil,2010,5,Valério Fonseca,Entretodos / curta Santos / Fest Internacional de curtas de SP / Jeri digital / Curta Periferia Criativa / cine mola / visões Periféricas / outros,Não informado,,Curta-metragem
1834,PIQUE-SALVA,-,Brasil,2011,6,CONFABULE FILMES,"44º FESTIVAL DE BRASÍLIA DO CINEMA BRASILEIRO (DF, 2011), XV FESTIVAL NACIONAL 5 MINUTOS (BA, 2011), 11ª MOSTRA DE CINEMA INFANTIL DE FLORIANÓPOLIS, (SC, 2012) 3ª MOSTRA SESC DE CINEMA E VÍDEO BRASILIENSE (DF,2012), JERI DIGITAL (CE, 2012), 6º CINEMA COM FARINHA (PB, 2012), 10ª MOSTRA DE TAGAUTINGA (DF, 2012), 6° CURTA CABO FRIO (RJ, 2012).",Não informado,,Curta-metragem
1835,Lagoa do Peixe - Homem X Meio Ambiente,MARCELO DE PAULA,Brasil,2010,23,Código Solar Produções,VII FATU - FILMES DE AVENTURA E TURISMO 2011V FRI CINE - FESTIVAL INTERNACIONAL DE CINEMA SOCIOAMBIENTAL DE NOVA FRIBURGO,Não informado,,Curta-metragem
1836,ALERTA VERDE,-,Brasil,2008,25,Código Solar Produções,Seleção Oficial I FRI Cine Sócio-ambiental de Nova Friburgo; 5º Lugar na 2ª Mostra do Filme Ambiental e Etnográfico de Rio das Ostras; 1ª Mostra de Cinema e Vídeo Ambiental de Búzios;CINESUL 2009 – Festival Ibero-Americano de Cinema e Vídeo 1ª Mostra de Vídeo Ambiental de Ouro Preto e Mariana,Não informado,,Curta-metragem
1837,Lampião e o Cimento,-,Brasil,2012,8,Acauão Produções culturais,5º Festival de Cinema de Triunfo - Triunfo PE6º Festival Cinema com Farinha - Patos PB ,Não há,,Curta-metragem
1875,Funeral à Cigana,-,Brasil,2012,15,Olé Produções,"• 40º Festival de Cinema de Gramado• 8º Busho – Budapest Short International Film Festival, Hungria• 3º Cine Fest Brasil Montevideo, Uruguai• 23º Festival Internacional de Curtas-Metragens de São Paulo• 14ª Mostra Londrina de Cinema• 10th Ischia International Film Festival - Nápoles, Itália• 16º Brazilian Film Festival of Miami• 7th FESAALP – Festival de Cine Latinoamericano de La Plata – Buenos Aires, Argentina• 1st FICT – Festival Internacional Cinematografico de Toluca, Mexico• 12º Curta-SE – Festival Iberoamericano de Cinema de Sergipe• 11th Chico – Festival de Cinema e Video de Tocantins• 12º Goiânia Mostra Curtas• 29º Festival de Cine de Bogotá 2012, Colômbia• 7ª Mostra Cinema e Direitos Humanos na América do Sul 2012• 6º Festival do Rio 2012 ",Melhor Trilha Sonora no 40º Festival de Cinema de Gramado 2012,,Curta-metragem
2054,Simiterio do Adão e Eva,Carlos Augusto Calil,Brasil,1971,20,Não informado,Não informado,Não informado,,Curta-metragem
2055,Quem não conhece o Silva?,-,Brasil,1979,11,Não informado,Não informado,Não informado,,Curta-metragem
2056,Manuel e o pai dele ,Carlos Augusto Calil,Brasil,1979,9,Não informado,Não informado,Não informado,,Curta-metragem
2057,O que eu estou vendo voces não podem ver,Carlos Augusto Calil,Brasil,1978,12,Não informado,Não informado,Não informado,,Curta-metragem
2058,A árvore dos sonhos,Carlos Augusto Calil,Brasil,1978,20,Não informado,Não informado,Não informado,,Curta-metragem
1840,O dia que meu pai virou bicho,Marco Aur&eacute;lio Penha Ribeiro,Brasil,2010,14,Spin Filmes,Festival de Pinhais,Não informado,2010-05-09,Curta-metragem
1841,CURTA A LAPA,Marcelo Serra,Brasil,1990,11,CAPIROBA FILMES,"FESTIVAL DE HAVANAMOSTRAS EM PARIS, BERLIM",Não informado,,Curta-metragem
1842,Não Sei Nadar,Marco Aur&eacute;lio Penha Ribeiro,Brasil,2009,14,Spin Filmes,Festival de Pinhais,Não informado,2009-07-05,Curta-metragem
1843,Memorável Trem de Ferro,-,Brasil,2011,19,VMS PRODUÇÕES CINEMATOGRÁFICAS LTDA,FESTIVAL NACIONAL DE CINEMA E VÍDEO RURAL DE PIRATUBA - SC ,MELHOR FOTOGRAFIA,2011-02-22,Curta-metragem
1844,Polaroid Circus ,-,Brasil,2011,15,Cavallaria Filmes,Festival de Cinema de Paulínia 2011Mostra ABC em São PauloFestival Curta Sergipe 2012,Festival de Gramado 2011 - Prêmio de melhor fotografia,2011-07-14,Curta-metragem
1845,Julieta é Bárbara,-,Brasil,2008,27,Lucila Carvalho Junaueira Meirelles-EPP,Não informado,Não informado,,Curta-metragem
1846,Agosto,-,Brasil,2012,9,Diadorim Filmes,MOSCA - Mostra Audiovisual de Cambuquira-MG (Mostra Brasil 2012)14ª Mostra Londrina de Cinema (Competitiva Paranaense 2012),Não informado,,Curta-metragem
1847,A florista do outro lado da praça,-,Brasil,2011,24,Buzina Filmes,FESTin - Festival de Cinema Itinerante da Língua Portuguesa - Lisboa - 2012,Menção honrosa no workshop de roteiro do Festival Curta Cinema.,,Curta-metragem
1848,Praça,-,Brasil,2012,29,PretaFilms,Esperando respostas de seleção,Não informado,,Curta-metragem
1849,Café & Ilusões,-,Brasil,2010,19,Brother Entretenimento Ltda.,Não informado,Não informado,,Curta-metragem
1850,Paisagem Muda,-,Brasil,2012,16,"Bambu Filmes, Barroco Filmes e Zunga Filmes",Não informado,Não informado,,Curta-metragem
1851,La Genèse selon Rozand,-,Brasil,2012,13,Uzumaki Filmes,Não informado,Não informado,,Curta-metragem
1852,Nevermore - Berenice,Paulo Biscaia,Brasil,2011,16,Vigor Mortis,Não informado,Não informado,2011-06-09,Curta-metragem
1853,Nevermore - Ligeia,-,Brasil,2011,14,Vigor Mortis,Não informado,Não informado,2011-06-09,Curta-metragem
1854,Palindromo,-,Brasil,2001,10,O2 Filmes,Não informado,Não informado,,Curta-metragem
1855,Nevermore - Morella,-,Brasil,2011,10,Vigor Mortis,Não informado,Não informado,2011-06-09,Curta-metragem
1856,Nevermore - O Corvo,-,Brasil,2011,10,Vigor Mortis,Não informado,Não informado,2011-06-09,Curta-metragem
1857,Quadros,-,Brasil,2012,16,Valentinna Filmes / Moro Comunicação,Não informado,Não informado,,Curta-metragem
1858,Ovos de Dinossauro na Sala de Estar,Rafael Urban,Brasil,2011,12,Tu i Tam Filmes,"Festival Internacional de filmes de Edinburgh 2012 (Edinburgh, Reino Unido, 06, 2012)52º Festival dei Popoli – Festival Internacional de Documentários de Florença (Florença, Itália, 11, 2011)44º Festival de Brasília do Cinema Brasileiro (Brasília, Brasil, 09, 2011)41º Festival Internacional de Cinema de Roterdã (Roterdã, Holanda, 01, 2012)23º CINÉLATINO – Encontros do Cinema da América Latina de Toulouse (Toulouse, França, 04, 2012)22º Festival Internacional de Curtas-Metragens de São Paulo (São Paulo, Brasil, 08, 2011)21º Curta Cinema – Festival Internacional de Curtas do Rio de Janeiro (RJ, Brasil, 11, 2011) 17º Festival Internacional de Arte Contemporânea SESC_Videobrasil (São Paulo, Brasil, 12, 2011)15a Mostra de Cinema de Tiradentes (Tiradentes, Brasil, 01, 2012)15º Cine PE (Recife, Brasil, 05, 2011)15º Festival de Cinema Luso-Brasileiro (Santa Maria da Feira, Portugal, 12, 2011)15º Fórum DOC BH – Festival do Filme Documentário e Etnográfico (Belo Horizonte, Brasil, 12, 2011)13º Festival Internacional de Curtas de Belo Horizonte (Belo Horizonte, Brasil, 10, 2011)13ª Mostra Londrina de Cinema (Londrina, Brasil, 12, 2011)12º Tocaio – Artes, Música, Vídeo, Etc. (Rio de Janeiro, Brasil, 12, 2011)11a Goiânia Mostra Curtas (Goiânia, Brasil, 10, 2011) 11a Mostra do Filme Livre (Rio de Janeiro, Brasil, 03, 2012)9º INDIELISBOA – Festival Internacional de Cinema Independente (Lisboa, Portugal, Maio, 2012)8ª Mostra do Cinema Popular Brasileiro (Rio das Ostras, Brasil, 11, 2011)8º Festival Imagem Movimento (Macapá, Brasil, 12, 2011)7º Fest Aruanda do Audiovisual Brasileiro (João Pessoa, Brasil, 12, 2011) 6º Cine Mube – Vitrine Independente (São Paulo, Brasil, 12, 2011)6ª Mostra Avec de Cinema (Curitiba, Brasil, 12, 2011)5º Atlantidoc – Festival Internacional de Cinema Documental do Uruguai (Atlântida, Uruguai, 12, 2011)5º Festival Internacional de Cinema de Itu – Cinema Mundo (Itu, Brasil, 12, 2011)5ª Mostra CineBH – Mostra de Cinema de Belo Horizonte (BH, Brasil, 09, 2011) IV Janela Internacional de Cinema do Recife (Recife, Brasil, 11, 2011)4º Festival Internacional de Cinema de Paraty (Paraty, Brasil, 11, 2011)4º Festival do Júri Popular (22 cidades, Brasil, 02, 2012)3º Festival do Filme Etnográfico do Recife (Recife, Brasil, 09, 2011)3ª Semana dos Realizadores (Rio de Janeiro, Brasil, 10, 2011)1º Festival Nacional de Curtas Metragens do Vale do São Francisco (Petrolina, Brasil, 01, 2012)","Melhor Curta-metragem internacional no Festival Internacional de filmes de Edinburgh 2012 (Edinburgh, Reino Unido, 06, 2012)Favorito do público no 22º Festival Internacional de Curtas-Metragens de São Paulo (São Paulo, Brasil, 08, 2011)Melhor direção no 21º Curta Cinema – Festival Internacional de Curtas do Rio de Janeiro (RJ, Brasil, 11, 2011) Melhor filme (júri da crítica) no 15º Cine PE (Recife, Brasil, 03/05/2011)Melhor filme (júri da crítica) no 15º Festival de Cinema Luso-Brasileiro (Santa Maria da Feira, Portugal, 12, 2011)Melhor filme na 3ª Semana dos Realizadores (Rio de Janeiro, Brasil, 10, 2011)Melhor direção na 11a Goiânia Mostra Curtas (Goiânia, Brasil, 10, 2011)  Melhor direção no IV Janela Internacional de Cinema do Recife (Recife, Brasil, 11, 2011)Melhor filme brasileiro (prêmio ABD-PE) no IV Janela Internacional de Cinema do Recife (Recife, Brasil, 11, 2011)Melhor roteiro na 13ª Mostra Londrina de Cinema (Londrina, Brasil, 12, 2011)Melhor filme (Troféu Filme Livre) na 11a Mostra do Filme Livre (Rio de Janeiro, Brasil, 03, 2012)Menção honrosa “pelo destaque na Mostra Brasil” pelo júri da Associação Brasileira de Documentaristas e Curtametragistas (ABD-SP) no 22º Festival Internacional de Curtas-Metragens de São Paulo (São Paulo, Brasil, 08, 2011)Menção honrosa “pela originalidade da concepção da obra” (júri oficial) XV Cine PE (Recife, Brasil, 05, 2011)Menção especial do júri “pela originalidade da personagem escolhida e pelo brilhante tratamento estético” no 6º Cine Mube – Vitrine Independente (São Paulo, Brasil)Menção honrosa pela Direção de Arte (à Maria Andrade) na 13ª Mostra Londrina de Cinema (Londrina, Brasil, 12, 2011)Prêmio Aquisição Porta Curtas na 11a Goiânia Mostra Curtas (Goiânia, Brasil, 10, 2011)  Indicado ao Grande Prêmio do Cinema Brasileiro 2012 na categoria Melhor Curta Documentário",,Curta-metragem
1859,Bolpebra,-,Brasil,2011,8,Tu i Tam Filmes,"37º Festival de Cine Iberoamericano de Huelva (Huelva – Espanha, 11, 2011)21o Curta Cinema – Festival Internacional de Curtas do Rio de Janeiro (RJ – Brasil, 11/2011) 14a Mostra de Cinema de Tiradentes (MG – Brasil, 01/2011)10a Mostra do Filme Livre (SP, RJ – Brasil – 03/2011)8º Festival Imagem Movimento (Macapá – Brasil – 12/2011)VII Mostra Internacional de Curtas-Metragens da Unioeste (Toledo – Brasil – 09/2011)IV Janela Internacional de Cinema do Recife (Recife, Brasil, 11, 2011)3º Festival do Filme Etnográfico do Recife (Recife – Brasil – 09/2011)2o Festival de Documentários de Cachoeira – Cachoeira DOC (Cachoeira, Brasil, 12, 2011)1a Sessão Tiradentes Paraná (Curitiba – Brasil – 04/2011)1a Mostra de vídeo-arte latino-americana Chama o Raul (RJ – Brasil – 03/2011)1o CineSesc: Cinema Paranaense em Expansão (Londrina e outras 12 cidades do PR – Brasil – 06/2011)","Melhor filme no 2o Festival de Documentários de Cachoeira – Cachoeira DOC (Cachoeira, Brasil, 12, 2011)",,Curta-metragem
1860,Inquérito Policial nº 0521/09,-,Brasil,2011,13,Bláblá filmes,JULHO/2011 - RioFan 2011 - Festival Fantástico do Rio - Rio de Janeiro/Brasil SETEMBRO/2011 - MotelX - 5º Festival Internacional de Cinema de Terror de Lisboa - Lisboa/Portugal OUTUBRO/2011 - Festival do Rio 2011 - Rio de Janeiro/Brasil - Prêmio Porta Curtas Petrobras  - VI Montevideo Fantástico - Montevideo/Uruguai - Menção Honrosa - 35ª Mostra Internacional de Cinema - São Paulo/Brasil - 2011 South African Horrorfest - Cidade do Cabo/África do Sul - BARS 2011 - Buenos Aires Rojo Sangre - Buenos Aires/Argentina NOVEMBRO/2011 - 6º Cinefantasy – São Paulo/Brasil - VIII Festival Internacional de Cortometrajes del Cusco – Cusco/Peru – Menção Honrosa - 37º Festival de Cine Iberoamericano de Huelva – Huelva/Espanha DEZEMBRO/2011 - 23º Festival Internacional de Cine De Viña Del Mar - Valparaiso/Chile - 33º Festival Internacional Del Nuevo Cine Latinoamericano – Havana/Cuba - 7º Festival Aruanda do Audiovisual – João Pessoa/Brasil - Curta Carajás - III Festival de Cinema de Parauapebas - Parauapebas/Brasil-  - VI Cine Mube – Vitrine Independente – São Paulo/BrasilJANEIRO/2012 - 4º Festival do Júri Popular 2012 – BrasilABRIL/2012- VIII Prêmio FIESP/SESI-SP do Cinema Paulista – São Paulo/BrasilMAIO/2012- 3º FESTin – Festival de Cinema Itinerante da Língua Portuguesa 2012 – Lisboa/Portugal (e países de língua portuguesa)JUNHO/2012- Cinesul 2012 – Rio de Janeiro/BrasilJULHO/2012- Semana Paulista de Curta-metragem 2012 – São Paulo/Brasil - Menção HonrosaAGOSTO/2012- Festival de Cortometrajes de Hayah 2012 – Hayah/Panamá- MACABRO Festival Internacional de Cine de Horror – Cidade do México/México- Guaru Fantástico 2012 – Guarulhos/BrasilSETEMBRO/2012- FESAALP – Festival de Cine  Latinoamericano de La Plata – La Plata/Argentina- VI Curta Cabo Frio – Cabo Frio/Brasil,- Festival do Rio 2011 - Rio de Janeiro/Brasil - Prêmio Porta Curtas Petrobras  - VI Montevideo Fantástico - Montevideo/Uruguai - Menção Honrosa - VIII Festival Internacional de Cortometrajes del Cusco – Cusco/Peru – Menção Honrosa - Semana Paulista de Curta-metragem 2012 – São Paulo/Brasil - Menção Honrosa,,Curta-metragem
1861,Calça de Veludo,-,Brasil,2010,7,Colégio Invisível,"2010 Vidéoformes, França2010 VIDEOEX, Suiça2010 13ª Mostra de Cinema de Tiradentes, MG",PRÊMIO SESC/SATED 2010Melhor Direção Curta-Metragem,,Curta-metragem
1862,Boca do Rio,-,Brasil,2011,8,Colégio Invisível,11º Mostra do Filme Livre 2012 (RJ),Não informado,,Curta-metragem
1863,Rio Negro,-,Brasil,2011,9,Colégio Invisível,11 Mostra do Filme Livre 2012,Não informado,,Curta-metragem
1864,"Antes pássaro, agora peixe",-,Brasil,2011,9,Colégio Invisível,"4° Festival de Videoarte de Camagüey - FIVAC, Cuba - 2011 13° Festival de Curtas de BH, MG - 2011 Curta Cinema 2011, RJ 11º Mostra do Filme Livre 2012",Não informado,,Curta-metragem
1865,Adorável Criatura,-,Brasil,2012,9,Colégio Invisível,23º Festival Internacional de Curtas de São Paulo 201214º Festival Internacional de Curtas de Belo Horizonte 201212º Goiânia Mostra Curtas 2012,Não informado,,Curta-metragem
1866,Vento de Feição,-,Brasil,2012,5,Colégio Invisível,Não informado,Não informado,,Curta-metragem
1867,Aurora,-,Brasil,2011,20,Bláblá filmes,5º Festival de Cinema de TriunfoSemana Paulistana de Curta-metragem 2012II Festival Lume de CinemaFestival do Audiovisual Luso Afro BrasileiroFestival de Curtas de São Paulo9ème Festival International Signes de Nuit34º Festival Guarnicê de Cinema5ª Mostra CineBHLALIFF 2011,3º melhor filme na Semana Paulistana de Curta 2012,,Curta-metragem
1868,Espírito de porco (doc 52 minutos),Chico Faganello,Brasil,2009,30,Faganello Comunicações,"*Prêmio Melhor Contribuição Social Festival de Cinema Rural de Piratuba * Prêmio Especial no Festival Ambiental de La Fortuna, Costa Rica * Wine Country Film Festival, Napa Valley, California *Festival de Filmes Latino-Americanos de Toulouse, França. ","*Prêmio Melhor Contribuição Social Festival de Cinema Rural de Piratuba * Prêmio Especial no Festival Ambiental de La Fortuna, Costa Rica * Wine Country Film Festival, Napa Valley, California *Festival de Filmes Latino-Americanos de Toulouse, França. ",,Média-metragem
1869,Fronteira,Chico Faganello,Brasil,2000,15,Faganello Comunicações,Não informado,Não informado,,Curta-metragem
1870,Muamba - longa-metragem,Chico Faganello,Brasil,2010,30,Faganello Comunicações,"Florianópolis Audiovisual MercosulCine Las Américas 9Huston, Texas, EUA)Festival de Cinema Latino Americano de Trieste",Não informado,,Média-metragem
1874,Barbeiros,-,Brasil,2012,16,Olé Produções,• 47th Karlovy Vary International Film Festival 2012 – Rep. Tcheca• 6º Festival Internacional do Rio 2012• 7º DOCSDF – Festival Internacional de Cine Documental de la Ciudad de Mexico• 17º É Tudo Verdade 2012 – Festival Internacional de Documentários de São Paulo• 7º Cine OP 2012 – Mostra de Cinema de Ouro Preto• 12º Curta-SE – Festival Iberoamericano de Cinema de Sergipe• 18º Cinesul 2012 – Festival Ibero-Americano de Cinema e Vídeo do Rio de Janeiro• 7º FESAALP – Festival de Cine Latinoamericano de La Plata – Argentina• 11º Chico – Festival de Cinema e Video de Tocantins,Não informado,,Curta-metragem
1873,ANIMADOR,-,Brasil,2012,20,Arte In Vitro Filmes,23° Festival Internacional de Curtas Metragens de São Paulo (estréia) ,Melhor Roteiro para Produção e Finalização- Curta Cinema 2011Filme mais votado pelo público- Dentre os 10 melhores da Mostra Brasil.Prêmio Aquisição Porta Curtas- Mais votado do público,2012-08-25,Curta-metragem
1877,Com os pés na cabeça,Gabriela Liuzzi Dalmasso e Tiago Scorza,Brasil,2012,15,Aiuru Filmes,23o Festival Internacional de Curtas-Metragens de São Paulo – agosto de 2012,Não informado,2012-08-25,Curta-metragem
1878,Dó,-,Brasil,2011,19,Produzido por pessoa física,VII Festival latino-americano de cinema de Canoa Quebrada - CEIII Festival de cinema de Montes Claros,Não informado,,Curta-metragem
1879,Mawaca - Cantos da Floresta ,-,Brasil,2011,26,Ethos Produtora de Arte e Cultura , IMZ World Music Film Screening at WOMEX 2012 ,Não informado,,Curta-metragem
1880,A Boca do Mundo - Exu no Candomblé,-,Brasil,2011,26,Oka Comunicações,Mostra ETNODOC 2011,Não informado,,Curta-metragem
1881,EU VI O MUNDO ...ELE COMEÇAVA NO RECIFE,-,Brasil,2003,30,SATURNA PRODUÇÕES ARTISTICAS LTDA,Não informado,Não informado,,Média-metragem
1882,De Catraia,-,Brasil,2011,9,Instituto Querô,"1º Festival Nacional de Cinema do IFF (Instituto federal de Educação, Ciência e Tecnologia Fluminense) no Rio de Janeiro.http://goytacity.blogspot.com/2012/03/1-festival-nacional-de-cinema-do-iff_12.htmlFestival de Cinema de Blumenauhttp://www.festivaldeblumenau.com.br/site/programacao.php           FestFilmes – Festival do Audiovisual Luso Afro Brasileirohttp://www.festfilmes.com.br/tags/mostra-nascente/Festival Visões PeriféricasMostra Visoramahttp://www.visoesperifericas.org.br/2012/noticia/selecionados_visoes_perifericas_2012_6_edicao-112.htmlMostra III Brazilian Films Serieswww.brazilianfilmsinchicago.com",Festival Visões PeriféricasMostra Visorama – 2ª lugar ,,Curta-metragem
1883,Missão Estelar,-,Brasil,2011,11,Instituto Querô,"1º Festival Nacional de Cinema do IFF (Instituto federal de Educação, Ciência e Tecnologia Fluminense) no Rio de Janeiro.Missão Estelar – categoria câmera fotográfica digital não estudantehttp://goytacity.blogspot.com/2012/03/1-festival-nacional-de-cinema-do-iff_12.htmlSelecionado2ª Mostra de Cinema Infantojuvenil de Blumenau http://www.festivaldeblumenau.com.br/site/programacao.php 11ª Mostra de Cinema Infantil de Florianópolishttp://www.mostradecinemainfantil.com.br/2012/04/16/11%C2%AA-mostra-divulgalista-de-selecionados/7ª CineOP – Mostra de Cinema de Ouro Preto - http://www.universoproducao.com.br/site/index.php7ª Mostra Audiovisual de Cambuquira - http://blogdamosca.wordpress.com/23º Festival Internacional de Curtas – Metragens http://www.kinoforum.org.br/curtas/2012/6º Festival Cinema com FarinhaMostra Especial de Curtas http://www.cinemacomfarinha.com/2ª Mostrinha de Cinema Infantil de Vitória da Conquista www.cineduc.org.br6ª Mostra CineBHSessão Cine Escolahttp://www.cinebh.com.br/12ª Goiânia Mostra de Curtas11ª Mostrinhahttp://goianiamostracurtas.com.br/filmes-selecionados","1º Festival Nacional de Cinema do IFF (Instituto federal de Educação, Ciência e Tecnologia Fluminense) no Rio de Janeiro.Missão Estelar – categoria câmera fotográfica digital não estudante",,Curta-metragem
1884,Fez a Barba e o Choro,Tatiana Nequete,Brasil,2012,21,Besouro Filmes,"Selecionado Festival de Cinema Art Déco de SP (2012)Selecionado Vivo Movida: Goiânia, Belo Horizonte, João Pessoa, Salvador e Recife (2012)Mostra Gaúcha do Festival de Cinema de Gramado (melhor trilha, melhor foto) (2012)Selecionado Festival Cinesul - mostra paralela de música (2012)Selecionado edital de documentários TV Câmara (2012)Selecionado Mostra de curtas na Tenda Pasargada - Feira do Livro de Porto Alegre (2012)Convidado Mostra Festival de Cine de Havana (2012)","Mostra Gaúcha do Festival de Cinema de Gramado (melhor trilha, melhor foto) (2012)",,Curta-metragem
1885,Kopeck,-,Brasil,2011,12,Manga Rosa Filmes LTDA,Não informado,Não informado,,Curta-metragem
1886,Irmãs,-,Brasil,2011,14,paudearara filmes,"1. IV Festival de Cinema de Triunfo (PE), de 15 a 20 de agosto de 2011;2. I Curta Cuité (PB), 18 a 21 de agosto de 2011;3. VI Comunicurtas, Campina Grande (PB), de 29 de agosto a 03  de setembro de 2011;4. IV Curta Taquary – Taquaritinga do norte (PE), de 15 a 18 de setembro de 2011;5. XII Festival de Artes de Areia (PB), de 14 a 19 de setembro de 2011;6. V Cineport – Festival de Cinema de Países de Língua Portuguesa, João Pessoa (PB), de 19 a 24 de setembro de 2011;7. III Festival do Filme Etnográfico do Recife (PE), de 27 A 29 de setembro de 2011;8. V Festival de Cinema na Floresta, Alta Floresta(MT), de 5 a 10 de setembro de 2011;9. II Mostra Sesi - Festival de Cinema de Uberaba(MG), de 24 a 30 de Outubro de 2011;10. III Cine Congo(PB), de 10 a 13 de novembro  de 2011;11. I Festival de Cinema Universitário de Alagoas, Penedo(AL), de 23 a 26 de Novembro de 2011;12. V Cinema Mundo – Festival Internacional de Cinema de Itu (SP), de 30 de Novembro a 03 de dezembro de 2011;13. II Mostra Nacional Curta Sertão, Floresta(PE), de 05 a 09 de dezembro de 2011;14. III Curta Carajás – Festival de Cinema de Parauapebas (PA), 05 a 09 de dezembro de 2011;15. VII Curta Canoa, Canoa Quebrada (CE), de 05 a 10 de dezembro de 2011;16. Festnatal – VII Mostra do curta nordestino, Natal(RN), de 06 a 11 de dezembro de 2011;17. VII Festival Aruanda, João Pessoa(PB), de 10 a 15 de dezembro de 2011;18. VI Festival do Júri Popular, em 23 estados brasileiros, de 01 a 13 de fevereiro de 2012;19. II Sercine – Festival Sergipe de Audiovisual, Aracaju(SE), de 07 a 12 de Maio de 2012;20. II Curta Coremas (PB), de 11 a 14 de Maio de 2012;21. 35º Festival Guarnicê de Cinema(MA), de 10 a 16 de Junho de 2012;22. III Jeri Digital – Festival de Cinema de Jericoacoara, Jericoacoara(CE), de 15 a 21 de Junho de 2012;23. VII Cine MuBe – Vitrine Independente, São Paulo(SP), de 28 a 30 de Junho de 2012;24. X Festival Chico – Festival de Cinema de Tocantins, Palmas(TO) , de 08 a 15 de Julho de 2012;25. 17º Festival Brasileiro Universitário – Competição Internacional, Rio de Janeiro(RJ), de 13 a 19 de Agosto de 2012;26. XII Curta-SE – Festival Iberoamericano de Cinema de Sergipe, Aracaju(SE), de 17 a 22 de Setembro de 2012;27. Lakino - Latin American Short Film Festival in Berlin, Alemanha, de 10 a 14 de Outubro de 2012. (convidado para Programa especial - fora de competição)","1. Melhor Filme (documentário) no IV Curta Taquary (PE);2. Melhor  Direção (documentário) no IV Curta Taquary (PE);3. Melhor  Roteiro (documentário) no IV Curta Taquary (PE);4. Melhor Documentário no III Cine Congo(PB);5. Melhor Direção no III Cine Congo(PB);6. Melhor Fotografia no III Cine Congo(PB);7. Melhor Curta Nordestino no I Festival de Cinema Universitário de Alagoas (AL);8. Melhor Trilha Sonora Original no V Cinema Mundo – Festival Internacional de Cinema de Itu (SP);9. Melhor Filme pelo Júri popular no VII Fest Aruanda, João Pessoa (PB);10. Melhor Filme pelo Júri popular no VI Festival do Júri Popular, Rio de Janeiro(RJ);11. Menção Honrosa no III Jeri Digital – Festival de Cinema de Jericoacoara(CE).12. Destaque em Realidade Nacional no 17º Festival Brasileiro Universitário –  Rio de Janeiro(RJ);",,Curta-metragem
1887,Passagem,-,Brasil,2010,14,Cavallaria Filmes,não possui,não houve,,Curta-metragem
1888,Hooji,-,Brasil,2012,17,Fata Morgana Filmes,"II Mostra de Curtas Metragens Independentes de Pinhais – Pinhais, PR – 2012, abril (indicado aos prêmios de melhor direção e melhor atriz);II Mostra de Cinema de Ipoema – Itabira, MG – 2012, maio;3ª Semana Internacional del Corto – La Paz e Cochabamba, BOLÍVIA – 2012, junho (indicado aos prêmios de melhor direção, melhor atriz e melhor fotografia);3º Curta Amazônia – Porto Velho, RO – 2012, junho (melhor filme brasileiro e melhor direção);7º Festival Cine MuBE Vitrine Independente – São Paulo, SP – 2012, junho (melhor direção e melhor atriz);4º Festival Art Déco de Cinema – São Paulo, SP – 2012, julho (melhor filme, melhor atriz, melhor fotografia e melhor direção de arte. Indicado aos prêmios de melhor direção, melhor edição e melhor trilha sonora);4º Festival Bunka-sai de Cultura Japonesa de Petrópolis – Petrópolis, RJ – 2012, agosto;5º Festival de Cinema de Triunfo – Triunfo, PE – 2012, agosto (melhor atriz);10º Festival Taguatinga de Cinema – Taguatinga, DF – 2012, agosto/setembro;6º Festival Curta Cabo Frio – Cabo Frio, RJ – 2012, setembro;12º Festival Iberoamericano de Cinema de Sergipe – Curta-SE - Aracaju, Estância, São Cristóvão e Laranjeiras,  SE – 2012, setembro;8th Busho – Budapest Short Film Festival – Budapeste, HUNGRIA – 2012, setembro;10th flEXiff – The First and the Last Experimental International Film Festival – Sydney,  AUSTRÁLIA – 2012, setembro;XII Festival Internacional de Cine Digital – FENAVID – Santa Cruz de la Sierra, BOLÍVIA – 2012, outubro;20º Festival Chileno Internacional del Cortometraje de Santiago – Santiago, CHILE – 2012, outubro;6º Festival Cinema com Farinha – Patos, PB – 2012, outubro;6º Brasil Cine Stockholm – Estocolmo, Suécia – 2012, outubro;29º Festival de Cine de Bogotá – Bogocine – Bogotá, Colômbia – 2012, outubro.","II Mostra de Curtas Metragens Independentes de Pinhais – Pinhais, PR – 2012, abril (indicado aos prêmios de melhor direção e melhor atriz);3ª Semana Internacional del Corto – La Paz e Cochabamba, BOLÍVIA – 2012, junho (indicado aos prêmios de melhor direção, melhor atriz e melhor fotografia);3º Curta Amazônia – Porto Velho, RO – 2012, junho (melhor filme brasileiro e melhor direção);7º Festival Cine MuBE Vitrine Independente – São Paulo, SP – 2012, junho (melhor direção e melhor atriz);4º Festival Art Déco de Cinema – São Paulo, SP – 2012, julho (melhor filme, melhor atriz, melhor fotografia e melhor direção de arte. Indicado aos prêmios de melhor direção, melhor edição e melhor trilha sonora);5º Festival de Cinema de Triunfo – Triunfo, PE – 2012, agosto (melhor atriz);",2012-04-19,Curta-metragem
1889,7 Vezes Chica,-,Brasil,2008,5,Estúdio F7 de Criação Ltda,"Anima Mundi 2009, Mostra de Cinema Infantil de Florianópolis 2009, CineSul 2009 - Festival Ibero-americano de Cinema e Vídeo, Mostra Mineira do Dia Internacional da Animação 2009, Festival de Vídeo Tela Digital 2009 e Mostra de Cinema Infantil – Shopping Bourbon 2010.",Não informado,,Curta-metragem
1890,TELEDROME,ISIS UTSCH,Brasil,2012,8,Núcleo Ponto Q ( Produtora Independente ),Filme Inédito !,Filme Inédito !,,Curta-metragem
1891,CAVALHADAS DE PIRENÓPOLIS,-,Brasil,2005,15,Bárbaras Produções,"Ceará, Gramado, Curtas de SP. Gramado, Goiânia, Amazônas ",Não informado,,Curta-metragem
1892,O Diário de Márcia ,-,Brasil,2011,20,Filmes a Granel e Bertrand Lira,"_ VI Comunicurtas, Campina Grande (PB), de 19 de agosto a 03 setembro de 2011_ V Cineport, João Pessoa-PB, de 19 a 24 de setembro de 2011_ III Festival do Filme Etnográfico do Recife, de 27 a 29 de setembro de 2011_ III Mostra de Filmes Temáticos Matizes da Sexualidade – João Pessoa (PB), de 14 a 30 de outubro de 2011_ 5º For Rainbow, festival de cinema e cultura da diversidade sexual – Fortaleza (Ce), de 27 de outubro a 03 de novembro de 2011._ 19º Festival Mix Brasil da Diversidade Sexual 2011, São Paulo (de 10 a 20 de novembro) e Rio (de 24 de nov. a 01 de dezembro)._ 2º Close - Festival Nacional de Cinema da Diversidade Sexual – Porto Alegre (RS), de 29 de novembro a 04 de dezembro de 2011 http://somos.org.br/close2011/?page_id=9 _ 7º Fest Aruanda do Audiovisual Brasileiro – João Pessoa – de 09 a 14 de dezembro de 2011._ 28es Reflets Du Cinéma Ibérique et Latino-américain de Lyon – France de 14 a 28 de março de 2012. http://www.lesreflets-cinema.com/regards.php II Curta Coremas – Festival do Audiovisual, de 10 a 13 de maio de 2012.","Prêmio Especial do Júri do 5º For Rainbow, festival de cinema e cultura da diversidade sexual – Fortaleza (Ce).Melhor Direção de Documentário no II Curta Coremas – Festival do Audiovisual, de 10 a 13 de maio de 2012.",2011-04-16,Curta-metragem
1893,A bela P...,-,Brasil,2008,25,Filmes do Caixote,Não informado,Não informado,,Curta-metragem
1894,Eva Nil cem anos sem filmes,-,Brasil,2009,12,Filmes do Caixote,Não informado,Não informado,,Curta-metragem
1895,"Spencer, Ontem, Hoje e Sempre",Marcelo Ikeda,Brasil,2003,10,Marcelo Ikeda,Não informado,Não informado,,Curta-metragem
1896,Carta de um jovem suicida,Marcelo Ikeda,Brasil,2008,24,Marcelo Ikeda,Estreia: 10º Festival Internacional de Curtas de Belo Horizonte – Competitiva Nacional – Panorama 1 - 25/07/2008*Festival Internacional de Curtas do Rio de Janeiro – Curta Cinema – Panorama Carioca 3 – 06/11/2008 *Mostra do Filme Livre – 23/04/2009 *Cineclube Alpendre – Fortaleza/Ceará – 22/07/2008 *Cineclube Curta Circuito – Belo Horizonte/BH – Palácio das Artes – 29/09/2008 * Cineclube Curta o Curta – Rio de Janeiro/RJ – Ateliê da Imagem – 15/10/2008* Festival Internacional Cinematográfico del Uruguay ( Montevideo - Cinemateca Uruguaya) 2009* Vienna Short Films 2009 (Viena/Áustria),* Júri Oficial – Pesquisa de Linguagem – 10º Festival Internacional de Curtas de Belo Horizonte 2008* Semi-Finalista Grande Prêmio Vivo do Cinema Brasileiro 2009 – Categoria “Curta Ficção”,2008-07-25,Curta-metragem
1897,Corpo Presente,-,Brasil,2010,22,Símio,Não informado,Não informado,,Curta-metragem
1898,Corpo Seco,Luiz Lago,Brasil,2002,30,Autorall,"16ª Mostra Audiovisual de São Paulo, Centro Cultural Banco do Brasil, 30ª Jornada Internacional de Cinema da Bahia, 23º Festival do Cinema Latino-Americano de Trieste, Itália e em 2006 no projeto “Rumos” do Itaú Cultural. ",Não informado,,Média-metragem
1900,Caminho Teixeira,-,Brasil,2009,13,9d Produções & Eventos Ltda,"02 a 06.04 de 2012 - Domzale, EslovêniaInternational Mountain Film Festival Domzalehttp://imffd.com12 a 21.12 de 2011 - Vitoria-Gasteiz, EspanhaMendi Film Festivalwww.mendifilmfestival.com25 e 26.11 de 2011 - Dundee, EscóciaDundee Mountain Film Festivalwww.dundeemountainfilm.org.uk12 a 16.10 de 2011 - Propad, Eslováquia19th International Festival of Mountain Films Popradwww.mfhf.sk07.09 de 2011 - Lugano, SuíçaRassegna Internazionale dei Festival della Cinematografia di Montagnawww.festival-dei-festival.ch25 a 28.08 de 2011 - Teplice, República TchecaTeplice International Mountain Film Festivalwww.horolezeckyfestival.cz16.08 de 2011 - Rio de Janeiro9ª Edição da Mostra Curta no Almoçowww.curtaocurta.com.br15.08 a 21.08 de 2011 - Huaraz, PeruVII Inka Festwww.inkafest.com01.07 a 05.07 de 2011 - Wanaka, Nova Zelândia9th New Zealand Mountain Film Festivalwww.mountainfilm.net.nz28.04 a 08.05 de 2011 - Trento, Itália59th Trento Film Festivalwww.trentofestival.it04.12 de 2010 - Autrans, França27th Autrans Festival International du Film de Montagnewww.festival-autrans.com22 a 28.11 de 2010 - Socorro, São Paulo, BrasilV FATU - Festival Brasileiro de Filmes de Aventura e Turismowww.aventura.com.br18 a 21.11 de 2010 - Kendal, InglaterraKendal Mountain Film Festivalwww.mountainfest.co.uk13.11 de 2010 - Graz, Áustria22º Graz International Film Festivalwww.mountainfilm.com","Filme Original15.08 a 21.08 de 2011 - Huaraz, PeruVII Inka Festwww.inkafest.com",,Curta-metragem
1901,Nego Fugido,-,Brasil,2012,16,Coisa de Cinema,"• V Seminário Internacional de Cinema da Bahia (MELHOR FILME) • V Festival de Cinema de Maringá (MELHOR FIGURINO)• II Janela Internacional de Cinema de Recife (MELHOR MONTAGEM)Justificativa do júri: “Pelo corte que refrata a máscara e a experiência”• XVI Vitória Cine Vídeo (MELHOR FILME, MELHOR DIREÇÃO E MELHOR ATOR “JUDEVALDO DOS SANTOS”)•XIV CINE PE - Festival do Audiovisual (MELHOR FILME, PRÊMIO ABD PERNAMBUCO) Justificativa do júri: “Pela compreensão que o curta-metragem propicia ao experimentalismo”• IV Mostra de Cinema de Ouro Preto - CINEOP (Mostra não-competitiva)• IX Festival de Cinema de Taguatinga• II Festival de Cinema de Marília• V Mostra Conquista de Cinema (Mostra não-competitiva)• XXXII Mostra Internacional de São Paulo• XIII Curta Cinema - Festival Internacional de Curtas do Rio de Janeiro• Fest CineAmazônia 2009• 4º Festival de Cinema de Muriaé - Percepções (Mostra não-competitiva)• 13ª Festival de Cinema de Tiradentes• 2º Festival do Júri Popular - 2010• 3º Los Angeles Brazilian Film Festival• 9ª Mostra do Filme Livre• III FASAI - Festival Americano de Cinema Ambiental de Iraquara (Mostra não-competitiva)• I Mostra de Cinema de Ipoema (Mostra não-competitiva)• Emerging Filmmakers Series (Nova York) (Mostra não-competitiva)• 14º FAM2010• Festival de Cinema Guarnicê/2010•4ª edição da Mostra Curtas Cariri•Indie 2010 (Mostra não-competitiva)•12o Festival Internacional de Curtas de BH•II Semana dos Realizadores - Rio de Janeiro (Mostra não-competitiva)•International Black Film Festival of Nashville•6º Fest Aruanda do audiovisual Brasileiro•IV Festival Internacional de Cinema de Itu•III Festival Internacional de Cinema - Luanda•5º CINE CAPÃO•CACHAÇA CINEMA CLUBE Sessão ""Eu Vim da Bahia""","• V Seminário Internacional de Cinema da Bahia (MELHOR FILME) • V Festival de Cinema de Maringá (MELHOR FIGURINO)• II Janela Internacional de Cinema de Recife (MELHOR MONTAGEM)Justificativa do júri: “Pelo corte que refrata a máscara e a experiência”• XVI Vitória Cine Vídeo (MELHOR FILME, MELHOR DIREÇÃO E MELHOR ATOR “JUDEVALDO DOS SANTOS”)•XIV CINE PE - Festival do Audiovisual (MELHOR FILME, PRÊMIO ABD PERNAMBUCO) Justificativa do júri: “Pela compreensão que o curta-metragem propicia ao experimentalismo”",,Curta-metragem
1902,A Infância de Anastácia,Cl&aacute;udio Marques e Mar&iacute;lia Hughes,Brasil,2007,5,Coisa de Cinema,XI Festival Imagem em Cinco MinutosXIX Festival Internacional de Curtas de São PauloV Festival de Cinema de MaringáIV Mosca - Mostra Audiovisual de CambuquiraI Janela Internacional de Cinema de RecifeIV Seminário Internacional de Cinema da BahiaXV Vitória Cine e VídeoXVI Festival de Vídeo de TeresinaV Festival da Infância e da JuventudeFestival de Vídeo Tela Digital,Não informado,,Curta-metragem
1903,Desacerto,-,Brasil,2011,17,Complô Produções e Oficinas Ltda - ME,Cinélatino – 24émes Rencontres de Toulouse – Panorama Documentaire52o. Kraków Film Festival – Short film competition23o. Festival Internacional de Curtas de São Paulo,--,2012-03-27,Curta-metragem
1904,A Revolta do Videotape,Rog&eacute;rio de Moura,Brasil,2001,15,Rogério de Moura,"Festival de Brasília, Mostra do Audiovisual Paulista, Encontro de Realizadores Negros do Rio, Festival de Varginha",Não informado,,Curta-metragem
1905,Passeio de Família,-,Brasil,2010,9,Aeroplano Filmes ,"Abertura [22] Mostra do Audivovisual Paulista. 2011Femina, 2011Goiania Mostra Curtas, 2011Festival Internaciona de Curtas Metragens de São Paulo, 2011Curta Cinema, 2011Mostra de Tiradentes, 2011","Prêmio Porta Curtas durante o Festival Curta Cinema, 2011",,Curta-metragem
1907,"Velhos, Viúvos e Malvados",Rog&eacute;rio de Moura,Brasil,2003,13,Taus Filme e Vídeo Ltda,"Jornada de Cinema da Bahia, Festival da Amazônia, Festival de TiradentesMostra do Audiovisual Paulista, Encontro de Realizadores Negros do Rio, 1a Mostra de Cinema Negro em Brasília, V Mostra Produção Independente – Cinema em Negro & Negro","Menção Honrosa, Festival da Amazônia",,Curta-metragem
1908,Domingo,-,Brasil,2004,12,Aeroplano Filmes,Festival de cinema de Santa Maria da Feira - Portugal -2004 Festival de cine de Donostia - San Sebastian 2005 Festival de cine de Piriápolis - Uruguai - 2005 Vitória Cine e Vídeo - Brasil - 2005 Femina - Brasil - 2005 Cinesul - Brasil – 2005; Festival deCinema Universitário - Brasil – 2005;,Não informado,,Curta-metragem
1909,Frio,-,Brasil,2006,18,Segunda-Feira Filmes,"XI Festival Brasileiro de Cinema Universitário (Rio de Janeiro/RJ, 2006)2º. Festival de Cinema e Vídeo de Cajamar (Cajamar/SP, 2006)6ª. Mostra do Filme Livre (Rio de Janeiro/RJ, 2007)XXVI Student Academy Awards – Oscar (Los Angeles/EUA, 2007)Mosca 3 – Mostra Audiovisual de Cambuquira (Cambuquira/MG, 2007)Curta Cultura (São Paulo/SP, 2008)","XI Festival Brasileiro de Cinema Universitário – Mostra Competitiva de Vídeos (Rio de Janeiro / RJ, 2006): Destaque em Expressão Poética",,Curta-metragem
1910,Hora Extra,Davi Kolb,Brasil,2005,18,Segunda-Feira Filmes,"XI Festival Brasileiro de Cinema Universitário – Mostra Competitiva de Vídeos (Rio de Janeiro/RJ, 2006)6ª. Mostra do Filme Livre (Rio de Janeiro/RJ, 2007)Projeto Curta Todo Dia (Niterói/RJ, 2006)TELEVISÃOPrograma Calça Curta – Unitevê – TV Universitária de Niterói (25/04/2007)Programa Curta Brasil – TV Brasil (19/04/2008)",Não informado,,Curta-metragem
1911,Véio,Adelina Pontual,Brasil,2005,20,REC Produtores Associados,10º É Tudo VerdadeCINE PE Festival do AudiovisualFestival Internacional de Curtas de São PauloFestival de Cine de Bogotá - Colômbia7ª Muestra Internacional Documental - Bogotá - ColômbiaII Festival Nacional y Muestra Internacional de Cortometrajes - Cusco/PeruXXI Festival Internacional de Cine de Guadalajara/México,Prêmio de Melhor Som Direto e Melhor Trilha Sonora - IV Feestival de Cinema de Maringá,2005-04-03,Curta-metragem
1912,A felicidade dos peixes,-,Brasil,2011,24,pigmento cinematográfico,CineEsquemaNovo 2011Festival Internacional de curtas de São Paulo5ª Mostra cine BH6ª CineOp - Mostra de cinema de Ouro PretoCurta cinema 2011IV Janela Internacional do cinema de Recife11ª Goiânia Mostra Curtas13º Festival Internacional de curtas de Belo Horizonte 5º Festival Cineport - Festival de cinema de países de língua portuguesa Mostra do Filme Livre 201213ª Mostra Londrina de Cinema ,-13º Festival Internacional de curtas de Belo Horizonte - Premiado como melhor curta nacional (Júri Oficial)- 5º Festival Cineport - Festival de cinema de países de língua portuguesa – Prêmio Energisa concedido aomelhor filme da Paraíba na competição;- Mostra do Filme Livre 2012 – Premiado com o Troféu Filme Livre- 13ª Mostra Londrina de Cinema - Reconhecimento por suas experimentações- Academia Paraibana de Cinema 2011 – Melhor filme ficção,,Curta-metragem
1913,Bloco D,-,Brasil,2009,6,Bláblá filmes,- AGOSTO 2009 – 20o Festival Internacional de Curtas-Metragens de São Paulo 2009 (Sessão Dark Side) – São Paulo/Brasil- SETEMBRO 2009 – Semana dos Realizadores 2009 – Rio de Janeiro/Brasil- OUTUBRO 2009 – XII Edition International Short Film Festival La Boca Del Lobo 2009 – Madrid/Espanha- NOVEMBRO 2009 – Pantalla Latina – St. Gallen/Suíça- 4a Mostra Curta Fantástico 2009 – São Paulo/Brasil,Menção honrosa na Semana Paulista de Curta-Metragem 2010,,Curta-metragem
1914,Holanda,Alvaro Furloni,Brasil,2009,12,Segunda-Feira Filmes,Não informado,Não informado,,Curta-metragem
1915,A Margaridinha,-,Brasil,2004,5,Segunda-Feira Filmes,"IX Festival Brasileiro de Cinema Universitário – Mostra Competitiva de Vídeos (Rio de Janeiro/RJ, 2004)","IX Festival Brasileiro de Cinema Universitário – Mostra Competitiva de Vídeos (Rio de Janeiro/RJ, 2004): Destaque em Expressão Poética",,Curta-metragem
1916,Onde Quer Que Você Esteja,Bel Bechara e Sandro Serpa,Brasil,2003,15,Macondo Filmes,Não informado,• Melhor Ator – Leonardo Medeiros – Curta Santos – 2003• Menção Honrosa ABD – Fest. Int. Curtas de São Paulo - 2003• Prêmio Portacurtas – Festival do Rio – 2003• Grande Prêmio Lusofonia – Famafest – Portugal – 2004• Prêmio Aquisição Canal Brasil – Festival do Recife – 2004• Melhor Atriz – Débora Duboc – Festival de Cinema de Ribeirão Preto – 2004• Melhor Filme – Júri Popular – Festival de Cinema de Ribeirão Preto – 2004• Melhor Roteiro – FAM – 2004• Melhor Atriz – Débora Duboc – FAM – 2004• Melhor Roteiro – Festival de cinema de Varginha – 2004• Melhor Filme – Brazilian Film Festival of Miami – 2004• Prêmio Especial do Júri – Festival de Cinema de Curitiba 2004• Melhor Ator – Leonardo Medeiros – La Noche de los Cortos – Lima – Peru – 2004• Melhor Direção - La Noche de los Cortos – Lima – Peru – 2004• Menção Honrosa do Júri – Curta SE – 2004• Melhor Filme – Júri Popular – Curta SE - 2004,2003-07-15,Curta-metragem
1917,Fim de Expediente,Alexandre Diniz e Alexandre Sivolella,Brasil,2006,10,Segunda-Feira Filmes,"VIII Vide Vídeo (Rio de Janeiro/RJ, 2005)5ª. Mostra do Filme Livre (Rio de Janeiro/RJ, 2005)2º. Projeto Estréias (Rio de Janeiro/RJ, 2005)XI Festival Brasileiro de Cinema Universitário (Rio de Janeiro/RJ, 2006)Vídeo Festival São Carlos 2006 (São Carlos/SP, 2006)Festival Olhares – 1° Festival de Cinema e Vídeo Digitais da Universidade Federal de Viçosa (Viçosa/MG, 2006)Projeto Curta Todo Dia (Niterói/RJ, 2006)II Festival Aruanda do Audiovisual Universitário Brasileiro (João Pessoa/PB, 2006)8º. Festival de Cinema e Vídeo de Palmas (Chico) (Palmas/TO, 2006)10º. Festival de Cinema, Vídeo e DCine de Curitiba (Curitiba/PR, 2007)","Vídeo Festival São Carlos 2006 (São Carlos/SP, 2006): Melhor Ficção",,Curta-metragem
1918,Boa Noite,-,Brasil,2011,14,Macondo Filmes,Não informado,Não informado,,Curta-metragem
1919,Naquela Noite Ele Sonhou com Um Mar Azul,-,Brasil,2010,20,Haver Filmes,43º Festival de Brasília do Cinema BrasileiroCurta Cinema 2010Festival de Cinema Itinerante da Língua PortuguesaFestival de Cinema CurtamazôniaTake 1 - 2011  Festival Brasileiro de Cinema UniversitárioCurta CanoaFestival Internacional del Nuevo Cine LatinoamericanoMiragem - Mostra de ciema de Miracema Goiamum Audiovisual,Não há,2010-11-01,Curta-metragem
1920,Domingo,-,Brasil,2008,20,Studio Fátima Toledo,Não informado,Não informado,,Curta-metragem
1921,Onde Você Vai?,-,Brasil,2010,15,Na Laje Filmes,"43º Festival de Brasília do Cinema Brasileiro - Brasília, DF22ª Mostra do Audiovisual Paulista - São Paulo, SP1º Festival Internacional Lume de Cinema - São Luis, MA22º Festival Internacional de Curta-metragem de São Paulo - SPVII Cinefest Prêmio Gato Preto - Lorena, SP18º Vitória Cine Vídeo - Vitória, ESShort and Sweet - Toronto, CanadáCurtaCarajás III Festival de Cinema de Paraupebas, PAVale Curtas 2011 - Juazeiro, BA e Petrolina, PEInternational Short Film Festival Detmold",* prêmio de aquisição do SESCTV para melhor filme de diretor estreante - 22º Festival Internacional de Curta-metragem de São Paulo* prêmio de melhor filme - VII Cinefest Prêmio Gato Preto,2012-12-01,Curta-metragem
1922,A Céu Aberto,-,Brasil,2008,7,PUCRS/TECCINE ,"CineEsquemaNovo 2008, Festival do Cinema Brasileiro na Áustria,",Não informado,,Curta-metragem
2015,Caranga - do outro lado do manguezal,Chicolam,Brasil,2011,5,Não informado,Não informado,Não informado,,Curta-metragem
2017,Disque quilombola,-,Brasil,2012,13,Não informado,Não informado,Não informado,,Curta-metragem
2018,Dó re mi zoo em: O sapo surfista,-,Brasil,2012,3,Não informado,Não informado,Não informado,,Curta-metragem
2019,Doce turminha e o passeio nas nuvens,-,Brasil,2012,1,Não informado,Não informado,Não informado,,Curta-metragem
2020,Flufi,-,Brasil,2012,5,Não informado,Não informado,Não informado,,Curta-metragem
2021,A galinha ou eu,Denizia Moresqui,Brasil,2011,15,Não informado,Não informado,Não informado,,Curta-metragem
2022,O girassolzinho,-,Brasil,2012,4,Não informado,Não informado,Não informado,,Curta-metragem
2023,Gorgon,-,Brasil,2011,3,Não informado,Não informado,Não informado,,Curta-metragem
2024,Haina: cineclube,-,Brasil,2011,1,Não informado,Não informado,Não informado,,Curta-metragem
2025,Haina: concerto em S maior,-,Brasil,2011,1,Não informado,Não informado,Não informado,,Curta-metragem
2026,Haina: eco,-,Brasil,2011,1,Não informado,Não informado,Não informado,,Curta-metragem
2027,Haina: o bife,-,Brasil,2011,1,Não informado,Não informado,Não informado,,Curta-metragem
2028,Haina: o chapéu,-,Brasil,2011,1,Não informado,Não informado,Não informado,,Curta-metragem
2029,Haina: o filtro,-,Brasil,2011,1,Não informado,Não informado,Não informado,,Curta-metragem
2030,Keep out,-,Brasil,2011,4,Não informado,Não informado,Não informado,,Curta-metragem
2031,Julieta de bicicleta,-,Brasil,2012,11,Não informado,Não informado,Não informado,,Curta-metragem
1925,O Campeonato de Pescaria,-,Brasil,2009,14,Lume Produções Culturais,8º Mostra de Cinema Infantil de Florianópolis -  Junho de 2009Festival Internacional de Chicago – Outubro de 2010Femina – Outubro de 2010,Não informado,,Curta-metragem
1926,O Mistério do Boi de Mamão,-,Brasil,2005,13,Lume Produções Culturais,5º Mostra de Cinema Infantil de Florianópolis -  Junho de 2006,Não informado,,Curta-metragem
1927,Pequeno,-,Brasil,2012,5,Plano 3 Filmes,Não informado,Não informado,,Curta-metragem
1928,No Bar,-,Brasil,2002,8,Disca Filmes,"6a Mostra de Cinema de Tiradentes, Cine PE, Festival de Internacional de BH, Festival do Rio, Goiânia Mostra Curtas, Primeiro Plano – Juiz de Fora, Programa Zoom, TV Cultura.Festival de Havana (Cuba), Message to Man (Festival de São Petersburgo, Rússia, 2003), 9th International Short Film Festival in Drama (Grécia).","- 35o Festival de Brasília do Cinema Brasileiro (2002): melhor direção, melhor curta metragem - júri popular e melhor curta metragem - júri oficial.- 13o Cine Ceará (2003): melhor atriz,- 7o Festival do Audiovisual do Mercosul (Panvision, 2003): melhor direção e melhor atriz,- 31o Festival de Gramado (2003): melhor direção e melhor curta metragem – júri popular.",,Curta-metragem
1929,"Eli Heil, criadora e criatura",K&aacute;tia Klock,Brasil,2010,15,Contraponto,TourFilm Festival Brazil 2010,"Arara de Ouro, TourFilm Festival Brazil 2010",,Curta-metragem
1930,"O Fio da História, entre agulhas e tecidos ",K&aacute;tia Klock,Brasil,2010,12,Contraponto Multimeios,TourFilm Festival Brazil 2010,"Arara de Bronze, TourFilm Festival Brazil 2010",,Curta-metragem
1931,O Caminho Niemeyer,-,Brasil,2008,15,Mapa Filmes,Não informado,Não informado,,Curta-metragem
1932,"Ladrilho Hidráulico uma arte, um piso",-,Brasil,2011,18,Faculdade de Arquitetura e Urbanismo da USP,Selecionado na 11ª Edição Festival Chico - Festival de Cinema e Vídeo do Tocantins,Não informado,,Curta-metragem
1933,10 Advertências e 01 Bênção,-,Brasil,2005,7,Km 70,- 19ª Mostra do Audiovisual Paulista (de 29 de novembro a 04 de dezembro de 2005)- 9ª Mostra de Cinema de Tiradentes (de 20 a 30 de janeiro de 2006)- Festival Internacional de Curtas do Rio de Janeiro de 2006 (de 30 de novembro a 10 de dezembro de 2006)- IV Curtocircuito – Festival Internacional de Curtametraxes de Santiago de Compostela: de 16 a 20 de outubro de 2007- 1º Festival de Vídeo Tela Digital: 2009,Não informado,,Curta-metragem
1934,180º,-,Brasil,2012,6,Gatacine Produções,Não informado,Não informado,,Curta-metragem
1935,CICLO,-,Brasil,2012,6,Gatacine Produções,Não informado,Não informado,,Curta-metragem
1937,Assunto de Família,-,Brasil,2010,12,TANGERINA ENTRETENIMENTO LTDA,"27ª Edición del Festival Internacional de Cine de Valencia Cinema Jove, 2012. Outfest -  LA Gay and Lesbian Film Festival, 2012. FEMINA - Festival Internacional de Cinema Feminino, 2012. Festival de Cinema de Maringá, 2012. Olhar de Cinema - Festival Internacional de Curitiba, 2012. The Hollywood Brazilian Film Festival, 2012. Mostra de Cinema de Tiradentes, 2012; . Festival de Cinema de Cartagena (Colômbia), 2012; . Festival international de Films de Femmes (França), 2012; . 15th Amsterdam Gay & Lesbian Film Festival, 2012; . Torino GLBT Film Festival, 2012; . Brisbane Queer Film Festival (Australia), 2012; . Frameline - San Francisco International LGBT Film Festival, 2011; . Festival Internacional de Curtas-Metragens de São Paulo, 2011; . Goiânia Mostra Curtas, 2011; . Festival do Rio, 2011; . Festival Internacional de Curtas do Rio de Janeiro - Curta Cinema, 2011; , Uppsala International Short Film Festival (Suécia), 2011; . 6ª Mostra Cinema e Direitos Humanos na América do Sul, 2011;. Festival Mix Brasil de Cinema da Diversidade Sexual, 2011; . Southwest Gay & Lesbian Film Festival (EUA), 2011.",. 22º Festival Internacional de Curtas-Metragens de São Paulo - 2011:Prêmio de melhor filme pelo Juri Popular - os 10 mais votados pelo públicoPrêmio de Aquisição do site Porta Curtas Curta Cinema: Festival Internacional de Curtas-Metragens do Rio de Janeiro - 2011 Prêmio de Aquisição do programa Onda Curta (Portugal/TV)Prêmio Especial do Juri. 19º Festival Mix Brasil da Diversidade sexual - 2011Melhor fotografia para Ale Samori,,Curta-metragem
1938,Dona Árvore ,-,Brasil,2011,10,Cocriativa Conteúdos Audiovisuais,Mostra de Cinema Infantil de FloripaMostra Internacional de Cinema Ambiental de GoiásCurta-SE SergipeMostra de Cinema Infantil de BlumenauCineEco SEIA Portugal,Não informado,2011-12-01,Curta-metragem
1939,Saltos Amazônicos,-,Brasil,2011,7,Cocriativa Conteúdos Audiovisuais,CineBH 2011Curta-SE SergipeCineEco SEIA PortugalMostra Cinema de Manaus,"CURTA-SE Sergipe, prêmio do júri popular.",,Curta-metragem
1940,O Mundo de Ulim e Oilut,-,Brasil,2011,13,TANGERINA ENTRETENIMENTO LTDA,11ª Mostra de Cinema Infantil de Florianópolis - 2012Rio de Janeiro International Short Film Festival – Generation Shows 15ª Mostra de Cinema de Tiradentes - Mostrinha de Cinema12ª Goiânia Mostra Curtas-ICUMAM,Não informado,,Curta-metragem
1941,Memórias do meu tio,-,Brasil,2011,13,O Quadro,"* CINEOP – 6° Mostra de CInema de Ouro Preto (MG)* 16° Festival Brasileiro de Cinema Universitário (FBCU 2011), sessão “Batizados Pelo Sal Grosso” (RJ)* Festival CHICO 2011(Palmas-TO)* Mostra Curto Encontro 2011 (Salvador-BA)* 4° Festival de Cinema de TRIUNFO (PE), * 2° CurtAmazônia – Mostra curta em todas as telas (Porto Velho-RN)* 4° CURTA TAQUARY, mostra “Olhares” (Taquaritinga do Norte/PE)* V Curta Cabo Frio (RJ)* 5ª Mostra CineBH – Mostra de Cinema de Belo Horizonte (MG)* 7° Curta Ourinhos (SP)* Noite Contemporânea CINE FEST (RJ e SC)* 6° Cinefantasy (SP)* 15° Mostra de Cinema de Tiradentes (MG)* 1° Festival de Cinema de Blumenau (SC)* 11ª Mostra de Cinema Infantil de Florianópolis (SC)* 7ª Mostra Mosca (MG)* 10º Festival Taguatinga de Cinema",* 7° CURTA OURINHOS Júri Popular de “Melhor filme da Mostra Infantil”,,Curta-metragem
1942,Vestígios do Tempo,-,Brasil,2009,19,Ronaldo Adriano Freitas Lima (prod. independente),"7º Festival de Cinema de Maringá (Maringá/PR, 2010)10º FAM – Florianópolis Audiovisual Mercosul (Florianópolis/SC, 2010)1º Curta Amazônia (Porto Velho/RO, 2010)Mostra Cineserra (Teatro O Bando – Palmela-Portugal, 2010)9º Santa Maria Vídeo e Cinema (Santa Maria/RS, 2010)4º Festival de Cinema na Floresta (Alta Floresta/MT, 2010)17º Festival de Cinema e Vídeo de Cuiabá (Cuiabá/MT, 2010)1º Mostra ABD Amazônia Legal (Belém/PA, 2010)1º Cine Festival Inconfidentes (Mariana/MG, 2010)V Festival de Cinema Tudo Sobre Mulheres (Chapada dos Guimarães/MT, 2010)1º Festival de Cinema de Cáceres (Cáceres/MT, 2011)Guará Festival de Cinema Ambiental – edição de Barra do Garças (Barra do Garças, 2011)","Prêmio de melhor cenário - 7º Festival de Cinema de Maringá (Maringá/PR, 2010)Melhor trilha - 1º Curta Amazônia (Porto Velho/RO, 2010)Melhor fotografia e Menção honrosa - 17º Festival de Cinema e Vídeo de Cuiabá (Cuiabá/MT, 2010)Prêmio de 3º melhor curta – Júri Popular - 1º Festival de Cinema de Cáceres (Cáceres/MT, 2011)",2009-12-17,Curta-metragem
1943,Arquitetura de Uma Ideia,-,Brasil,2011,24,Faculdade de Arquitetura e Urbanismo da USP,Não informado,Não informado,,Curta-metragem
1944,Mucambos do Nordeste,-,Brasil,2011,17,Faculdade de Arquitetura e Urbanismo da USP,Selecionado no CINESUL - F|estival Ibero-Americano de Cinema e Vídeo 2012,Não informado,,Curta-metragem
1945,Noturno,-,Brasil,2004,7,CTR-ECA-USP,"11º Vitória Cine-Vídeo, 37º Festival de Brasília do Cinema Brasileiro (Menção Honrosa), 3º Cine São Luís, Mostra do Filme Livre 2005 (Rio de Janeiro), Curta-SE 5, 15º Cine Ceará, 28º Festival Guarnicê de Cinema (Prêmio ABD Melhor Curta 16mm), III Festival de Escuelas de Cine Feisal, Cine PE 2005 (Pernambuco), 10º Festival Brasileiro de Cinema Universitário (Prêmio pela Contribuição Técnica), 33º Festival de Gramado (Melhor Filme e Melhor Direção em Curtas 16mm), 16º Fest. Internacional de Curtas de São Paulo, 4th International Student Film and Video Festival of Beijing Film Academy","- Melhor filme e Melhor direção para curta 16mm no 33º Festival de Gramado- Menção Honrosa no 37º Festival de Brasília do Cinema Brasileiro- Vencedor da etapa brasileira do Kodak Filmschool Competition 2004- Vencedor do prêmio ABC 2005 de melhor fotografia em filme universitário.- Prêmio de Contribuição Técnica no 10º Festival Brasileiro do Cinema   Universitário da UFF.- Troféu ABD-MA de Melhor Filme no 28º Guarnicê- Melhor Ficção – Competitiva Universitária - 9º Festival de Cinema, Vídeo e DCine de Curitiba- Melhor Trilha Sonora – Festival Primeiro Plano 2005- Prêmio do Júri do 2º Festival de Cinema Fantástico de Porto-Alegre- 1º Lugar no III Curta Vídeo Votorantim",,Curta-metragem
1946,Monte Verde,-,Brasil,2011,26,Faculdade de Arquitetura e Urbanismo da USP,"15th IFHP - International Housing an planning Film/Video Competition, Genebra, Suíça, setembro de 2006",2º lugar,,Curta-metragem
2010,Lá longe,Juliano Carpeggiani,Brasil,2011,15,RBS TV ,Não informado,Não informado,,Curta-metragem
2011,Todos os balões vão para o céu,Frederico Cabral,Brasil,2011,15,RBS TV,Não informado,Não informado,,Curta-metragem
2012,Pequena alma terna flutuante,Carlos Andr&eacute; Constantin,Brasil,2012,15,RBS TV ,Não informado,Não informado,,Curta-metragem
2014,O cangaceiro e o leão,Arnaldo Galv&atilde;o,Brasil,2010,13,Não informado,Não informado,Não informado,,Curta-metragem
1948,CUT pela base,Renato Tapaj&oacute;s,Brasil,1983,25,Tatu Filmes,Não informado,Não informado,,Curta-metragem
1949,Ao anoitecer o bosque já murmura,Eva Randolph,Brasil,2010,8,Eva Randolph e Sobretudo,Gandules - Cine al aire Libre Barcelona Festival Int. de Curtas de São Paulo 2010Mostra Goiânia 2010Festival Int. de Curtas do Rio de Janeiro 2010Mostra Cine Bh 2010Mola 2011,Não informado,,Curta-metragem
1950,Sobre o Resto dos Dias,-,Brasil,2010,17,Olho de Peixe,14ª Mostra de Cinema de Tiradentes (2011) | 8º Festival de Cinema de Maringá (2011) | 1º Festival Lume de Cinema (2011) | 6º Mostra Cortados - Brasil-Argentina (2011) | 5º Festival Cineport (2011) | 34º Festival Guarnicê de Cinema (2011) | 6º Encontro Nacional de Cinema e Vídeo dos Sertões (2011) | 7° Curta Canoa - Fest. Latino-Americano de Canoa Quebrada (2011),14ª Mostra de Cinema de Tiradentes (2011) | 8º Festival de Cinema de Maringá (2011) | 1º Festival Lume de Cinema (2011) | 6º Mostra Cortados - Brasil-Argentina (2011) | 5º Festival Cineport (2011) | 34º Festival Guarnicê de Cinema (2011) | 6º Encontro Nacional de Cinema e Vídeo dos Sertões (2011) | 7° Curta Canoa - Fest. Latino-Americano de Canoa Quebrada (2011),,Curta-metragem
1951,Volte Sempre,-,Brasil,2012,12,não há,inédito,Não informado,,Curta-metragem
2009,Tocaia para Tuco Valente,Evandro Goy e Jayme Freire,Brasil,2010,15,Filme Universitário,Não informado,Não informado,,Curta-metragem
1953,UMA NOITE,-,Brasil,2011,8,IMAGEM TEMPO PRODUÇÕES CINEMATOGRÁFICAS LTDA,"CineOp, Femina, Circuito 0º, 3rd Brazilian Film Festival of London, Jornada da Bahia (Prêmio de Melhor Som), LAKINO - 2nd Latin America Short Film Festival Berlin, 2º Cine Fest Brasil de Montevideo, Cine Rua Sete, 4º Cine Fest Brasil Buenos Aires, Festival Primeiro Plano, VII Curta Canoa, 5ª Mostra de Cinema de Tiradentes, Mostra do Filme Livre – Rio Festival Mulheres no Volante, 30º Festival Cinematográfico Internacional do Uruguai, Vivo Open Air SP","Prêmio de Melhor Som no Jornada da Bahia – Salvador, Brasil",,Curta-metragem
1954,Porn Karaoke,-,Brasil,2011,14,Pacto Audiovisual,7ª Mostra de Cinema de Ouro Preto 8o. FIC MONTERREY23° Festival Internacional de curtas-metragens de São Paulo 7ª edição do Festival cine MuBE Vitrine IndependenteCircuito Off Venice,Não informado,,Curta-metragem
1955,A DAMA DO ESTÁCIO,Eduardo Ades,Brasil,2012,22,IMAGEM TEMPO PRODUÇÕES CINEMATOGRÁFICAS LTDA,Não informado,Não informado,,Curta-metragem
1956,4:48 AM,Cristiano Burlan,Brasil,2005,15,Bela Filmes,17º  Festival Internacional de Curtas de São Paulo Mostra Vídeo Itaú Cultural (RJ e BH) ,Não informado,,Curta-metragem
1957,Iluminados,-,Brasil,2010,16,Filmes de Abril,22ª Mostra do Audiovisual Paulista - SP - filme de abertura4ª Cine Toro - ColombiaFestcineamazônia 2011 - Porto velho9º Festival de Cinema de Maringá 5º Festival de Cinema de Triunfo ,9º Festival de Cinema de Maringá - melhor roteiro5º Festival de Cinema de Triunfo - melhor fotografia,,Curta-metragem
1958,Os sons do divino e o espírito santo do silêncio,-,Brasil,2012,16,Filmes de Abril, 19º festival Internaciona de Video de Rosário  - ArgentinaI Mostra Competitiva Cine Santa Clara - PernambucoCineBrasil2012 - Estocolmo,Não informado,2012-09-13,Curta-metragem
1959,Folha em Branco,Iuli Gerbase,Brasil,2011,12,Besouro Filmes,Não informado,Não informado,,Curta-metragem
1960,Lucrécia,-,Brasil,2007,15,Bela Filmes,31ª Mostra Internacional de Cinema de São Paulo,Não informado,,Curta-metragem
1961,Os Solitários,-,Brasil,2005,15,Bela Filmes,"2a. Jornada Internacional de Cinema da Bahia, Festival AIC 2005 Academia Internacional de Cinema). ",melhor filme no Festival AIC 2005. ,,Curta-metragem
1962,Dona Hertha,Lu&iacute;s M&aacute;ario Fontoura,Brasil,2012,15,Besouro Filmes,Não informado,Não informado,,Curta-metragem
1963,À Luz de Schwanke ,-,Brasil,2008,8,Contraponto,Não informado,Não informado,,Curta-metragem
1964,Parabéns pra vc,-,Brasil,2011,6,O Quadro,*10º Festival Taguatinga de Cinema,Não informado,,Curta-metragem
1965,Leron mede os espaços,Daniel Ifanger,Brasil,2011,22,"Escola de Comunicações e Artes/Departamento de Cinema, Rádio e TV",Festival Internacional de Curtas-Metragens de São Paulo 2011;Mostra de Cinema de Tiradentes 2012;TAU Film Festival 2012;Festival LatinoAmericano de Cinema de São Paulo 2012;Festival Brasileiro de Cinema Universitário 2012,Cachaça Cinema Clube (Melhor filme juventude) - FBCUContribuição Técnica - FBCU,,Curta-metragem
1966,Garota Explosiva,-,Brasil,2012,13,O Quadro,23º Festival Internacional de Curtas de São Paulo – Curta Kinoforum (SP),Não informado,,Curta-metragem
1967,Surf Surf,Wellington Sari,Brasil,2012,17,O Quadro,* 23º Festival Internacional de Curtas de São Paulo – Curta Kinoforum (SP),Não informado,,Curta-metragem
1968,"Meio-dia, Isabela",-,Brasil,2011,7,O Quadro,"* 15ª Mostra de Cinema de Tiradentes, Mostra Panorama (MG)* Festival Visões Periféricas 2012, Mostra Informativa (RJ)* 23º Festival Internacional de Curtas de São Paulo – Curta Kinoforum (SP)* 10º Festival Taguatinga de Cinema",Não informado,,Curta-metragem
1969,O Fim do Recreio,-,Brasil,2012,17,Parabolé Educação e Cultura Ltda.,Não informado,"Vencedor da 11ª Mostra de Cinema Infantil de Florianópolis, escolhido pelo Júri Oficial e pelo Voto do Público Infantil. Prêmio Aquisição da TV Brasil.",,Curta-metragem
1970,Pequenos,-,Brasil,2012,14,O Quadro,Não informado,Não informado,,Curta-metragem
1971,Coloridos,Christopher Faust e Evandro Scorsin,Brasil,2011,12,O Quadro,"* 22º Festival Internacional de Curtas Metragens de São Paulo (2011)* 5ª Cine OP (2011)* 2º CURTAMAZÔNIA – Mostra curta em todas as telas (Porto Velho-RN)* VISÕES PERIFÉRICAS 2011 “Mostra Tá Ligado (não competitiva) (RJ)* 1º FAÇA – Festival Audiovisual Catarinense (Blumenau, Lages, Florianópolis/SC)* 11ª Mostra de Cinema Infantil de Florianópolis (Florianópolis/SC)* 10º Festival Taguatinga de Cinema",Não informado,,Curta-metragem
1978,Palavra Roubada,Mirela Kruel,Brasil,2009,18,Modus Produtora,* 37o. Festival de Gramado 2009 - Mostra Gaúcha* 1o. Cineamor 2010 - Nova Friburgo,Não informado,,Curta-metragem
1979,O MORRO DA GUERRA ETERNA ,-,Brasil,2011,6,REALEJO FILMES PRODUÇÕES ARTISTICAS E CINEMATOGRÁFICAS LTDA,-15&#730; Festival Cultura Inglesa (São Paulo | 2011)-1&#730; Festival Internacional Brasil Stop-motion (Recife | 2011)-11&#730; Mostra de Cinema Infantil de Florianópolis (Florianópolis | 2012)-10&#730; Curta Santos | Curta Matinê (Santos | 2012)-10&#730; Festival Internacional de Cinema Infantil (selecionado)-Licenciamento para TV e veiculação no canal GLOOB do sistema GLOBOSAT (prevista para 2012),Não informado,,Curta-metragem
1980,OXUMARÊ,-,Brasil,2010,10,Matuck & Yamaji Filmes,22ª Mostra do Audiovisual PaulistaV Festival Internacional de Cinema de Itu,Não informado,,Curta-metragem
1981,O Casamento de Mário e Fia,Paulo Halm,Brasil,2012,15,Guiza Produções Audiovisuais Ltda.,Não informado,Não informado,,Curta-metragem
1982,ANACHRONIQUE,-,Brasil,2011,15,DEL PICCHIA PRODUTORA E DISTRIBUIDORA DE FILMES PARA CINEMA E TELEVISÃO LTDA. - EPP,NENHUM,NENHUM,,Curta-metragem
1983,Memórias Externas de uma Mulher Serrilhada,Eduardo Kishimoto,Brasil,2011,15,Bola Oito Produções,"* Seleção Competitiva Oficial Curta Cinema 2011 (estréia mundial)* Seleção Competitiva Oficial do 15o Festival de Cinema Luso-Brasileiro de Santa Maria da Feira, Portugal* Seleção Competitiva Oficial da 15a Mostra de Cinema de Tiradentes* Seleção oficial CineGlobe Suíça 2012* Seleção Competitiva Oficial do 1o Olhar Internacional de Cinema de Curitiba* Seleção Competitiva Oficial do 2o Festival Lume de Cinema, São Luís MA* Seleção Competitiva Oficial da 7o CineOP* 6o Festival Cinemusica Conservatória/RJ",Melhor trilha sonora (Michelle Agnes) no 6o Festival Cinemusica Conservatória/RJ,,Curta-metragem
1984,"Uma, Duas Semanas",-,Brasil,2012,17,Buendía Filmes,"2º Festival Lume de Cinema (São Luiz, MA)9º Festival de Cinema de Maringá (Maringá, PR)FEMINA 2012 – Festival Internacional de Cinema Feminino (Rio de Janeiro, RJ)5º Festival de Cinema de Triunfo (Triunfo, PE)23º Festival Internacional de Curtas de São Paulo (São Paulo, SP)CURTA-SE 12 – Festival Iberoamericano de Cinema de Sergipe (Aracaju, SE)14ª Mostra Londrina de Cinema (Londrina, PR)12ª Goiânia Mostra Curtas (Goiânia, GO)Disseminação 7 – Mostra de Cinema e Videos Experimentais (Belo Horizonte, MG)",Não informado,,Curta-metragem
1985,"UM POUCO MAIS, UM POUCO MENOS",-,Brasil,2003,20,UM MINUTO MKT E PRODUCOES CULTURAIS LTDA,FESTIVAL DE BRASILIA 2004,-,,Curta-metragem
1986,As aventuras de Seu Euclides: Chegança,-,Brasil,2010,15,WG Produções,FaAmFestival – 1 Festical de Animação da Amazonas - Manaus-AMFestival Internacional de Televisão 2009 – Rio de Janeiro-RJI Curta Carajás –Parauapebas - PAII Mostra Diagonal de Vídeos – Terezina – PI6ª Mostra Cinema Popular Brasileiro – Nova Friburgo-RJMostra do Filme Livre 2010 - RJV Festival de Guararema 2010 - SP14º FAM – Florianopolis Audiovisual Mercosul - SCIII Curta Taquary - Taquaritinga do Norte – PE - 2010VI Mostra Produção Independente – 10 Anos da ABD Capixaba - ESCurta-se 2010 – Aracaju-SE – 1º lugar categoria Vídeos Sergipanos e Mensão Honrosa Vídeo categoria vídeo.VI Mostra Internacional Audiovisual – Imagem dos Povos – MG – 2010Goiamun audiovisual - 2010 – Natal – RNIª Mostra de Cinema Infantojuvenil de Blumenal - 20115ª Mostra de Cinema de Animação da Baixada Fluminense – 2011 – RJ2ª Mostra de Cinema de Paranavaí - PR1º Festival de Cinema Infanto juvenil – 2011 – PEExibição no programa “A TV que o Brasil está pensando” IETV TV Brasil 2012,Curta-se 2010 – Aracaju-SE – 1º lugar categoria Vídeos SergipanosCurta-se 2010 – Aracaju-SE –Mensão Honrosa categoria vídeo.,,Curta-metragem
1987,Um animal menor ,-,Brasil,2010,20,Okna Produções ,Não informado,Não informado,,Curta-metragem
1988,Volto logo,-,Brasil,2010,10,Okna Produções ,Não informado,Não informado,,Curta-metragem
1989,Melhor que aqui,-,Brasil,2010,11,Okna Produções ,Não informado,Não informado,,Curta-metragem
1990,O INCRIVEL SENHOR BLOIS,Nuno Cesar Abreu,Brasil,1984,12,NCA Produções Artísticas,- XVII Festival de Brasília do Cinema Brasileiro (1984)- I Fest Rio - Internacional - (1984) - sessão de encerramento- 35 FilmFest Berlin (1985) - em competição -- Melbourne Film Festival (1985) - em competição -,Melhor Filme de Curta-metragem ; Melhor DiretorMelhor Montagem ; Melhor Trilha sonoraMelhor Técnico de som - prêmios no XVII Festival de Brasília (1984),,Curta-metragem
1991,O caminho do confete,Jo Serfaty e Mariana kaufman,Brasil,2012,17,Fagulha Filmes,Seleção oficial do Festival do RioSeleção oficial do hot spring film festival,Não informado,,Curta-metragem
1992,32x78 - A RESPEITO DO MOVIMENTO CONSTITUCIONALISTA DE 1932,Nuno Cesar Abreu,Brasil,1978,30,NCA Produções Artísticas,- Festival Jornal do Brasil/Shell (1978),- Prêmio Estímulo à Realização de Filme de Curta-metragem da Secretaria de Cultura do Estado de São Paulo (1976),,Média-metragem
1993,A BODEGA DO VÉIO,-,Brasil,2008,6,ARRECIFE PRODUÇÕES CINEMATOGRAFICAS LTDA,Não informado,Não informado,,Curta-metragem
1994,JOIAS,-,Brasil,2008,10,ARRECIFE PRODUÇÕES CINEMATOGRAFICAS LTDA,Não informado,Não informado,,Curta-metragem
1995,ALAINDÊ XIRÊ ,-,Brasil,2008,10,ARRECIFE PRODUÇÕES CINEMATOGRAFICAS LTDA,Não informado,Não informado,,Curta-metragem
1996,PALAVRA ÚMIDA ,-,Brasil,2008,10,ARRECIFE PRODUÇÕES CINEMATOGRAFICAS LTDA,Não informado,Não informado,,Curta-metragem
1997,PATMOS,-,Brasil,2005,10,BACHIANA POLIS PRODUÇÕES LTDA,"- XXXII Jornada Internacional de Cinema da Bahia, Salvador/BA (2005)- 16. Festival Internacional de Curta-metragens de São Paulo, São Paulo/SP (2005)- Festival Internacional de Cortometrajes La Boca del Lobo, Madrid/Espanha (2005)- V Festival de Cinema Pan Africano – Salvador/BA (2005)- III Mostra Internacional de Cinema e Vídeo Ambiental, Porto Velho/RO (2005)- 19. Mostra do Audiovisual Paulista  - São Paulo/SP (2005)- Mostra Audiovisual Viaxes na Lusofonia - Santiago de Compostela – Espanha (20 a 22 de abril de 2006)- VII Fica – Festival de Cinema Ambiental: Mostra ABD – Goiás/GO (2006)- Mostra de Curta-metragem Fantástico – Ilha Comprida/SP (2006)- Mostra de filmes patrocinados pelo Ministério da Cultura, na Sala Cinemateca – São Paulo SP (2006)- 4° MUMIA – Mostra Competitiva Nacional – Belo Horizonte/MG (2006)- Baixada Animada – Segunda Mostra de Cinema de Animação da Baixada Fluminense – Rio de Janeiro (2007)- Programa ZOOM – TV Cultura. Exibido no dia 28 de julho de 2007. - Simposium 'Pobre Mundo Rico'. Projeção em diversas cidades da Espanha, listadas abaixo. (2007)VIGO Auditorio del Centro Social Caixanova Policarpo Sanz 24/26 (Excepto Actos 12, 13, 26, 27 Nov. que serán en: Auditorio do Centro Cultural Caixanova, Policarpo Sanz Nº 13)SANTIAGO Auditorio Facultad Ciencias de la Comunicación Campus Norte. Avda. Castelao s/n.A CORUÑA Centro Social Caixanova Avda. da Mariña, esquina FamaPONTEVEDRA Sala de Conferencias del Centro Social Caixanova c/ Augusto González Besada nº 2FERROL Ateneo Ferrolán Rúa Magdalena 202-204LUGO MULTIUSOS DA XUNTA DE GALICIA Ronda da Muralla, nº 70. Lugo.OURENSE Sala de Conferencias del Centro Social Caixanova Avda. de Pontevedra 9",Não informado,,Curta-metragem
1998,A Armada - o outro lado do descobrimento,-,Brasil,2007,14,Muiraquitã Filmes,Virada Cultural de São Paulo em 2009Baixada Animada 20093o Festival de Cinema Brasileiro e Latino do Paraná – 2008Mostra Curta Fantástico 200819o Festival internacional de Curtas-metragens de São Paulo 20087a Mostra de Cinema Infantil de Florianópolis 2008IV Prêmio FIESP/SESI do Cinema Paulista 2008ANIMAGE – 1° Festival Internacional de Cinema de Animação de Pernambuco -  200812ª Mostra de Cinema de Tiradentes – 20091° Festival do Juri PopularNa TV foi exibido no programa Animania da TV Brasil em 2011,Não informado,,Curta-metragem
1999,"A MENINA, O ESPANTALHO E O CURUPIRA",-,Brasil,2004,14,BACHIANA POLIS PRODUÇÕES LTDA,"- 3ª Mostra de Cinema Infantil de Florianópolis/SC (2005)- 19ª Mostra do Audiovisual Paulista  - São Paulo/SP (2005)- 9ª Mostra de Cinema de Tiradentes/MG (2006)- Feira/Mostra Audiovisual \""Viaxes na Lusofonia\"", 20 e 22 de abril em Santiago de Compostela, Espanha (2006)- TEIA - Mostra Conteúdo Brasil, organizada pela Secretaria Audiovisual do Ministério da Cultura, no Pavilhão da Bienal do Parque do Ibirapuera – São Paulo/SP (2006)- 2° CinePort, Festival de Cinema de Países de Língua Portuguesa, Sessão Andorinha Criança. Lagos, Portugal (2006)- 25ª Mostra de Cinema Brasileio de São Bernardo do Campo/SP (2006)- Indicado pela TVE – TV Educativa – para representar o Brasil no ? Prix Jeneuse (2006)- 17° Festival Internacional de Curta-metragens de São Paulo – São Paulo/SP (2006)- Cinemateca (2006)- Cine Sul – Festival de Cinema e Vídeo Latino Americano, Mostra Curta Criança – Rio de Janeiro/RJ (2006)- Festival de Cinema de Juiz de Fora: 5ª Edição do Primeiro Plano – Juiz de Fora/MG (2006)",Não informado,,Curta-metragem
2000,Estatuto Animado I,-,Brasil,2006,5,Estúdio F7 de Criação Ltda,"Baixada Animada/RJ 2007, Mostra Cariri/CE 2007 e Mostra Nacional de Vídeos em Saúde - FioCruz 2008",Não informado,,Curta-metragem
2001,CHÃO BATIDO,Nuno Cesar Abreu,Brasil,1980,10,NCA Produções Artísticas,Não informado,Não informado,,Curta-metragem
2002,ENCONTRO COM ADONIRAN,Nuno Cesar Abreu,Brasil,1980,12,NCA Produções Artísticas,Não informado,Não informado,,Curta-metragem
2003,MAD-MORÉ,-,Brasil,1982,14,NCA Produções Artísticas,- X Festival de Gramado - competição curta-metragem 16 mm. (1982)- VIII Jornada Baiana de curta-metragem (1982),VI Juri do CONCINE (aquisição/ampliação),,Curta-metragem
2004,O HOMEM DA ÁRVORE,-,Brasil,2007,19,GATO DO PARQUE,•Festival É Tudo Verdade 2007 – SP - COMPETIÇÃO DE CURTAS BRASILEIROS•Mostra MOSCA 2007- CAMBUQUIRA - MG•FESTIVAL DE CINEMA DE BELÉM 2007 – Competição •II FESTIVAL DE CINEMA LATINO AMERICANO DE SÃO PAULO – 2007•34ª JORNADA INTERNACIONAL DE CINEMA DA BAHIA- SALVADOR•FESTIVAL INTERNACIONAL DE  DOCUMENTÁRIOS DO IRAN - Cinema Vérité  Out-2007•FESTIVAL INTERNACIONAL DE CURTAS DO RIO DE JANEIRO - 2007.- COMPETIÇÃO NACIONAL•FESTIVAL DEL NUEVO CINE LATINOAMERICANO DE LA HABANA – CUBA - 2007•21º MOSTRA AUDIOVISUAL PAULISTA - 2007•MFL - 7ª MOSTRA DO FILME LIVRE - RJ - 2008 - Indicado na Categoria Filme Livre•INDICADO ao PRÊMIO VIVO RIO 2009 de Melhor Curta Documentário,•GRANDE PRÊMIO CANAL BRASIL DE CURTA-METRAGEM 2008•PRÊMIO AQUISIÇÃO CANAL BRASIL - FESTIVAL É TUDO VERDADE 2007 •MELHOR DOCUMENTÁRIO PELO JURI POPULAR - MOSTRA MOSCA 2007•PRÊMIO ABDEC/RJ DE MELHOR CURTA-METRAGEM NO FESTIVAL INTERNACIONAL DE CURTAS DO RIO 2007•INDICADO ao PRÊMIO VIVO RIO 2009 de Melhor Curta Documentário,2007-03-28,Curta-metragem
2005,"um, dois, três, vulcão",Miguel Ramos,Brasil,2012,19,CTR / ECA / USP,"Festival Brasileiro de Cinema Universitário, 2012",Destaque em Contribuição Artística,,Curta-metragem
2006,Peixe Vermelho,-,Brasil,2009,14,Bureau de Cinema e Artes Visuais Ltda,2011Zero Film Festival – New York13th Annual Milwaukee Short Film FestivalZero Film Festival – LondonSeattle True Independent Film FestivalBeverly Hills International Film Festival13th Boston Underground Film FestivalWashington DC Independent Film FestivalLatin American Film Series – University of Wisconsin – Milwaukee USA20105ª Mostra Curta Audiovisual de CampinasLoisada Cortos – Muestra de Cine Festival BrasilNoar – Barcelona17º Festival de Cinema e Video de CuiabáLady Filmmakers Film Festival Los Angeles10º Santa Maria Cinema e Video3º Festival Entretodos – São PauloSan Francisco International Film Festival of Short Films38º Festival de Cinema de Gramado,"17º Festival de Cinema e Video de Cuiabá (Menção Honrosa)Lady Filmmakers Film Festival Los Angeles (Prêmio Especial do Júri)38º Festival de Cinema de Gramado (Melhor Produtor/Produção Executiva, Melhor Fotografia, Melhor Música, Melhor Edição de Som)",,Curta-metragem
2007,"Capital, SP",-,Brasil,2011,9,Marco Pasquini,Não informado,Não informado,2011-06-24,Curta-metragem
2008,Turma da Vida,-,Brasil,2011,6,Drachinski Estúdio,Não informado,Não informado,,Curta-metragem
2013,"Batuta, o ratinho aventureiro","Alex Teix, Ricardo Gelain e Rosario Boyer",Brasil,2010,3,Não informado,Não informado,Não informado,,Curta-metragem
2032,Lápis,-,Brasil,2012,2,Não informado,Não informado,Não informado,,Curta-metragem
2033,"Luz, camêra e animação",-,Brasil,2011,2,Não informado,Não informado,Não informado,,Curta-metragem
2034,Malu maluca,-,Brasil,2011,13,Não informado,Não informado,Não informado,,Curta-metragem
2035,"Meu amigo, meu avô",-,Brasil,2011,11,Não informado,Não informado,Não informado,,Curta-metragem
2036,Mr. Burguer,-,Brasil,2011,3,Não informado,Não informado,Não informado,,Curta-metragem
2037,O que acontece na sala do diretor?,-,Brasil,2011,13,Não informado,Não informado,Não informado,,Curta-metragem
2038,Oligoquê,-,Brasil,2012,12,Não informado,Não informado,Não informado,,Curta-metragem
2039,On line: O msn da minha melhor amiga,-,Brasil,2011,12,Não informado,Não informado,Não informado,,Curta-metragem
2040,A patrulha do xixi no banho,-,Brasil,2011,9,Não informado,Não informado,Não informado,,Curta-metragem
2041,Pentimentos,-,Brasil,2012,6,Não informado,Não informado,Não informado,,Curta-metragem
2042,Play (Brincando),-,Brasil,2011,7,Não informado,Não informado,Não informado,,Curta-metragem
2043,Por que Heloisa?,-,Brasil,2011,11,Não informado,Não informado,Não informado,,Curta-metragem
2044,Raspa tacho,-,Brasil,2011,4,Não informado,Não informado,Não informado,,Curta-metragem
2045,Reciclando a vida,-,Brasil,2008,8,Não informado,Não informado,Não informado,,Curta-metragem
2046,O resgate do lobisomen,-,Brasil,2012,8,Não informado,Não informado,Não informado,,Curta-metragem
2047,Sem energia,-,Brasil,2011,4,Não informado,Não informado,Não informado,,Curta-metragem
2048,Ser criança em Campo Grande: Um documentário animado,-,Brasil,2012,6,Não informado,Não informado,Não informado,,Curta-metragem
2049,Um sol de jacaré,-,Brasil,2011,22,Não informado,Não informado,Não informado,,Curta-metragem
2050,Sonho de guri: caindo na real,-,Brasil,2011,17,Não informado,Não informado,Não informado,,Curta-metragem
2051,A varinha mágica,-,Brasil,2012,6,Não informado,Não informado,Não informado,,Curta-metragem
2052,Vovó tá na cozinha,-,Brasil,2012,3,Não informado,Não informado,Não informado,,Curta-metragem
2053,Zarah,-,Brasil,2012,16,Não informado,Não informado,Não informado,,Curta-metragem
2066,"A vila, o meu lugar",-,Brasil,2011,10,Não informado,Não informado,Não informado,,Curta-metragem
2067,Antes que o verão acabe,Mar&iacute;lia Nogueira ,Brasil,2012,16,Não informado,Não informado,Não informado,,Curta-metragem
2068,Arara rara,-,Brasil,2010,11,Não informado,Não informado,Não informado,,Curta-metragem
2069,As aventuras de Poti & Anda-Luz,-,Brasil,2011,4,Não informado,Não informado,Não informado,,Curta-metragem
2070,Banjo e viola,-,Brasil,2011,3,Não informado,Não informado,Não informado,,Curta-metragem
2071,Baratas,-,Brasil,2012,18,Não informado,Não informado,Não informado,,Curta-metragem
2072,Bud's songs time,-,Brasil,2012,4,Não informado,Não informado,Não informado,,Curta-metragem
2073,Lacrimosa,Aloysio Raulino,Brasil,1970,12,Não informado,Não informado,Não informado,,Curta-metragem
2074,Cadê meu rango?,-,Brasil,2012,4,Não informado,Não informado,Não informado,,Curta-metragem
2075,O tigre e a gazela,Aloysio Raulino,Brasil,1976,14,Não informado,Não informado,Não informado,,Curta-metragem
2076,Comparativo entre as espécies,-,Brasil,2010,7,Não informado,Não informado,Não informado,,Curta-metragem
2077,Destimação,-,Brasil,2012,13,Não informado,Não informado,Não informado,,Curta-metragem
2078,O porto de Santos,-,Brasil,2012,9,Não informado,Não informado,Não informado,,Curta-metragem
2079,Do lado de fora,-,Brasil,2012,20,Não informado,Não informado,Não informado,,Curta-metragem
2080,A garça Graça,-,Brasil,2010,5,Não informado,Não informado,Não informado,,Curta-metragem
2081,As folhas,-,Brasil,2011,14,Não informado,Não informado,Não informado,,Curta-metragem
2082,Murilo Mendes: a poesia em pânico,-,Brasil,1971,21,Não informado,Não informado,Não informado,,Curta-metragem
2083,O guitarrista no telhado,-,Brasil,2011,12,Não informado,Não informado,Não informado,,Curta-metragem
2084,Jornal da criança,-,Brasil,2011,6,Não informado,Não informado,Não informado,,Curta-metragem
2085,O macaco e o rabo,-,Brasil,2011,8,Não informado,Não informado,Não informado,,Curta-metragem
2086,O nascimento do poeta,-,Brasil,2011,12,Não informado,Não informado,Não informado,,Curta-metragem
2087,Rap consciente,-,Brasil,2010,6,Não informado,Não informado,Não informado,,Curta-metragem
2088,Realejo,-,Brasil,2011,13,Não informado,Não informado,Não informado,,Curta-metragem
2089,Regando bigodes,-,Brasil,2010,11,Não informado,Não informado,Não informado,,Curta-metragem
2090,O reino do chocolate,-,Brasil,2011,5,Não informado,Não informado,Não informado,,Curta-metragem
2091,Sonho de menina,-,Brasil,2012,4,Não informado,Não informado,Não informado,,Curta-metragem
2092,A vida no mangue,-,Brasil,2010,7,Não informado,Não informado,Não informado,,Curta-metragem
